# Curvature-length line (length weight 0.0005 /m², exact linearisation) in the TUM corridor (Austin) widened by 1 m per side, 0.75 m margin (models/raceline.py)
# x_m,y_m
-3.703647,-2.083483
0.265867,-5.119642
4.235568,-8.155734
8.205443,-11.191784
12.175478,-14.227817
16.145631,-17.263833
20.115838,-20.299811
24.086060,-23.335749
28.056290,-26.371666
32.026514,-29.407576
35.996725,-32.443492
39.966912,-35.479428
43.937065,-38.515393
47.907177,-41.551399
51.877241,-44.587456
55.847249,-47.623572
59.817195,-50.659756
63.787075,-53.696017
67.756881,-56.732361
71.726607,-59.768794
75.696250,-62.805323
79.665807,-65.841955
83.635271,-68.878694
87.604640,-71.915544
91.573909,-74.952512
95.543076,-77.989601
99.512137,-81.026816
103.481090,-84.064161
107.449930,-87.101638
111.418657,-90.139251
115.387268,-93.177004
119.355758,-96.214899
123.324128,-99.252940
127.292375,-102.291130
131.260496,-105.329471
135.228490,-108.367965
139.196354,-111.406615
143.164087,-114.445424
147.131687,-117.484394
151.099151,-120.523527
155.066484,-123.562830
159.033686,-126.602307
163.000757,-129.641961
166.967693,-132.681795
170.934494,-135.721809
174.901157,-138.762009
178.867680,-141.802395
182.834063,-144.842970
186.800302,-147.883738
190.766393,-150.924700
194.732337,-153.965860
198.698132,-157.007221
202.663773,-160.048787
206.629258,-163.090560
210.594585,-166.132545
214.559751,-169.174745
218.524752,-172.217165
222.489586,-175.259808
226.454247,-178.302680
230.418734,-181.345786
234.383041,-184.389132
238.347164,-187.432722
242.311099,-190.476563
246.274839,-193.520662
250.238381,-196.565026
254.201717,-199.609662
258.164843,-202.654580
262.127751,-205.699789
266.090432,-208.745296
270.052879,-211.791113
274.015085,-214.837253
277.977040,-217.883726
281.938732,-220.930545
285.900153,-223.977725
289.861291,-227.025281
293.822132,-230.073230
297.782664,-233.121589
301.742870,-236.170376
305.702736,-239.219615
309.662246,-242.269326
313.621379,-245.319535
317.580117,-248.370266
321.538436,-251.421548
325.496316,-254.473412
329.453730,-257.525893
333.410649,-260.579023
337.367046,-263.632843
341.322890,-266.687395
345.278143,-269.742723
349.232770,-272.798876
353.186731,-275.855908
357.139981,-278.913876
361.092475,-281.972842
365.044160,-285.032871
368.994980,-288.094037
372.944878,-291.156418
376.893789,-294.220100
380.841641,-297.285171
384.788361,-300.351733
388.733866,-303.419893
392.678068,-306.489766
396.620872,-309.561477
400.562173,-312.635163
404.501861,-315.710970
408.439816,-318.789057
412.375897,-321.869590
416.309972,-324.952761
420.241935,-328.038809
424.171427,-331.127798
428.097649,-334.219474
432.019996,-337.313763
435.938283,-340.410953
439.851836,-343.510976
443.760490,-346.614206
447.667163,-349.723517
451.573873,-352.826505
455.472746,-355.903095
459.450201,-359.006729
463.723033,-362.283523
468.356086,-365.743716
473.020855,-369.103593
477.358509,-372.102505
481.501031,-374.848292
485.723427,-377.519697
490.060653,-380.117098
494.515175,-382.616722
499.218388,-385.054797
504.344061,-387.391748
509.921087,-389.453633
515.905319,-391.002455
522.668960,-391.774032
530.751968,-390.921070
539.032590,-386.919007
544.935033,-379.508163
547.231149,-370.828021
547.107028,-363.259384
546.140350,-357.326417
544.919172,-352.307880
543.474281,-347.442751
541.858400,-342.623453
540.154836,-337.868491
538.386730,-333.152674
536.560335,-328.466114
534.683458,-323.805233
532.762416,-319.164184
530.804001,-314.539454
528.815244,-309.928837
526.802830,-305.329856
524.773204,-300.739931
522.732676,-296.156521
520.687452,-291.577083
518.643672,-286.999060
516.607457,-282.419898
514.584952,-277.837035
512.582375,-273.247918
510.606061,-268.650000
508.662492,-264.040704
506.758354,-259.417451
504.900678,-254.777885
503.096687,-250.119383
501.353347,-245.437593
499.678043,-240.727675
498.079048,-235.985269
496.565085,-231.204754
495.147523,-226.386132
493.842312,-221.545663
492.665519,-216.707470
491.629632,-211.892816
490.743741,-207.120506
490.011461,-202.388788
489.435362,-197.681527
489.021719,-192.996677
488.777772,-188.337788
488.711247,-183.690089
488.834706,-179.027315
489.166107,-174.343509
489.703793,-169.650080
490.444405,-164.964364
491.382286,-160.305793
492.511625,-155.686552
493.827891,-151.112800
495.327095,-146.590735
497.005470,-142.127307
498.859564,-137.729621
500.887081,-133.403274
503.085334,-129.155965
505.441987,-125.011490
507.937031,-120.998938
510.555493,-117.132009
513.287960,-113.414091
516.138935,-109.809547
519.150264,-106.252382
522.347760,-102.712304
525.720899,-99.203126
529.247108,-95.745907
532.895184,-92.363296
536.638997,-89.067432
540.465568,-85.856410
544.365324,-82.725412
548.328702,-79.669921
552.346986,-76.685063
556.412470,-73.765581
560.518334,-70.905998
564.658627,-68.100672
568.828665,-65.343560
573.024838,-62.628377
577.243699,-59.949154
581.481786,-57.300273
585.735696,-54.676354
590.002063,-52.072207
594.277565,-49.482782
598.558928,-46.903122
602.842962,-44.328300
607.126633,-41.753336
611.406984,-39.173205
615.681030,-36.582855
619.945724,-33.977183
624.197928,-31.351011
628.434370,-28.699062
632.651605,-26.015940
636.845977,-23.296102
641.013578,-20.533838
645.150195,-17.723243
649.251268,-14.858197
653.311849,-11.932317
657.326499,-8.938964
661.289056,-5.871352
665.193434,-2.721809
669.033397,0.518292
672.788401,3.845696
676.413945,7.231734
679.865884,10.638493
683.117441,14.034773
686.178347,17.422329
689.113385,20.872636
691.970134,24.459174
694.761022,28.181494
697.489370,32.026001
700.164093,35.983967
702.796911,40.048645
705.400030,44.211596
707.984381,48.459018
710.560077,52.771761
713.137239,57.126866
715.726258,61.498984
718.337807,65.861858
720.982498,70.189393
723.669598,74.455167
726.405883,78.632324
729.195188,82.694597
732.037726,86.616836
734.930772,90.377060
737.871477,93.960112
740.857875,97.357434
743.898716,100.574960
747.055542,103.665253
750.426819,106.689109
754.036015,109.675396
757.858639,112.615609
761.860031,115.505734
766.001872,118.350679
770.242208,121.162231
774.538326,123.958479
778.845173,126.759964
783.094784,129.572775
787.193555,132.379219
791.056739,135.150856
794.661875,137.884673
798.160767,140.712485
801.723414,143.826524
805.242763,147.222044
808.450991,150.689753
811.246500,154.085989
813.773562,157.548661
816.172965,161.233029
818.457992,165.167648
820.618537,169.344784
822.645166,173.743678
824.530790,178.325197
826.277776,183.043493
827.898890,187.853160
829.415400,192.713344
830.854810,197.591696
832.247007,202.460716
833.621555,207.294446
835.006456,212.068812
836.427286,216.762405
837.906485,221.356453
839.463158,225.835134
841.119388,230.200657
842.909376,234.483717
844.869232,238.703548
847.024885,242.844783
849.367949,246.899221
851.891224,250.860967
854.587445,254.723781
857.448987,258.480908
860.468472,262.126020
863.641022,265.655381
866.964330,269.066741
870.435510,272.355677
874.050486,275.515657
877.804657,278.539137
881.692710,281.417655
885.708779,284.142146
889.847298,286.703544
894.100325,289.091246
898.451871,291.291233
902.884076,293.290970
907.385020,295.082460
911.943657,296.658734
916.547180,298.012875
921.182215,299.138730
925.834550,300.030986
930.490709,300.685521
935.148767,301.099548
939.815728,301.267943
944.487498,301.181447
949.148649,300.829805
953.785152,300.232308
958.387614,299.408037
962.949822,298.375353
967.465268,297.152540
971.937089,295.762162
976.401071,294.213379
980.897583,292.508233
985.433221,290.659783
990.002479,288.689014
994.588763,286.626129
999.163787,284.510996
1003.718071,282.377114
1008.263554,280.247901
1012.814496,278.145269
1017.385194,276.091131
1021.988495,274.108509
1026.634703,272.222262
1031.333888,270.458289
1036.096939,268.843637
1040.934808,267.407564
1045.857461,266.182747
1050.880620,265.205341
1056.018590,264.519694
1061.248686,264.181123
1066.460077,264.237785
1071.156007,264.639162
1074.949312,265.192722
1078.643721,265.922450
1082.859529,267.022824
1087.271294,268.507415
1091.614359,270.311925
1095.876940,272.416588
1100.055498,274.803498
1104.133726,277.443997
1108.104037,280.308661
1111.960395,283.363862
1115.701748,286.575023
1119.338819,289.915105
1122.887671,293.361959
1126.360888,296.890190
1129.766521,300.469063
1133.116459,304.071584
1136.428661,307.678371
1139.723129,311.273846
1143.023105,314.847188
1146.355752,318.392017
1149.751137,321.903548
1153.260558,325.393928
1156.957941,328.884884
1160.858186,332.327516
1164.890282,335.603330
1168.942681,338.596206
1172.941714,341.258917
1176.916233,343.627063
1180.906376,345.731853
1184.915075,347.576127
1188.965133,349.167737
1193.128132,350.518511
1197.456233,351.619330
1201.946089,352.431909
1206.561779,352.911659
1211.218644,353.022273
1215.818694,352.754393
1220.303512,352.121292
1224.644762,351.143032
1228.856586,349.827132
1232.962352,348.161842
1236.963120,346.176761
1240.862112,343.918717
1244.679287,341.428376
1248.454426,338.734773
1252.242597,335.858091
1256.109984,332.818299
1260.203180,329.591459
1264.590140,326.261677
1268.748567,323.349954
1272.315814,321.080861
1275.694280,319.131189
1279.198058,317.327822
1282.958429,315.665193
1287.065485,314.145743
1291.553625,312.814775
1296.408268,311.735654
1301.546371,310.969834
1306.810288,310.548373
1312.031150,310.450979
1317.108582,310.621262
1322.075250,311.005127
1327.008456,311.569866
1331.935371,312.290352
1336.864232,313.142241
1341.789325,314.098836
1346.698108,315.130932
1351.591387,316.211595
1356.476108,317.315623
1361.353518,318.437777
1366.222877,319.580095
1371.083625,320.744781
1375.935224,321.934189
1380.778298,323.151130
1385.614471,324.398901
1390.444173,325.680764
1395.266581,326.999917
1400.080804,328.359805
1404.885961,329.764179
1409.681041,331.217089
1414.464900,332.722922
1419.236266,334.286443
1423.993744,335.912856
1428.735795,337.607853
1433.460600,339.377645
1438.165851,341.228949
1442.849300,343.169306
1447.508266,345.207023
1452.138409,347.350728
1456.745848,349.615682
1461.290529,351.994700
1465.483385,354.328475
1469.027744,356.405830
1472.353112,358.441416
1476.037695,360.808236
1480.001697,363.495943
1484.028511,366.382269
1488.064202,369.433586
1492.071292,372.619172
1496.003032,375.892715
1499.843947,379.227541
1503.603551,382.617939
1507.291510,386.060205
1510.915405,389.550297
1514.482500,393.085157
1517.999027,396.661813
1521.470445,400.277413
1524.901379,403.928984
1528.295048,407.612632
1531.654211,411.324404
1534.982185,415.061376
1538.282264,418.821016
1541.557459,422.600849
1544.810612,426.398530
1548.044434,430.211852
1551.261512,434.038715
1554.464320,437.877102
1557.655242,441.725074
1560.836589,445.580759
1564.010608,449.442334
1567.179048,453.308378
1570.342525,457.178393
1573.501623,461.051905
1576.656895,464.928464
1579.808870,468.807641
1582.958056,472.689023
1586.104945,476.572215
1589.250010,480.456832
1592.393714,484.342499
1595.536512,488.228852
1598.678849,492.115527
1601.821170,496.002167
1604.963917,499.888416
1608.107534,503.773914
1611.252470,507.658298
1614.399182,511.541202
1617.548137,515.422248
1620.699814,519.301048
1623.854709,523.177202
1627.013338,527.050296
1630.176238,530.919894
1633.343965,534.785532
1636.517140,538.646764
1639.696463,542.503174
1642.882652,546.354293
1646.076419,550.199553
1649.278515,554.038350
1652.489750,557.870042
1655.710993,561.693945
1658.943171,565.509326
1662.187286,569.315399
1665.444413,573.111320
1668.715713,576.896183
1672.002447,580.669023
1675.300694,584.432990
1678.606592,588.191181
1681.916534,591.946902
1685.226667,595.703152
1688.531958,599.461590
1691.831941,603.229135
1695.133424,607.031183
1698.442190,610.893726
1701.752495,614.831959
1705.052214,618.856224
1708.309461,622.954219
1711.485349,627.102632
1714.534242,631.294592
1717.367176,635.522040
1720.021952,639.976317
1722.640350,645.284778
1724.873950,651.957952
1725.685306,659.684666
1724.240615,667.460270
1720.359452,674.457801
1714.015941,679.996190
1706.432408,682.954225
1699.727323,683.802782
1694.012462,683.685093
1688.506799,683.008359
1683.087334,681.888166
1677.857431,680.457642
1672.806285,678.826176
1667.898766,677.065537
1663.111448,675.238511
1658.424440,673.399701
1653.804296,671.590246
1649.197151,669.818572
1644.569522,668.069205
1639.920372,666.339804
1635.253618,664.629994
1630.570040,662.938320
1625.870552,661.263487
1621.156050,659.604301
1616.427668,657.959745
1611.689793,656.329996
1606.947794,654.715592
1602.203344,653.115855
1597.456304,651.529585
1592.706835,649.955783
1587.955242,648.393580
1583.201762,646.842168
1578.446632,645.300807
1573.690098,643.768831
1568.932398,642.245631
1564.173768,640.730655
1559.414429,639.223400
1554.654600,637.723411
1549.894474,636.230271
1545.134213,634.743597
1540.374034,633.263062
1535.614129,631.788369
1530.853874,630.319006
1526.091994,628.854297
1521.327918,627.393819
1516.561744,625.937386
1511.793543,624.484829
1507.023321,623.035988
1502.251097,621.590727
1497.476895,620.148937
1492.700736,618.710527
1487.922635,617.275426
1483.142608,615.843581
1478.360669,614.414962
1473.576825,612.989554
1468.791081,611.567365
1464.003449,610.148427
1459.213907,608.732782
1454.422403,607.320486
1449.629172,605.911705
1444.834824,604.506733
1440.039721,603.105817
1435.243816,601.709107
1430.447025,600.316770
1425.649308,598.929010
1420.850615,597.546061
1416.050849,596.168171
1411.249913,594.795620
1406.448091,593.428830
1401.645972,592.068345
1396.843772,590.714634
1392.041360,589.368107
1387.238605,588.029218
1382.435376,586.698463
1377.631553,585.376392
1372.827100,584.063625
1368.021472,582.760691
1363.213375,581.466562
1358.401720,580.180332
1353.586553,578.901460
1348.768110,577.629504
1343.946499,576.364032
1339.121821,575.104656
1334.294190,573.851030
1329.463708,572.602843
1324.630468,571.359820
1319.794557,570.121717
1314.956053,568.888322
1310.115025,567.659453
1305.271533,566.434953
1300.425631,565.214696
1295.577378,563.998587
1290.726747,562.786534
1285.873694,561.578473
1281.018999,560.374567
1276.164108,559.175171
1271.309674,557.980463
1266.455628,556.790470
1261.601921,555.605252
1256.748571,554.424913
1251.895579,553.249583
1247.042931,552.079414
1242.190610,550.914590
1237.338595,549.755323
1232.486850,548.601856
1227.635331,547.454461
1222.783985,546.313444
1217.932739,545.179145
1213.081468,544.051929
1208.230127,542.932221
1203.378768,541.820511
1198.526489,540.716167
1193.670850,539.618260
1188.810332,538.526128
1183.945037,537.439522
1179.075179,536.358251
1174.200830,535.282131
1169.322116,534.211027
1164.439008,533.144802
1159.551451,532.083350
1154.661021,531.026951
1149.770630,529.976193
1144.881597,528.931345
1139.993783,527.892394
1135.107098,526.859372
1130.221575,525.832370
1125.337232,524.811510
1120.454165,523.796968
1115.572024,522.788859
1110.689443,521.787131
1105.805221,520.791815
1100.919198,519.803197
1096.031404,518.821644
1091.141752,517.847546
1086.250153,516.881336
1081.356528,515.923500
1076.460790,514.974575
1071.562844,514.035149
1066.662808,513.104716
1061.760787,512.182820
1056.856871,511.269060
1051.951142,510.363081
1047.043669,509.464575
1042.134516,508.573281
1037.223719,507.688977
1032.311342,506.811491
1027.397593,505.940718
1022.482701,505.076597
1017.566719,504.219077
1012.649646,503.368139
1007.731488,502.523804
1002.812246,501.686136
997.891914,500.855236
992.970476,500.031249
988.047914,499.214357
983.124202,498.404790
978.199306,497.602820
973.273189,496.808764
968.345806,496.022989
963.417104,495.245911
958.487028,494.477999
953.555513,493.719778
948.622529,492.971579
943.688243,492.232682
938.752830,491.502426
933.816421,490.780197
928.879117,490.065425
923.941010,489.357586
919.002188,488.656197
914.062725,487.960815
909.122692,487.271030
904.182149,486.586467
899.241150,485.906780
894.299743,485.231654
889.357969,484.560799
884.415866,483.893950
879.473462,483.230864
874.530771,482.571320
869.587839,481.915117
864.644708,481.262075
859.701073,480.611986
854.756323,479.964620
849.810184,479.319809
844.862693,478.677441
839.913881,478.037418
834.963751,477.399652
830.012315,476.764072
825.059587,476.130617
820.105582,475.499242
815.150312,474.869913
810.193787,474.242608
805.236019,473.617318
800.277013,472.994046
795.316772,472.372806
790.355312,471.753627
785.392607,471.136544
780.428587,470.521600
775.463573,469.908902
770.498455,469.298636
765.533804,468.690962
760.569607,468.085984
755.605806,467.483814
750.642398,466.884587
745.679377,466.288454
740.716729,465.695583
735.754443,465.106161
730.792509,464.520394
725.830913,463.938511
720.869641,463.360759
715.908681,462.787414
710.948017,462.218773
705.987617,461.655161
701.027467,461.096933
696.067623,460.544483
691.107949,459.997256
686.147605,459.454646
681.185830,458.916078
676.222588,458.381037
671.257990,457.848998
666.292073,457.319415
661.324872,456.791722
656.356436,456.265346
651.386811,455.739700
646.416045,455.214185
641.444187,454.688184
636.471295,454.161065
631.497422,453.632171
626.522586,453.100814
621.546901,452.566279
616.570681,452.027834
611.593360,451.484591
606.614444,450.935601
601.642601,450.380846
596.702421,449.747913
591.809504,448.963186
586.973901,447.953893
582.172544,446.633852
577.329425,444.866131
572.454397,442.467445
567.738372,439.270989
563.397892,435.067599
560.043670,430.243776
558.437282,427.169694
557.655470,425.502822
556.703228,423.315686
555.691910,420.684739
554.700146,417.579581
553.651236,412.323735
553.596744,406.217253
554.571648,400.673029
556.235957,395.603440
558.403768,390.893218
560.947166,386.478687
563.773882,382.296686
566.806957,378.291861
569.976522,374.412629
573.258999,370.641158
576.639791,366.964287
580.107936,363.367164
583.654439,359.834889
587.269057,356.355095
590.940933,352.916586
594.659566,349.508086
598.414553,346.118279
602.195278,342.735938
605.990846,339.349814
609.790093,335.948516
613.580483,332.521379
617.347467,329.059067
621.075575,325.552702
624.748934,321.993530
628.351261,318.373036
631.866023,314.682881
635.276445,310.914928
638.565553,307.061156
641.716832,303.112589
644.713952,299.058821
647.538915,294.889518
650.170924,290.595562
652.563403,286.152711
654.667592,281.529082
656.421765,276.694791
657.743449,271.637285
658.536185,266.251167
658.617021,260.516595
657.949529,255.230620
656.895341,250.935532
655.566654,247.079620
653.992273,243.505709
652.372187,240.452271
650.704423,237.725201
648.667067,234.818235
645.855289,231.459017
641.859461,227.784940
636.808708,224.566502
631.440292,222.401696
626.293899,221.206898
621.402895,220.690759
616.567240,220.683197
611.715796,221.129749
606.830378,222.030010
601.862400,223.415259
596.830079,225.322023
591.859199,227.730115
587.105288,230.544270
582.700709,233.611010
578.747316,236.739942
575.329492,239.719184
572.486825,242.371644
570.002264,244.804942
567.354438,247.515174
564.286793,250.824622
560.969768,254.633200
557.624320,258.726652
554.395458,262.907769
551.314590,267.085323
548.351987,271.247338
545.479593,275.387168
542.687435,279.477502
539.979716,283.474271
537.355983,287.345936
534.807194,291.080679
532.263981,294.759331
529.601158,298.546338
526.758092,302.499354
523.751637,306.558228
520.623160,310.630891
517.429591,314.615701
514.198993,318.461288
510.923527,322.165765
507.593243,325.729531
504.194610,329.155475
500.700238,332.456350
497.072278,335.646260
493.241298,338.751479
489.093844,341.803448
484.594011,344.742697
479.849832,347.420887
475.019956,349.714840
470.206689,351.584641
465.312406,353.072120
460.171802,354.179567
454.843592,354.814548
449.442926,354.898728
443.401449,354.240086
436.243666,351.635803
430.244657,345.698407
427.786647,338.434574
427.777261,331.688280
429.117514,325.559223
431.178758,320.080288
433.516605,315.211628
435.930817,310.736645
438.387034,306.377640
440.922020,302.045616
443.520686,297.749967
446.172298,293.492093
448.871664,289.265046
451.612249,285.064924
454.387444,280.888500
457.191253,276.732092
460.017929,272.592058
462.861888,268.464844
465.717710,264.346910
468.580093,260.234735
471.443802,256.124806
474.303645,252.013602
477.154375,247.897655
479.990667,243.773524
482.807391,239.637327
485.599456,235.484858
488.361117,231.312544
491.086072,227.117264
493.767908,222.895629
496.400103,218.643869
498.975951,214.357807
501.488649,210.032514
503.931121,205.662309
506.294453,201.243411
508.566683,196.776844
510.734546,192.266242
512.784831,187.715849
514.703799,183.132455
516.477655,178.525687
518.093682,173.906511
519.541179,169.285205
520.810317,164.675680
521.890868,160.106213
522.777206,155.609663
523.470732,151.212592
523.979580,146.919235
524.316143,142.640599
524.489139,138.250584
524.484644,133.713339
524.284655,129.054512
523.875136,124.306574
523.246837,119.503384
522.394754,114.675993
521.316416,109.849041
520.012391,105.047954
518.490022,100.308175
516.759225,95.657430
514.825044,91.104271
512.692380,86.658065
510.378761,82.349907
507.915090,78.221228
505.335411,74.302491
502.671095,70.609249
499.918860,67.110159
497.030768,63.736674
493.968181,60.456218
490.725635,57.264343
487.278387,54.144162
483.575992,51.068542
479.615352,48.059545
475.454325,45.176859
471.162812,42.468714
466.793988,39.956892
462.361887,37.634818
457.860060,35.487927
453.279221,33.505315
448.606954,31.679448
443.843455,30.011215
439.011417,28.509352
434.146907,27.183181
429.294201,26.038894
424.500311,25.077304
419.807807,24.292803
415.252747,23.674478
410.819520,23.204205
406.364283,22.856345
401.748431,22.626706
396.960238,22.530968
392.034871,22.586380
387.056923,22.802797
382.138642,23.175065
377.337716,23.689142
372.653537,24.333357
368.016081,25.111154
363.326001,26.044460
358.563693,27.151850
353.760977,28.442716
348.959353,29.920677
344.223086,31.575514
339.604905,33.391052
335.128147,35.355444
330.809998,37.456014
326.638927,39.693720
322.583611,42.086331
318.639025,44.643926
314.805768,47.350040
311.079577,50.190210
307.453487,53.153416
303.921172,56.229667
300.476126,59.410435
297.100579,62.699971
293.767550,66.116365
290.466067,69.665695
287.202060,73.335996
283.982639,77.111356
280.813122,80.975330
277.696834,84.911794
274.632957,88.908524
271.617388,92.957174
268.648757,97.045579
265.727772,101.158256
262.852225,105.283601
260.018855,109.411816
257.222896,113.535850
254.450038,117.663678
251.684442,121.806585
248.918091,125.964536
246.145942,130.132915
243.365171,134.303563
240.572918,138.468227
237.763733,142.622397
234.931562,146.762218
232.070569,150.883190
229.174795,154.980598
226.238087,159.049543
223.254129,163.084806
220.216405,167.080806
217.115129,171.029161
213.940253,174.920963
210.681427,178.746641
207.327924,182.495840
203.868337,186.157465
200.290648,189.719227
196.582885,193.166650
192.729917,196.485425
188.710227,199.662126
184.511452,202.670905
180.141568,205.470554
175.609776,208.022606
170.987589,210.266174
166.596399,212.080390
162.677337,213.464973
158.838785,214.623628
154.691607,215.650926
150.320376,216.491840
145.833205,217.112184
141.224691,217.509616
136.490120,217.679415
131.625348,217.614924
126.640590,217.309575
121.583083,216.764717
116.514007,215.994919
111.484130,215.024719
106.511929,213.878712
101.594436,212.576886
96.731219,211.138331
91.922064,209.581168
87.164341,207.921755
82.454763,206.175177
77.790050,204.355578
73.166253,202.475990
68.574660,200.546597
64.003017,198.575108
59.443049,196.570222
54.890224,194.541975
50.340058,192.500310
45.787921,190.455067
41.233658,188.406467
36.677070,186.354690
32.118519,184.300157
27.559494,182.243783
23.001139,180.186322
18.443430,178.127991
13.886183,176.068925
9.329335,174.009308
4.772819,171.949314
0.216554,169.889107
-4.339535,167.828851
-8.895525,165.768707
-13.451489,163.708835
-18.007501,161.649397
-22.563637,159.590554
-27.119976,157.532468
-31.676577,155.475317
-36.233515,153.419274
-40.791003,151.364457
-45.348878,149.311162
-49.905574,147.260323
-54.459501,145.212893
-59.010512,143.169183
-63.558632,141.129437
-68.103910,139.093902
-72.628396,137.017684
-77.101274,134.832606
-81.486544,132.472075
-85.780992,129.844150
-90.002389,126.808712
-94.050086,123.252195
-97.685995,119.178898
-100.646711,114.775980
-102.852026,110.227942
-104.382284,105.400560
-105.160204,100.585812
-105.349636,97.305510
-105.380517,95.654378
-105.354230,93.096555
-104.774881,87.744260
-103.003765,81.941612
-100.473616,76.998311
-97.505961,72.710736
-94.211160,68.853759
-90.658211,65.304107
-86.907178,61.976866
-83.022536,58.804001
-79.070418,55.720467
-75.108336,52.655016
-71.143587,49.596532
-67.177281,46.543691
-63.210464,43.495370
-59.244011,40.450512
-55.278687,37.408125
-51.313964,34.367524
-47.348902,31.327817
-43.383188,28.288634
-39.416943,25.249958
-35.450236,22.211746
-31.483092,19.173928
-27.515546,16.136453
-23.547636,13.099276
-19.579395,10.062358
-15.610850,7.025657
-11.642027,3.989137
-7.672952,0.952768
