# Curvature-length line (length weight 0.0005 /m², exact linearisation) in the TUM corridor (Budapest) widened by 1 m per side, 0.75 m margin (models/raceline.py)
# x_m,y_m
-6.708397,-5.037623
-10.558993,-1.846139
-14.409855,1.345195
-18.260974,4.536389
-22.112342,7.727453
-25.963949,10.918396
-29.815788,14.109227
-33.667852,17.299954
-37.520134,20.490584
-41.372627,23.681123
-45.225325,26.871579
-49.078225,30.061957
-52.931319,33.252262
-56.784604,36.442498
-60.638075,39.632672
-64.491729,42.822786
-68.345559,46.012843
-72.199565,49.202849
-76.053750,52.392811
-79.908088,55.582714
-83.762498,58.772496
-87.616922,61.962111
-91.471354,65.151562
-95.325799,68.340853
-99.180254,71.529986
-103.034717,74.718962
-106.889187,77.907784
-110.743664,81.096453
-114.598146,84.284969
-118.452632,87.473335
-122.307123,90.661550
-126.161616,93.849616
-130.016114,97.037533
-133.870613,100.225303
-137.725114,103.412924
-141.579618,106.600397
-145.434123,109.787723
-149.288631,112.974902
-153.143140,116.161935
-156.997652,119.348820
-160.852164,122.535557
-164.706680,125.722148
-168.561199,128.908592
-172.415721,132.094889
-176.270248,135.281040
-180.124778,138.467042
-183.979310,141.652895
-187.833885,144.838633
-191.688573,148.024311
-195.543399,151.209951
-199.398359,154.395547
-203.253454,157.581099
-207.108683,160.766607
-210.964047,163.952068
-214.819549,167.137483
-218.675186,170.322850
-222.530961,173.508167
-226.386876,176.693433
-230.242930,179.878645
-234.099124,183.063801
-237.955461,186.248900
-241.811942,189.433937
-245.668569,192.618911
-249.525343,195.803817
-253.382268,198.988652
-257.239346,202.173411
-261.096579,205.358091
-264.953971,208.542686
-268.811525,211.727190
-272.669247,214.911599
-276.527140,218.095905
-280.385209,221.280102
-284.243459,224.464181
-288.101898,227.648135
-291.960534,230.831958
-295.819384,234.015648
-299.678462,237.199198
-303.537774,240.382597
-307.397332,243.565832
-311.257144,246.748890
-315.117224,249.931757
-318.977583,253.114418
-322.838236,256.296856
-326.699196,259.479053
-330.560481,262.660990
-334.422108,265.842646
-338.284097,269.023999
-342.146469,272.205023
-346.009247,275.385694
-349.872457,278.565983
-353.736124,281.745858
-357.600279,284.925287
-361.464956,288.104236
-365.330187,291.282663
-369.196012,294.460528
-373.062471,297.637786
-376.929609,300.814389
-380.797477,303.990284
-384.666121,307.165410
-388.535593,310.339701
-392.405999,313.513127
-396.277360,316.685577
-400.149218,319.856540
-404.021018,323.025413
-407.892668,326.191965
-411.764275,329.356111
-415.635906,332.517723
-419.507623,335.676651
-423.379512,338.832752
-427.251676,341.985877
-431.124177,345.135825
-434.997138,348.282428
-438.871038,351.425782
-442.745627,354.565369
-446.619471,357.699691
-450.487323,360.851004
-454.321922,364.100032
-458.080540,367.524408
-461.691925,371.190027
-465.067001,375.158436
-468.093666,379.477454
-470.638844,384.175111
-472.553809,389.265907
-473.656267,394.612502
-473.876011,399.746427
-473.443364,404.200960
-472.647874,408.002218
-471.686621,411.216851
-470.770639,413.723932
-469.773379,416.114888
-468.122963,419.457223
-465.387666,423.658096
-461.656948,427.706243
-457.234085,431.059312
-452.382179,433.611843
-447.340817,435.404124
-442.253429,436.556860
-437.142211,437.202646
-432.013422,437.444987
-426.890664,437.374327
-421.786500,437.078921
-416.703779,436.637734
-411.644399,436.061847
-406.606435,435.360741
-401.587344,434.542502
-396.588174,433.614783
-391.611336,432.584871
-386.658658,431.459429
-381.731627,430.244522
-376.831562,428.945663
-371.959591,427.567815
-367.116668,426.115405
-362.303605,424.592335
-357.521097,423.002004
-352.769772,421.347325
-348.050105,419.630710
-343.362917,417.854259
-338.710971,416.020460
-334.098129,414.132009
-329.527297,412.191022
-325.000661,410.199060
-320.520302,408.157373
-316.087933,406.066765
-311.701335,403.925774
-307.353002,401.729562
-303.037981,399.473539
-298.756168,397.154817
-294.508412,394.770418
-290.296161,392.317093
-286.121735,389.791485
-281.981266,387.197960
-277.870072,384.539730
-273.785005,381.820418
-269.724207,379.044110
-265.686000,376.214707
-261.668856,373.335944
-257.671466,370.411461
-253.692680,367.444786
-249.731447,364.439310
-245.786780,361.398270
-241.857760,358.324764
-237.943416,355.221663
-234.042510,352.091444
-230.154371,348.936865
-226.280161,345.762047
-222.420509,342.570593
-218.574153,339.364405
-214.739451,336.144907
-210.915055,332.913614
-207.099719,329.671998
-203.292243,326.421455
-199.491493,323.163339
-195.696395,319.898972
-191.905921,316.629642
-188.119077,313.356617
-184.334898,310.081142
-180.552440,306.804451
-176.770768,303.527767
-172.988952,300.252313
-169.206058,296.979315
-165.421138,293.710005
-161.633222,290.445627
-157.841314,287.187447
-154.044378,283.936753
-150.241327,280.694859
-146.431023,277.463119
-142.612281,274.242948
-138.783798,271.035773
-134.944065,267.842983
-131.091364,264.667072
-127.207095,261.530618
-123.267623,258.452797
-119.244459,255.451077
-115.114748,252.550507
-110.861645,249.783495
-106.470243,247.186359
-101.931230,244.801003
-97.236496,242.671835
-92.385322,240.848487
-87.458535,239.400175
-82.645425,238.379970
-78.096261,237.767331
-73.723685,237.495401
-69.372633,237.540215
-65.017573,237.919410
-60.658562,238.659260
-56.285473,239.802060
-51.932486,241.394582
-47.712553,243.446887
-43.815158,245.869994
-40.374686,248.506339
-37.336647,251.295599
-34.477613,254.407623
-31.736828,257.997264
-29.249273,262.024707
-27.145264,266.361057
-25.480421,270.880465
-24.249589,275.513902
-23.429714,280.229794
-22.998700,284.994974
-22.932073,289.771927
-23.203377,294.546912
-23.799537,299.367460
-24.722928,304.267443
-25.958164,309.186574
-27.462023,314.038610
-29.189310,318.789433
-31.107240,323.448250
-33.185899,328.024389
-35.396505,332.525522
-37.713283,336.962557
-40.112355,341.347364
-42.572281,345.694076
-45.074122,350.019500
-47.597812,354.337596
-50.121479,358.659204
-52.622971,362.994931
-55.080250,367.355937
-57.471106,371.753683
-59.772215,376.198495
-61.959065,380.699469
-64.007053,385.267199
-65.888769,389.908480
-67.567371,394.603502
-69.004365,399.304743
-70.175082,403.966099
-71.068653,408.542630
-71.685071,412.963124
-72.043268,417.144023
-72.205677,421.179879
-72.190056,425.492052
-71.937791,430.292354
-71.397547,435.370329
-70.580932,440.471159
-69.521332,445.508992
-68.247309,450.475968
-66.786239,455.366841
-65.163800,460.179439
-63.403530,464.914611
-61.526126,469.576927
-59.546856,474.179384
-57.478538,478.735327
-55.334790,483.252866
-53.129041,487.738695
-50.874009,492.199743
-48.582110,496.642653
-46.265604,501.073795
-43.936617,505.499435
-41.596017,509.920018
-39.244613,514.335937
-36.883158,518.747534
-34.512335,523.155141
-32.132780,527.559041
-29.745214,531.959245
-27.350396,536.355581
-24.948896,540.748127
-22.541132,545.137134
-20.127494,549.522814
-17.708338,553.905349
-15.283983,558.284906
-12.854712,562.661637
-10.420777,567.035680
-7.982399,571.407156
-5.539769,575.776171
-3.093051,580.142818
-0.642383,584.507177
1.812126,588.869316
4.270388,593.229288
6.732343,597.587135
9.197955,601.942888
11.667208,606.296565
14.140115,610.648170
16.616709,614.997699
19.097048,619.345133
21.581215,623.690441
24.069317,628.033581
26.561486,632.374498
29.057882,636.713123
31.558690,641.049372
34.064127,645.383154
36.574433,649.714350
39.089867,654.042806
41.610742,658.368384
44.137431,662.690975
46.670348,667.010457
49.209953,671.326696
51.756749,675.639540
54.311293,679.948821
56.874192,684.254357
59.446120,688.555950
62.027808,692.853380
64.620036,697.146371
67.223728,701.434738
69.839976,705.718407
72.468737,709.995297
75.107510,714.259250
77.753893,718.504299
80.406914,722.726780
83.065938,726.923527
85.730065,731.090934
88.399258,735.226721
91.079224,739.337275
93.780506,743.435722
96.509296,747.527718
99.267749,751.612287
102.058127,755.688214
104.883432,759.754913
107.745491,763.809637
110.640843,767.841989
113.564764,771.840159
116.517134,775.799978
119.479616,779.736992
122.435033,783.667233
125.367760,787.608255
128.264619,791.581172
131.115023,795.612480
133.906698,799.730436
136.628762,803.972998
139.278727,808.408056
141.798292,813.028894
144.043379,817.631215
145.931530,822.011428
147.518628,826.213587
148.868548,830.355256
149.998394,834.481358
150.924414,838.703798
151.668272,843.182331
152.201118,847.943647
152.486478,852.903312
152.511030,857.966927
152.283640,863.056371
151.828544,868.106387
151.174799,873.090939
150.344691,878.027755
149.355510,882.933704
148.224521,887.811032
146.969029,892.658204
145.604987,897.476943
144.147097,902.270922
142.609468,907.043648
141.005728,911.798641
139.349088,916.539575
137.652468,921.270190
135.928591,925.994266
134.190059,930.715610
132.449448,935.438003
130.719370,940.165204
129.012477,944.901116
127.341860,949.648849
125.721873,954.408270
124.167211,959.178121
122.691761,963.959381
121.308907,968.754981
120.032304,973.568029
118.876063,978.401808
117.854647,983.272982
116.983430,988.214709
116.287658,993.238428
115.799281,998.328183
115.550202,1003.457166
115.568969,1008.590127
115.877675,1013.684863
116.488989,1018.693749
117.400563,1023.554072
118.587689,1028.189440
120.013942,1032.556686
121.681935,1036.726924
123.642085,1040.804994
125.934634,1044.798183
128.555582,1048.659615
131.483684,1052.335079
134.697892,1055.788520
138.180854,1058.996254
141.911982,1061.935770
145.867234,1064.586287
150.020319,1066.930081
154.338121,1068.950836
158.779104,1070.635699
163.303964,1071.980550
167.879170,1072.988515
172.475586,1073.667054
177.068740,1074.035093
181.652960,1074.115900
186.259790,1073.924959
190.924968,1073.464161
195.646915,1072.730556
200.418255,1071.720926
205.235249,1070.430859
210.055384,1068.869890
214.812634,1067.068049
219.470324,1065.057581
224.030048,1062.858462
228.497905,1060.486578
232.876096,1057.958070
237.168099,1055.287221
241.377761,1052.486955
245.508639,1049.569393
249.564395,1046.545726
253.548840,1043.426232
257.465862,1040.220378
261.319410,1036.936861
265.113646,1033.583501
268.852870,1030.167305
272.540254,1026.695712
276.177537,1023.177102
279.767778,1019.618198
283.315274,1016.023969
286.824168,1012.398966
290.298277,1008.747560
293.741266,1005.073832
297.156653,1001.381619
300.547801,997.674565
303.917942,993.956151
307.270233,990.229665
310.607752,986.498257
313.933319,982.765170
317.250094,979.033109
320.563154,975.302499
323.878224,971.572978
327.199068,967.846409
330.528548,964.125750
333.866096,960.410545
337.210604,956.699729
340.560933,952.992285
343.915967,949.287197
347.274579,945.583456
350.635584,941.880064
353.997792,938.175698
357.356772,934.466033
360.654139,930.700439
363.832314,926.826000
366.838154,922.777831
369.603656,918.493190
372.030289,913.933055
374.007024,909.049324
375.371044,903.925019
376.003849,899.127168
376.095447,895.078132
375.828216,891.220797
375.127240,887.104556
373.983369,882.832711
372.418353,878.419081
370.434619,873.733658
368.218581,868.891400
366.127530,864.165843
364.530944,860.082658
363.390156,856.662582
362.318945,852.600203
361.438086,847.642962
360.992214,842.442651
360.971667,837.248902
361.296828,832.167223
361.888081,827.189861
362.687112,822.264619
363.642450,817.371072
364.704690,812.495524
365.825715,807.622883
366.963038,802.742785
368.113967,797.859915
369.275346,792.980869
370.445234,788.107217
371.622321,783.238142
372.805245,778.373299
373.992649,773.512524
375.183246,768.655548
376.383179,763.803916
377.610980,758.962255
378.885356,754.134939
380.225523,749.325572
381.651195,744.538074
383.182616,739.777462
384.844455,735.040340
386.667131,730.317897
388.674759,725.628537
390.879541,721.017324
393.283905,716.536536
395.875938,712.244224
398.627592,708.197670
401.515149,704.423374
404.559641,700.887748
407.808824,697.550432
411.284282,694.421353
414.966574,691.548954
418.783922,688.999989
422.673209,686.803834
426.704068,684.866591
431.095333,683.086402
435.853688,681.492329
440.768293,680.150663
445.685806,679.054388
450.602539,678.147010
455.545258,677.374463
460.507566,676.692607
465.476170,676.058414
470.443278,675.428142
475.402881,674.757952
480.347024,674.004227
485.263879,673.123904
490.137253,672.074977
494.942922,670.818312
499.643815,669.321633
504.193041,667.563439
508.537829,665.536924
512.624033,663.253270
516.405096,660.740462
519.872076,658.017058
523.077033,655.040359
526.069976,651.751813
528.820245,648.140681
531.292089,644.237591
533.460850,640.075181
535.311007,635.687591
536.838810,631.095191
538.046186,626.298738
538.928899,621.322677
539.487255,616.229917
539.739304,611.090216
539.719157,605.964587
539.470630,600.901731
539.038696,595.918225
538.459119,590.981989
537.759939,586.059067
536.969089,581.140400
536.102611,576.224215
535.171288,571.308000
534.185938,566.390643
533.158167,561.475116
532.100117,556.566549
531.022938,551.665556
529.936957,546.769660
528.852385,541.876401
527.779435,536.983525
526.728336,532.088743
525.709425,527.189824
524.733235,522.284659
523.810565,517.371284
522.952579,512.447983
522.170887,507.513387
521.477571,502.566117
520.885339,497.605038
520.407994,492.634150
520.059949,487.666458
519.854546,482.716666
519.803564,477.798287
519.917117,472.925886
520.203222,468.115414
520.668316,463.376897
521.322221,458.694472
522.182557,454.039168
523.268550,449.410650
524.563315,444.816056
526.050481,440.259319
527.713920,435.743104
529.538473,431.267300
531.512736,426.824053
533.626747,422.404812
535.866981,418.009036
538.217712,413.638841
540.663102,409.294724
543.187936,404.974903
545.775910,400.678625
548.408652,396.407773
551.069903,392.160403
553.747215,387.928791
556.428717,383.704772
559.101976,379.481350
561.754558,375.251667
564.375729,371.006104
566.956544,366.731529
569.486032,362.416886
571.950436,358.054383
574.334750,353.636957
576.622606,349.158428
578.796431,344.613136
580.836775,339.997435
582.718170,335.321766
584.411806,330.613321
585.893285,325.905229
587.145985,321.230877
588.161925,316.620303
588.943693,312.076259
589.499740,307.527077
589.819211,302.883593
589.866103,298.141753
589.621170,293.352344
589.079409,288.589172
588.270248,283.904010
587.220855,279.302965
585.947314,274.764089
584.456598,270.262150
582.757253,265.793180
580.856010,261.353098
578.749620,256.921507
576.440080,252.495787
573.949734,248.107133
571.308967,243.787796
568.540396,239.548576
565.660182,235.388331
562.683846,231.305287
559.625669,227.296455
556.498663,223.357904
553.313893,219.484164
550.077916,215.665549
546.794915,211.891085
543.471125,208.153297
540.113456,204.446115
536.728306,200.763345
533.321869,197.098930
529.900483,193.447216
526.470729,189.802961
523.038111,186.161694
519.603024,182.523079
516.165797,178.886754
512.726775,175.252404
509.286288,171.619724
505.844649,167.988415
502.402163,164.358187
498.959130,160.728756
495.515845,157.099843
492.072597,153.471170
488.629678,149.842462
485.187377,146.213442
481.745988,142.583831
478.305810,138.953345
474.867147,135.321697
471.430313,131.688590
467.995633,128.053720
464.563443,124.416769
461.134095,120.777409
457.707960,117.135297
454.285426,113.490070
450.866905,109.841353
447.452833,106.188741
444.043672,102.531810
440.639935,98.870128
437.242117,95.203181
433.849439,91.531367
430.461144,87.855043
427.076655,84.174701
423.695453,80.490849
420.317026,76.803957
416.940873,73.114474
413.566515,69.422837
410.193480,65.729472
406.821308,62.034794
403.449540,58.339212
400.077726,54.643132
396.705413,50.946958
393.332146,47.251098
389.957468,43.555964
386.580912,39.861974
383.202003,36.169560
379.820252,32.479166
376.435151,28.791252
373.046180,25.106302
369.652802,21.424839
366.254405,17.747368
362.816440,14.106351
359.296270,10.542901
355.650244,7.098727
351.830813,3.816055
347.791566,0.746096
343.480967,-2.051074
338.803181,-4.513741
333.794379,-6.486514
328.960769,-7.767495
324.811388,-8.433654
321.008156,-8.731256
317.045041,-8.722059
312.939798,-8.370664
308.670681,-7.629713
304.062262,-6.371999
299.240051,-4.496155
294.543556,-2.075106
290.151006,0.742702
286.057614,3.859465
282.230920,7.200589
278.627893,10.711189
275.193634,14.361132
271.884893,18.118684
268.664641,21.949148
265.495234,25.820090
262.369306,29.725810
259.279932,33.660673
256.220360,37.619313
253.183939,41.596632
250.164149,45.587662
247.154615,49.587457
244.148886,53.591292
241.140435,57.594589
238.123886,61.591192
235.094577,65.573947
232.045650,69.538488
228.968044,73.482971
225.851994,77.405799
222.687091,81.305218
219.461641,85.179727
216.163284,89.026862
212.786658,92.834427
209.337924,96.577378
205.825078,100.230781
202.253645,103.774808
198.629067,107.192124
194.955694,110.468767
191.201947,113.621310
187.280159,116.687199
183.136515,119.656216
178.781354,122.462283
174.235637,125.037713
169.511604,127.326877
164.617139,129.279476
159.537977,130.850037
154.288898,131.976098
148.993563,132.588112
143.769881,132.662181
138.580146,132.187734
133.329632,131.091340
128.107326,129.279246
123.143982,126.733228
118.645585,123.515833
114.714641,119.705353
111.416855,115.384219
108.807771,110.656923
106.919207,105.645889
105.751341,100.486292
105.267625,95.298615
105.410236,90.152739
106.124460,85.086746
107.362705,80.131568
109.080924,75.313610
111.238157,70.651411
113.796858,66.156183
116.714775,61.842918
119.935314,57.733867
123.394231,53.843507
127.027609,50.173470
130.773891,46.716656
134.578418,43.458161
138.421587,40.358205
142.326544,37.353903
146.312619,34.410265
150.371013,31.516025
154.488970,28.662341
158.654062,25.839525
162.851112,23.039185
167.060961,20.255077
171.266857,17.479189
175.459159,14.698987
179.630627,11.900506
183.773484,9.070096
187.879410,6.194254
191.939499,3.259488
195.943641,0.252614
199.879962,-2.838873
203.735903,-6.027670
207.499141,-9.327754
211.157075,-12.754630
214.696202,-16.325724
218.102781,-20.062692
221.347341,-23.974185
224.353021,-27.999645
227.023914,-32.002354
229.333731,-35.884331
231.379103,-39.754218
233.248756,-43.799634
234.918213,-48.059980
236.321939,-52.479902
237.416915,-56.998919
238.180653,-61.588240
238.601530,-66.224292
238.669941,-70.878105
238.379856,-75.518595
237.728647,-80.116507
236.715277,-84.646901
235.340485,-89.082677
233.609634,-93.390708
231.532989,-97.537447
229.125276,-101.491106
226.405457,-105.222123
223.394023,-108.706055
220.111390,-111.922989
216.582578,-114.852338
212.838690,-117.474274
208.912417,-119.774403
204.837300,-121.743474
200.644729,-123.377787
196.347950,-124.693438
191.938344,-125.705263
187.420854,-126.416840
182.816637,-126.827947
178.146995,-126.940937
173.431988,-126.760840
168.688647,-126.294841
163.923719,-125.549944
159.141742,-124.532070
154.356692,-123.249594
149.587261,-121.715053
144.851363,-119.944581
140.164864,-117.957251
135.540723,-115.774148
130.988807,-113.417479
126.516505,-110.910097
122.129008,-108.274970
117.829017,-105.534316
113.616845,-102.708958
109.491914,-99.818787
105.450397,-96.880655
101.473743,-93.898902
97.536315,-90.869826
93.624381,-87.796887
89.731439,-84.688588
85.850477,-81.552854
81.974084,-78.397204
78.096087,-75.230193
74.219285,-72.055423
70.346641,-68.876280
66.478257,-65.693744
62.613441,-62.508091
58.751815,-59.319807
54.893048,-56.129374
51.036777,-52.937216
47.182659,-49.743740
43.330367,-46.549342
39.479587,-43.354402
35.630003,-40.159286
31.781325,-36.964364
27.933278,-33.770010
24.085423,-30.576423
20.237394,-27.383281
16.388983,-24.190384
12.540212,-20.997725
8.691111,-17.805302
4.841689,-14.613095
0.991955,-11.421088
-2.858077,-8.229268
