# Curvature-length line (length weight 0.0005 /m², exact linearisation) in the TUM corridor (Catalunya) widened by 1 m per side, 0.75 m margin (models/raceline.py)
# x_m,y_m
4.397043,-2.392015
1.672546,-6.584032
-1.051980,-10.776054
-3.776528,-14.968083
-6.501095,-19.160122
-9.225679,-23.352173
-11.950274,-27.544238
-14.674878,-31.736319
-17.399488,-35.928418
-20.124100,-40.120537
-22.848713,-44.312676
-25.573324,-48.504838
-28.297930,-52.697023
-31.022531,-56.889233
-33.747123,-61.081469
-36.471705,-65.273731
-39.196276,-69.466020
-41.920833,-73.658338
-44.645376,-77.850684
-47.369904,-82.043060
-50.094414,-86.235466
-52.818907,-90.427902
-55.543381,-94.620369
-58.267834,-98.812868
-60.992267,-103.005398
-63.716678,-107.197960
-66.441067,-111.390556
-69.165429,-115.583177
-71.889755,-119.775813
-74.614040,-123.968458
-77.338286,-128.161112
-80.062491,-132.353779
-82.786657,-136.546458
-85.510781,-140.739148
-88.234863,-144.931850
-90.958904,-149.124565
-93.682903,-153.317293
-96.406860,-157.510034
-99.130774,-161.702788
-101.854645,-165.895557
-104.578473,-170.088341
-107.302258,-174.281138
-110.025998,-178.473951
-112.749695,-182.666779
-115.473347,-186.859623
-118.196954,-191.052483
-120.920516,-195.245359
-123.644031,-199.438251
-126.367502,-203.631161
-129.090926,-207.824089
-131.814302,-212.017035
-134.537631,-216.209999
-137.260913,-220.402982
-139.984145,-224.595984
-142.707329,-228.789007
-145.430462,-232.982050
-148.153544,-237.175115
-150.876575,-241.368201
-153.599554,-245.561310
-156.322479,-249.754443
-159.045349,-253.947600
-161.768164,-258.140782
-164.490922,-262.333990
-167.213621,-266.527226
-169.936260,-270.720490
-172.658838,-274.913783
-175.381353,-279.107108
-178.103802,-283.300464
-180.826184,-287.493855
-183.548496,-291.687282
-186.270736,-295.880745
-188.992901,-300.074247
-191.714989,-304.267792
-194.436995,-308.461379
-197.158917,-312.655013
-199.880750,-316.848696
-202.602491,-321.042429
-205.324135,-325.236218
-208.045678,-329.430065
-210.767113,-333.623973
-213.488436,-337.817946
-216.209639,-342.011989
-218.930718,-346.206107
-221.651663,-350.400304
-224.372467,-354.594584
-227.093123,-358.788957
-229.813631,-362.983442
-232.533986,-367.178057
-235.254179,-371.372807
-237.974195,-375.567700
-240.694023,-379.762744
-243.413647,-383.957948
-246.133053,-388.153320
-248.852223,-392.348871
-251.571140,-396.544613
-254.289783,-400.740557
-257.008132,-404.936717
-259.726164,-409.133106
-262.443854,-413.329741
-265.161175,-417.526637
-267.878098,-421.723813
-270.594592,-425.921289
-273.310623,-430.119086
-276.026153,-434.317226
-278.741143,-438.515736
-281.455551,-442.714642
-284.169329,-446.913974
-286.882427,-451.113763
-289.594790,-455.314045
-292.306359,-459.514856
-295.017072,-463.716238
-297.726857,-467.918235
-300.435642,-472.120893
-303.143344,-476.324267
-305.849877,-480.528410
-308.555145,-484.733383
-311.259047,-488.939254
-313.961471,-493.146092
-316.662298,-497.353976
-319.361398,-501.562988
-322.058630,-505.773221
-324.753843,-509.984771
-327.446872,-514.197744
-330.137539,-518.412257
-332.825652,-522.628434
-335.511004,-526.846409
-338.193368,-531.066330
-340.872501,-535.288355
-343.548139,-539.512656
-346.219997,-543.739418
-348.887766,-547.968843
-351.551111,-552.201149
-354.209672,-556.436572
-356.863057,-560.675368
-359.510842,-564.917815
-362.152569,-569.164212
-364.787741,-573.414885
-367.415821,-577.670185
-370.036230,-581.930499
-372.648341,-586.196243
-375.251445,-590.467821
-377.844830,-594.745761
-380.427836,-599.030822
-382.999016,-603.322604
-385.555374,-607.618224
-388.094137,-611.915230
-390.613754,-616.213324
-393.112915,-620.512764
-395.590299,-624.813964
-398.043455,-629.115520
-400.470574,-633.417277
-402.905273,-637.726432
-405.390280,-642.064847
-407.961417,-646.436050
-410.639770,-650.811254
-413.420650,-655.119628
-416.293701,-659.293529
-419.270881,-663.310228
-422.400964,-667.194100
-425.762904,-670.983778
-429.406658,-674.655884
-433.338273,-678.132723
-437.540767,-681.327043
-441.967225,-684.152171
-446.543213,-686.538218
-451.180647,-688.446796
-455.704791,-689.855323
-459.860955,-690.793061
-463.717053,-691.386988
-467.828818,-691.729660
-472.520063,-691.757269
-477.323997,-691.396770
-481.682272,-690.773240
-485.844493,-689.954674
-490.321181,-688.854522
-495.097981,-687.450069
-499.989596,-685.804839
-504.867382,-684.013680
-509.661011,-682.173142
-514.323360,-680.371568
-518.847871,-678.669714
-523.302148,-677.087940
-527.758001,-675.642677
-532.247487,-674.366677
-536.788322,-673.299628
-541.389984,-672.484084
-546.047476,-671.933380
-550.726056,-671.663172
-555.341237,-671.679524
-559.808154,-671.966502
-564.113273,-672.499304
-568.434318,-673.272614
-572.986376,-674.343765
-577.743549,-675.748650
-582.539033,-677.458695
-587.252243,-679.416691
-591.854562,-681.578981
-596.349802,-683.913114
-600.743597,-686.388732
-605.045026,-688.978803
-609.264663,-691.658861
-613.415986,-694.408049
-617.522096,-697.214022
-621.606942,-700.066994
-625.685474,-702.951649
-629.768870,-705.849788
-633.868690,-708.743039
-637.999349,-711.614449
-642.178925,-714.448579
-646.408922,-717.217789
-650.649539,-719.870180
-654.843850,-722.352824
-658.961566,-724.640483
-663.064392,-726.761730
-667.271668,-728.760734
-671.637293,-730.630671
-676.139966,-732.347373
-680.727051,-733.881062
-685.357489,-735.215140
-690.018620,-736.345895
-694.702747,-737.271053
-699.399498,-737.987628
-704.097785,-738.492788
-708.792938,-738.784168
-713.499071,-738.857703
-718.228612,-738.712373
-722.974635,-738.344088
-727.722348,-737.748979
-732.456923,-736.923775
-737.165396,-735.865180
-741.831046,-734.571004
-746.413933,-733.048819
-750.864763,-731.318009
-755.154897,-729.398900
-759.293656,-727.296589
-763.333866,-724.983358
-767.312287,-722.440236
-771.217198,-719.670819
-775.017793,-716.696073
-778.684240,-713.544921
-782.204454,-710.238012
-785.577535,-706.787294
-788.802394,-703.204292
-791.877575,-699.500514
-794.802284,-695.686309
-797.577207,-691.769240
-800.204267,-687.753359
-802.683696,-683.643073
-805.013759,-679.444434
-807.192232,-675.163280
-809.216505,-670.805052
-811.086471,-666.376419
-812.801640,-661.883670
-814.361109,-657.332772
-815.763520,-652.729493
-817.007029,-648.079494
-818.089316,-643.388343
-819.007539,-638.661721
-819.763285,-633.906675
-820.364145,-629.129276
-820.817514,-624.329775
-821.129532,-619.507621
-821.305102,-614.665953
-821.348571,-609.809043
-821.263889,-604.940747
-821.054574,-600.064452
-820.723682,-595.183332
-820.274194,-590.303762
-819.709562,-585.435985
-819.033047,-580.586759
-818.247075,-575.758565
-817.353509,-570.953709
-816.353772,-566.174930
-815.248828,-561.425067
-814.038831,-556.705777
-812.731293,-552.013881
-811.332941,-547.346546
-809.850397,-542.702857
-808.289785,-538.081907
-806.656609,-533.482335
-804.955862,-528.902631
-803.192076,-524.341191
-801.369344,-519.796319
-799.491368,-515.266271
-797.561492,-510.749288
-795.582704,-506.243537
-793.557687,-501.747189
-791.489035,-497.258827
-789.378795,-492.776408
-787.227525,-488.295378
-785.036237,-483.812789
-782.807995,-479.330260
-780.546712,-474.851180
-778.256307,-470.378974
-775.940652,-465.917019
-773.603536,-461.468621
-771.248372,-457.036484
-768.876876,-452.620341
-766.489261,-448.217472
-764.085838,-443.825717
-761.667059,-439.443500
-759.233266,-435.069323
-756.784709,-430.701789
-754.321799,-426.340014
-751.845654,-421.984560
-749.357519,-417.636362
-746.858042,-413.295465
-744.347610,-408.961621
-741.826608,-404.634743
-739.295357,-400.314797
-736.754100,-396.001758
-734.203009,-391.695639
-731.642195,-387.396487
-729.071699,-383.104384
-726.491493,-378.819439
-723.901480,-374.541785
-721.301513,-370.271625
-718.691362,-366.009170
-716.070488,-361.754282
-713.438108,-357.506594
-710.793570,-353.266129
-708.136326,-349.033249
-705.465736,-344.808345
-702.781065,-340.591843
-700.081508,-336.384250
-697.365690,-332.186439
-694.616802,-328.009132
-691.817833,-323.863272
-688.951454,-319.760161
-685.999482,-315.711132
-682.942881,-311.728185
-679.763231,-307.826400
-676.437330,-304.018210
-672.929460,-300.308655
-669.218309,-296.726534
-665.318505,-293.333875
-661.270543,-290.199124
-657.132942,-287.379796
-652.972750,-284.911841
-648.833897,-282.796742
-644.692981,-281.000241
-640.501223,-279.494641
-636.236460,-278.279689
-631.874681,-277.366248
-627.418388,-276.780877
-622.899695,-276.555368
-618.349677,-276.717525
-613.798792,-277.271045
-609.279797,-278.216215
-604.828909,-279.548164
-600.483300,-281.255697
-596.277452,-283.321859
-592.241981,-285.724817
-588.403215,-288.438676
-584.780871,-291.436265
-581.386668,-294.693104
-578.229490,-298.185401
-575.317378,-301.887946
-572.655746,-305.775753
-570.247252,-309.824871
-568.092443,-314.012157
-566.189479,-318.316733
-564.533974,-322.722886
-563.121263,-327.217379
-561.947445,-331.786306
-561.008676,-336.415974
-560.300938,-341.093602
-559.820145,-345.807027
-559.562175,-350.544600
-559.522890,-355.295204
-559.698179,-360.048196
-560.083990,-364.793348
-560.676384,-369.520901
-561.470700,-374.221684
-562.452129,-378.888771
-563.606646,-383.517935
-564.923087,-388.112763
-566.393386,-392.681274
-568.009471,-397.226423
-569.762544,-401.747345
-571.643913,-406.243096
-573.644913,-410.712634
-575.756771,-415.154685
-577.970708,-419.568040
-580.278049,-423.951742
-582.670329,-428.305204
-585.139405,-432.628299
-587.677533,-436.921374
-590.277527,-441.185397
-592.933019,-445.422272
-595.637969,-449.633958
-598.385490,-453.820751
-601.169092,-457.983296
-603.983896,-462.124303
-606.825677,-466.247012
-609.690089,-470.354115
-612.572775,-474.447997
-615.469447,-478.530910
-618.375865,-482.604985
-621.287830,-486.672266
-624.201187,-490.734749
-627.111903,-494.794529
-630.016117,-498.853894
-632.909589,-502.914604
-635.788358,-506.978837
-638.653585,-511.056186
-641.510985,-515.163380
-644.362235,-519.312465
-647.203632,-523.508793
-650.015583,-527.734531
-652.761647,-531.944218
-655.418001,-536.107395
-657.991851,-540.240192
-660.493307,-544.453026
-662.912080,-548.847325
-665.176901,-553.450425
-667.190343,-558.253509
-668.850542,-563.227199
-670.061144,-568.305721
-670.752347,-573.386577
-670.899191,-578.374588
-670.508937,-583.212877
-669.607418,-587.837985
-668.243959,-592.180346
-666.467495,-596.221641
-664.305985,-599.973170
-661.776959,-603.433606
-658.899990,-606.583946
-655.728166,-609.385636
-652.351058,-611.798463
-648.793783,-613.851334
-644.852959,-615.639903
-640.349078,-617.126889
-635.396614,-618.139001
-630.225715,-618.571295
-624.998096,-618.430050
-619.805994,-617.775383
-614.712647,-616.689785
-609.752683,-615.263471
-604.935142,-613.583100
-600.255851,-611.728116
-595.695906,-609.766037
-591.202504,-607.740876
-586.713193,-605.684982
-582.216010,-603.593757
-577.713599,-601.469026
-573.207117,-599.311821
-568.697150,-597.122770
-564.186033,-594.903219
-559.681728,-592.657253
-555.194020,-590.389966
-550.725242,-588.102723
-546.273637,-585.794630
-541.837865,-583.464765
-537.416981,-581.112182
-533.009767,-578.735549
-528.613340,-576.332360
-524.224572,-573.899636
-519.844100,-571.436170
-515.474785,-568.941793
-511.119776,-566.416340
-506.782488,-563.859642
-502.466380,-561.271401
-498.176052,-558.651874
-493.920570,-556.004058
-489.710917,-553.332402
-485.555799,-550.640262
-481.461623,-547.929785
-477.433274,-545.202317
-473.475450,-542.459267
-469.581186,-539.693787
-465.714381,-536.876433
-461.843270,-533.977006
-457.962450,-530.990732
-454.090679,-527.932287
-450.259379,-524.828483
-446.481237,-521.693005
-442.750541,-518.524416
-439.053419,-515.313098
-435.377506,-512.049095
-431.720071,-508.729768
-428.082568,-505.355718
-424.466589,-501.927311
-420.874391,-498.445172
-417.309038,-494.910360
-413.774180,-491.324199
-410.273950,-487.688207
-406.812881,-484.004036
-403.395800,-480.273386
-400.027736,-476.497921
-396.713843,-472.679191
-393.459319,-468.818544
-390.269144,-464.916785
-387.147881,-460.973844
-384.100102,-456.989201
-381.130497,-452.961955
-378.243395,-448.890048
-375.443027,-444.770371
-372.735127,-440.601016
-370.140051,-436.362038
-367.668299,-432.010755
-365.340181,-427.505638
-363.200951,-422.837270
-361.307058,-418.016853
-359.716280,-413.068677
-358.483072,-408.034942
-357.650495,-402.973554
-357.243155,-397.957799
-357.258809,-393.089683
-357.656945,-388.483121
-358.375065,-384.177505
-359.387504,-380.066430
-360.710920,-376.054606
-362.337804,-372.140322
-364.275451,-368.275034
-366.597142,-364.347607
-369.343450,-360.358991
-372.473335,-356.403866
-375.901350,-352.566087
-379.526906,-348.891189
-383.246354,-345.396257
-386.978545,-342.067482
-390.701764,-338.845619
-394.416494,-335.663752
-398.107229,-332.473939
-401.740607,-329.245129
-405.260718,-325.969893
-408.615987,-322.646542
-411.794637,-319.275162
-414.850840,-315.824663
-417.854754,-312.225981
-420.826344,-308.453384
-423.754065,-304.518517
-426.623362,-300.442027
-429.420037,-296.250351
-432.131361,-291.974311
-434.749064,-287.643513
-437.275117,-283.273774
-439.718055,-278.869246
-442.085762,-274.433514
-444.385318,-269.970157
-446.623490,-265.482033
-448.806524,-260.971840
-450.940227,-256.442132
-453.030077,-251.895238
-455.081252,-247.333322
-457.098664,-242.758416
-459.087004,-238.172435
-461.050772,-233.577200
-462.994298,-228.974474
-464.921817,-224.365873
-466.837546,-219.752751
-468.745596,-215.136495
-470.649941,-210.518681
-472.545069,-205.897015
-474.425426,-201.269132
-476.285373,-196.632604
-478.119143,-191.984924
-479.920803,-187.323484
-481.684205,-182.645550
-483.402918,-177.948283
-485.070199,-173.228630
-486.678961,-168.483155
-488.221472,-163.708636
-489.689360,-158.901825
-491.074418,-154.056013
-492.366711,-149.166390
-493.551917,-144.242508
-494.614488,-139.302718
-495.540429,-134.367214
-496.318146,-129.456645
-496.938981,-124.590782
-497.397946,-119.778655
-497.692122,-115.004744
-497.815507,-110.250235
-497.758570,-105.512154
-497.510497,-100.794318
-497.059771,-96.102214
-496.394635,-91.445225
-495.503326,-86.834667
-494.372615,-82.278429
-492.987415,-77.785118
-491.347085,-73.366180
-489.453568,-69.040243
-487.330485,-64.824056
-485.001535,-60.728620
-482.487527,-56.757457
-479.806644,-52.910164
-476.974066,-49.183345
-474.001514,-45.570077
-470.886304,-42.050353
-467.605169,-38.589756
-464.146798,-35.174968
-460.524941,-31.818299
-456.764089,-28.537282
-452.887721,-25.343493
-448.912233,-22.239622
-444.851784,-19.225348
-440.720624,-16.299704
-436.532409,-13.460820
-432.300067,-10.706106
-428.033265,-8.030947
-423.734946,-5.427151
-419.406656,-2.886659
-415.051972,-0.403383
-410.674420,2.028246
-406.276867,4.413688
-401.862046,6.758049
-397.432152,9.066343
-392.988311,11.343800
-388.531701,13.595310
-384.064175,15.825187
-379.587696,18.037514
-375.104120,20.236289
-370.614909,22.424639
-366.120421,24.603380
-361.620993,26.773263
-357.116942,28.934979
-352.608568,31.089162
-348.096155,33.236394
-343.579969,35.377212
-339.060265,37.512106
-334.537283,39.641527
-330.011249,41.765888
-325.482378,43.885569
-320.950872,46.000916
-316.416924,48.112247
-311.880717,50.219852
-307.342422,52.323998
-302.802200,54.424926
-298.260207,56.522857
-293.716585,58.617993
-289.171472,60.710516
-284.624995,62.800594
-280.077277,64.888374
-275.528430,66.973994
-270.978549,69.057580
-266.427753,71.139234
-261.876239,73.219005
-257.324165,75.296947
-252.771578,77.373154
-248.218489,79.447720
-243.664916,81.520727
-239.110870,83.592246
-234.556362,85.662341
-230.001395,87.731065
-225.445970,89.798466
-220.890083,91.864581
-216.333727,93.929441
-211.776893,95.993068
-207.219565,98.055478
-202.661727,100.116680
-198.103357,102.176672
-193.544430,104.235449
-188.984916,106.292997
-184.424784,108.349292
-179.863995,110.404305
-175.302509,112.457999
-170.740280,114.510328
-166.177256,116.561238
-161.613383,118.610665
-157.048599,120.658536
-152.482836,122.704771
-147.916023,124.749275
-143.348082,126.791945
-138.778914,128.832672
-134.208434,130.871324
-129.636732,132.907675
-125.064028,134.941426
-120.490397,136.972320
-115.915818,139.000128
-111.340280,141.024591
-106.763776,143.045427
-102.186285,145.062338
-97.607778,147.074999
-93.028216,149.083063
-88.447551,151.086159
-83.865720,153.083886
-79.282648,155.075816
-74.698242,157.061489
-70.112418,159.040403
-65.525028,161.012038
-60.935730,162.975909
-56.344181,164.931482
-51.750266,166.878066
-47.153180,168.815204
-42.551899,170.742456
-37.950650,172.657134
-33.354075,174.579291
-28.732004,176.588567
-24.035237,178.786030
-19.278266,181.270699
-14.519273,184.152758
-9.848234,187.566510
-5.427093,191.650642
-1.536699,196.470307
1.468249,201.898580
3.350655,207.653281
4.046056,213.553171
3.423697,219.788193
0.982744,226.297082
-3.265971,231.962606
-8.448567,236.173767
-13.558562,239.047825
-18.494112,241.140655
-23.442488,242.796733
-28.275001,244.130628
-33.011811,245.272334
-37.795605,246.345514
-42.655568,247.386509
-47.568279,248.378922
-52.509317,249.306699
-57.467544,250.157002
-62.444456,250.919139
-67.442831,251.581852
-72.464950,252.132835
-77.514348,252.558688
-82.589531,252.844241
-87.685093,252.973146
-92.812087,252.927547
-98.019572,252.681977
-103.353012,252.196886
-108.588305,251.465299
-113.224859,250.597708
-117.013683,249.743850
-120.440553,248.866411
-124.251771,247.768340
-128.587155,246.359487
-133.227948,244.669212
-137.952411,242.780003
-142.655446,240.768329
-147.332627,238.681289
-151.992913,236.561683
-156.626601,234.460744
-161.207474,232.434399
-165.718017,230.527745
-170.181234,228.761562
-174.649918,227.143659
-179.146817,225.695920
-183.671134,224.448322
-188.227728,223.428321
-192.832965,222.663186
-197.496781,222.187178
-202.185831,222.035225
-206.821921,222.231251
-211.332002,222.776402
-215.677907,223.657992
-219.893086,224.879681
-224.026212,226.475963
-228.052460,228.478975
-231.918901,230.892237
-235.569802,233.708063
-238.949279,236.905351
-242.006346,240.450006
-244.699969,244.298567
-247.001310,248.402782
-248.893106,252.712557
-250.368193,257.177072
-251.428735,261.746562
-252.085267,266.374411
-252.355219,271.019010
-252.261043,275.645039
-251.828455,280.222659
-251.085405,284.726424
-250.060412,289.138210
-248.778954,293.451913
-247.260114,297.672881
-245.516110,301.815920
-243.532760,305.933145
-241.258159,310.110314
-238.664611,314.353402
-235.790508,318.573736
-232.701599,322.686083
-229.450852,326.654140
-226.072527,330.475675
-222.596418,334.155031
-219.040501,337.707627
-215.409537,341.157975
-211.710989,344.523968
-207.955198,347.818783
-204.151410,351.055369
-200.308343,354.246240
-196.434931,357.403137
-192.541272,360.536518
-188.638232,363.656058
-184.735356,366.772362
-180.841392,369.896598
-176.965242,373.039843
-173.103275,376.197366
-169.251907,379.364576
-165.407563,382.537010
-161.554134,385.695191
-157.663103,388.805005
-153.705277,391.832337
-149.648730,394.743491
-145.458933,397.502841
-141.103076,400.067455
-136.527625,402.394923
-131.659306,404.427829
-126.579743,406.035089
-121.620880,407.092837
-117.073789,407.635823
-112.901619,407.793257
-109.020392,407.655576
-105.395679,407.281352
-101.589547,406.642317
-97.126978,405.541240
-92.292020,403.865776
-87.580304,401.725345
-83.156247,399.263802
-78.962037,396.538743
-74.935141,393.578789
-71.044514,390.419997
-67.267752,387.102501
-63.580242,383.664908
-59.956193,380.145487
-56.369413,376.582903
-52.792947,373.015393
-49.199596,369.480551
-45.562137,366.014943
-41.853216,362.653778
-38.045554,359.431539
-34.111463,356.382708
-30.018173,353.540829
-25.699845,350.984590
-21.094381,348.814049
-16.068322,347.147632
-10.476569,346.222828
-5.017596,346.314673
-1.090725,346.938300
1.775041,347.631887
4.704758,348.523142
8.670139,350.039160
13.589342,352.413361
18.299109,354.937174
23.158444,357.419925
27.811933,359.359283
30.537415,360.261834
33.121481,360.987669
37.295443,361.856415
42.745971,362.285467
48.276849,361.884454
53.514525,360.790284
58.495628,359.156768
63.216188,357.115566
67.704073,354.771909
72.000279,352.208299
76.142138,349.496641
80.185441,346.686307
84.170284,343.749846
88.114821,340.667676
92.008409,337.438717
95.835472,334.065896
99.579034,330.554112
103.219584,326.912052
106.737008,323.151352
110.111297,319.286704
113.322136,315.337435
116.351042,311.326225
119.184211,307.275793
121.813920,303.205850
124.237697,299.132332
126.465428,295.050537
128.528779,290.901441
130.447478,286.617485
132.205530,282.181631
133.765173,277.629568
135.085100,273.043972
136.146762,268.494909
136.955846,263.992765
137.524028,259.472854
137.869676,254.860198
137.991877,250.147169
137.889257,245.364009
137.568908,240.564341
137.048038,235.800454
136.345298,231.085733
135.473699,226.405630
134.439547,221.735326
133.247190,217.060851
131.901472,212.378369
130.401951,207.671423
128.748963,202.932384
126.955809,198.187940
125.045556,193.478410
123.038328,188.826410
120.944207,184.228887
118.770680,179.679473
116.525695,175.174940
114.216123,170.711439
111.848100,166.285110
109.427413,161.892624
106.959412,157.530851
104.449047,153.196794
101.900946,148.887632
99.319452,144.600687
96.708660,140.333399
94.072455,136.083335
91.414540,131.848147
88.738340,127.625389
86.047067,123.412556
83.343938,119.207374
80.632186,115.007766
77.914982,110.811679
75.195461,106.617075
72.475461,102.422758
69.755024,98.228701
67.034190,94.034881
64.312990,89.841274
61.591455,85.647859
58.869615,81.454621
56.147494,77.261540
53.425117,73.068601
50.702505,68.875790
47.979680,64.683095
45.256659,60.490501
42.533460,56.297999
39.810099,52.105577
37.086590,47.913227
34.362948,43.720939
31.639185,39.528706
28.915312,35.336520
26.191340,31.144374
23.467278,26.952261
20.743137,22.760177
18.018925,18.568115
15.294648,14.376070
12.570316,10.184039
9.845933,5.992018
7.121507,1.800000
