# Curvature-length line (length weight 0.0005 /m², exact linearisation) in the TUM corridor (Hockenheim) widened by 1 m per side, 0.75 m margin (models/raceline.py)
# x_m,y_m
-4.726779,-4.923937
-6.872680,-0.398496
-9.019933,4.124882
-11.168711,8.646221
-13.319195,13.165530
-15.471539,17.682727
-17.625919,22.197736
-19.782522,26.710471
-21.941549,31.220834
-24.103216,35.728708
-26.267755,40.233968
-28.435417,44.736472
-30.606473,49.236066
-32.781219,53.732588
-34.959967,58.225847
-37.143044,62.715614
-39.330806,67.201643
-41.523654,71.683704
-43.722029,76.161560
-45.926403,80.634950
-48.137290,85.103594
-50.355247,89.567196
-52.580876,94.025434
-54.814828,98.477958
-57.057805,102.924392
-59.310582,107.364361
-61.573979,111.797420
-63.848791,116.222918
-66.136199,120.640776
-68.438371,125.052597
-70.756180,129.460409
-73.087246,133.865697
-75.428965,138.269592
-77.778782,142.673457
-80.134084,147.078715
-82.488932,151.488539
-84.833473,155.908185
-87.157699,160.342945
-89.451361,164.798151
-91.703826,169.279061
-93.903982,173.790837
-96.040444,178.339200
-98.100914,182.929358
-100.070145,187.561110
-101.932181,192.232802
-103.673659,196.950182
-105.282112,201.725723
-106.743552,206.576318
-108.039798,211.519085
-109.148843,216.579912
-110.039402,221.782564
-110.657442,226.970263
-110.982241,231.671852
-111.094594,235.555907
-111.080183,239.218334
-110.916507,243.480803
-110.519934,248.337340
-109.857372,253.416006
-108.950095,258.482915
-107.827131,263.475655
-106.513395,268.382553
-105.030000,273.203494
-103.389420,277.956239
-101.600532,282.656289
-99.673678,287.307979
-97.622518,291.905925
-95.461113,296.444468
-93.200031,300.924976
-90.847930,305.350920
-88.412620,309.725625
-85.901041,314.052470
-83.318187,318.336705
-80.665568,322.587562
-77.945379,326.811412
-75.163545,331.007941
-72.327197,335.174851
-69.443462,339.309810
-66.519483,343.410376
-63.562239,347.474205
-60.577384,351.500535
-57.568333,355.491198
-54.537700,359.448533
-51.488042,363.374443
-48.421444,367.270980
-45.339698,371.140148
-42.243852,374.984486
-39.132467,378.809188
-36.003152,382.620148
-32.855314,386.420678
-29.689237,390.212769
-26.505221,393.998193
-23.303722,397.778356
-20.085407,401.554264
-16.851088,405.326627
-13.601682,409.095916
-10.338178,412.862417
-7.061626,416.626260
-3.773110,420.387445
-0.473523,424.146114
2.836292,427.902391
6.154197,431.654865
9.477231,435.401157
12.803957,439.140563
16.134213,442.873749
19.467786,446.601255
22.804352,450.323432
26.143627,454.040622
29.485361,457.753149
32.829324,461.461316
36.175324,465.165417
39.523220,468.865770
42.872945,472.562730
46.224435,476.256622
49.577709,479.947830
52.933422,483.637407
56.292589,487.326768
59.655544,491.016551
63.022069,494.706766
66.391938,498.397394
69.764927,502.088401
73.140776,505.779691
76.519196,509.471126
79.899880,513.162531
83.282508,516.853701
86.666748,520.544407
90.052265,524.234401
93.438725,527.923425
96.825781,531.611198
100.213159,535.297502
103.600869,538.982419
106.989096,542.666211
110.377904,546.348997
113.767311,550.030834
117.157363,553.711799
120.548109,557.391965
123.939597,561.071391
127.331880,564.750131
130.725014,568.428234
134.119060,572.105743
137.514069,575.782682
140.910116,579.459085
144.307349,583.135061
147.705608,586.810370
151.103874,590.483834
154.501097,594.154232
157.896985,597.821152
161.291425,601.484366
164.684251,605.143572
168.075325,608.798489
171.464573,612.448888
174.851976,616.094586
178.237566,619.735441
181.621416,623.371336
185.003782,627.002331
188.385096,630.628658
191.765061,634.249745
195.152816,637.858128
198.602743,641.421771
202.174661,644.909928
205.921534,648.276407
209.895275,651.463511
214.152746,654.403021
218.738983,657.000036
223.719532,659.144206
229.120996,660.669245
234.271862,661.372529
238.326286,661.475610
241.592978,661.319785
244.656608,660.996841
247.882108,660.461047
251.341239,659.630275
255.034887,658.410943
259.043712,656.623815
263.227731,654.106328
267.209606,650.900598
270.732631,647.183034
273.755585,643.076939
276.307217,638.644654
278.414265,633.944523
280.104260,629.050199
281.418809,624.039685
282.416731,618.969983
283.164321,613.879713
283.729275,608.796629
284.178098,603.739371
284.574251,598.721821
284.976797,593.760341
285.439274,588.874153
286.008350,584.083334
286.722215,579.410610
287.609325,574.880628
288.687522,570.519257
289.973775,566.324935
291.474231,562.198004
293.225921,558.038126
295.245239,553.841249
297.528531,549.643371
300.065079,545.478080
302.838031,541.375186
305.825250,537.360359
309.003057,533.451876
312.351577,529.657548
315.853508,525.979772
319.491284,522.419936
323.247481,518.978247
327.105179,515.653736
331.048645,512.444040
335.065983,509.343880
339.148785,506.346133
343.288691,503.444644
347.477562,500.633893
351.708575,497.908198
355.975606,495.262150
360.273612,492.690365
364.602464,490.185352
368.965297,487.738811
373.361940,485.345225
377.789568,483.001066
382.245661,480.703004
386.727991,478.447900
391.234300,476.232939
395.762387,474.055563
400.310144,471.913424
404.875575,469.804364
409.456768,467.726409
414.051866,465.677770
418.659297,463.656728
423.277808,461.661618
427.904794,459.691529
432.536147,457.746303
437.170060,455.824930
441.807527,453.925411
446.449940,452.045787
451.098693,450.184287
455.755459,448.339203
460.422994,446.508572
465.103953,444.690641
469.797184,442.885269
474.498895,441.093398
479.205007,439.316117
483.911219,437.554633
488.612994,435.810275
493.306408,434.084178
497.991158,432.376203
502.669838,430.685267
507.343493,429.010970
512.012128,427.353382
516.676227,425.712493
521.336214,424.088408
525.992765,422.481238
530.650306,420.889922
535.315807,419.312715
539.992933,417.749191
544.682518,416.200025
549.385302,414.666058
554.102400,413.148148
558.833886,411.647259
563.575845,410.165716
568.323449,408.706169
573.075742,407.270130
577.833376,405.858759
582.596668,404.473475
587.365854,403.115883
592.141261,401.787733
596.923235,400.490950
601.712113,399.227653
606.508232,398.000163
611.310932,396.806907
616.119599,395.646014
620.933585,394.515831
625.752308,393.414884
630.576988,392.341491
635.410592,391.293823
640.254566,390.270621
645.108506,389.271196
649.971977,388.295011
654.844709,387.341640
659.726388,386.410809
664.616679,385.502387
669.515268,384.616380
674.421873,383.752930
679.336246,382.912315
684.258123,382.094961
689.187370,381.301422
694.124304,380.532336
699.068069,379.788685
704.014156,379.072102
708.958219,378.384241
713.899609,377.726325
718.838465,377.099629
723.774454,376.505660
728.707165,375.946097
733.636222,375.422790
738.561237,374.937764
743.481828,374.493229
748.397626,374.091586
753.308363,373.735433
758.213901,373.427578
763.113680,373.171086
768.007494,372.969241
772.900026,372.825511
777.798448,372.737851
782.705094,372.704950
787.618919,372.725904
792.539071,372.800083
797.465064,372.927151
802.396309,373.107069
807.330410,373.339994
812.263279,373.626179
817.192456,373.966126
822.117389,374.360723
827.037499,374.811181
831.952382,375.313741
836.861856,375.864966
841.767084,376.461882
846.669951,377.101939
851.571126,377.782736
856.470460,378.502000
861.367898,379.257686
866.263459,380.047964
871.157142,380.871199
876.048924,381.725942
880.938782,382.610927
885.826758,383.525075
890.712830,384.467469
895.596565,385.437278
900.478444,386.434015
905.360456,387.457699
910.233097,388.506028
915.066474,389.572004
919.831952,390.648281
924.529748,391.733746
929.233173,392.845084
934.045720,394.008528
939.000217,395.235644
944.052407,396.519494
949.074040,397.829762
953.926616,399.129196
958.557937,400.400215
963.039859,401.659281
967.547560,402.955613
972.178473,404.317207
976.913872,405.739434
981.695842,407.204708
986.477209,408.697103
991.249181,410.211862
996.014900,411.748057
1000.774807,413.304072
1005.528784,414.878238
1010.277154,416.469150
1015.020232,418.075513
1019.758268,419.696121
1024.491521,421.329864
1029.220249,422.975726
1033.944699,424.632774
1038.665153,426.300165
1043.381904,427.977133
1048.094993,429.662893
1052.804279,431.356654
1057.509900,433.057782
1062.212225,434.765785
1066.911580,436.480204
1071.608223,438.200606
1076.302380,439.926590
1080.994243,441.657784
1085.683976,443.393844
1090.371712,445.134451
1095.057561,446.879309
1099.741619,448.628148
1104.423948,450.380717
1109.104589,452.136780
1113.783708,453.896177
1118.461614,455.658827
1123.138508,457.424629
1127.814444,459.193451
1132.489461,460.965177
1137.163612,462.739715
1141.836941,464.516990
1146.509484,466.296943
1151.181277,468.079531
1155.852349,469.864729
1160.522725,471.652529
1165.192427,473.442938
1169.861473,475.235980
1174.529878,477.031695
1179.197655,478.830141
1183.864810,480.631392
1188.531352,482.435543
1193.197282,484.242704
1197.862600,486.053005
1202.527304,487.866598
1207.191389,489.683654
1211.854846,491.504368
1216.517665,493.328958
1221.179830,495.157667
1225.841339,496.990769
1230.502154,498.828556
1235.162185,500.671331
1239.821630,502.519544
1244.480543,504.373627
1249.135621,506.232707
1253.780759,508.094799
1258.412456,509.958966
1263.029510,511.825212
1267.630868,513.693629
1272.214736,515.564037
1276.779252,517.436253
1281.331486,519.313816
1285.888340,521.204506
1290.458850,523.113087
1295.042474,525.040501
1299.642515,526.989078
1304.274255,528.916951
1308.946255,530.738151
1313.761120,532.397029
1319.031876,533.852497
1325.027096,534.884884
1331.641147,535.005706
1338.273249,533.743426
1344.252608,531.041680
1349.516476,526.752434
1353.630555,520.395521
1355.048986,512.343488
1352.763385,504.425481
1348.337775,498.494738
1343.795132,494.466040
1339.402600,491.347948
1334.962155,488.598134
1330.562788,486.064107
1326.217122,483.591473
1321.865971,481.121616
1317.510444,478.652249
1313.158451,476.184944
1308.809746,473.716656
1304.464874,471.244784
1300.125390,468.767270
1295.792606,466.281877
1291.466691,463.788106
1287.147912,461.285439
1282.836562,458.773296
1278.532990,456.251045
1274.237662,453.718035
1269.950866,451.173413
1265.672258,448.615845
1261.401638,446.043954
1257.139595,443.456708
1252.886952,440.853092
1248.644529,438.231951
1244.411583,435.594611
1240.187431,432.942304
1235.971433,430.276160
1231.762991,427.597223
1227.561545,424.906453
1223.366576,422.204736
1219.177598,419.492887
1214.994155,416.771657
1210.815826,414.041736
1206.642259,411.303791
1202.473155,408.558452
1198.308200,405.806278
1194.147075,403.047769
1189.989486,400.283382
1185.835162,397.513541
1181.683849,394.738638
1177.535315,391.959032
1173.389342,389.175052
1169.245730,386.387003
1165.104291,383.595165
1160.964855,380.799794
1156.827262,378.001126
1152.691365,375.199378
1148.557028,372.394748
1144.424127,369.587419
1140.292544,366.777556
1136.161676,363.966055
1132.030922,361.153802
1127.899681,358.341681
1123.767350,355.530577
1119.633323,352.721385
1115.496981,349.915012
1111.357692,347.112387
1107.214812,344.314465
1103.067682,341.522239
1098.915522,338.736853
1094.756504,335.960946
1090.588969,333.197360
1086.411573,330.449257
1082.222766,327.719784
1078.020520,325.011934
1073.802653,322.328793
1069.566894,319.673614
1065.310820,317.049814
1061.031820,314.460995
1056.727074,311.910974
1052.393539,309.403835
1048.027922,306.943971
1043.626459,304.536038
1039.185027,302.185118
1034.699805,299.897153
1030.165132,297.677974
1025.572022,295.532977
1020.919395,293.472466
1016.218131,291.512177
1011.483203,289.668435
1006.732552,287.956865
1001.982209,286.390144
997.243267,284.977325
992.596914,283.742194
988.214231,282.713779
984.079930,281.863174
979.887232,281.121162
975.313740,280.445824
970.367050,279.872040
965.376792,279.450514
960.501534,279.177497
955.634605,279.029348
950.709171,278.996803
945.743933,279.075472
940.756162,279.259255
935.756105,279.541192
930.754206,279.913770
925.760253,280.369110
920.779901,280.899573
915.812722,281.498445
910.856216,282.159822
905.908611,282.878258
900.968838,283.648644
896.036334,284.466151
891.110826,285.326201
886.191840,286.224515
881.278599,287.157117
876.370452,288.120230
871.466817,289.110260
866.567036,290.123795
861.670420,291.157580
856.776271,292.208491
851.883871,293.273513
846.992489,294.349721
842.101381,295.434259
837.209812,296.524316
832.317025,297.617113
827.422149,298.709903
822.524708,299.799839
817.625660,300.883727
812.726347,301.958260
807.826995,303.020335
802.927489,304.066867
798.027817,305.094674
793.127915,306.100496
788.227602,307.080991
783.326564,308.032720
778.424373,308.952119
773.520553,309.835463
768.614059,310.678929
763.703133,311.478558
758.781378,312.185251
753.839165,312.749821
748.837162,313.122182
743.731998,313.239545
738.532745,313.021900
733.286405,312.383129
728.066069,311.242082
722.997047,309.546725
718.171628,307.263983
713.843826,304.516599
710.947408,302.274150
709.238186,300.824477
706.920626,298.706224
703.465140,294.970806
700.227242,290.308792
697.836446,285.553010
696.084302,280.633164
694.900456,275.520293
694.269956,270.353233
694.138717,265.186052
694.453290,260.042112
695.163149,254.949816
696.218938,249.926963
697.576028,244.975979
699.195658,240.089850
701.036700,235.273275
703.051484,230.542014
705.191116,225.908154
707.409635,221.376636
709.666951,216.944705
711.932118,212.599127
714.187061,208.310378
716.421243,204.040800
718.624096,199.754635
720.792699,195.397432
722.923909,190.901456
724.985378,186.238680
726.922283,181.415121
728.657842,176.498437
730.089379,171.726264
731.201661,167.233100
732.060901,162.855723
732.686888,158.491738
733.066951,154.179589
733.198115,149.945232
733.086109,145.723725
732.709639,141.417391
732.048348,136.995603
731.083146,132.480427
729.804697,127.913787
728.214862,123.340986
726.328818,118.810638
724.180975,114.381113
721.806207,110.082703
719.215971,105.898813
716.389013,101.778022
713.295396,97.680443
709.966801,93.651439
706.487881,89.774449
702.921265,86.082487
699.270589,82.544045
695.528652,79.126357
691.705742,75.818500
687.810986,72.610345
683.849848,69.490390
679.828128,66.448903
675.754019,63.478903
671.638472,60.575816
667.490514,57.733973
663.315781,54.945866
659.119240,52.204137
654.905830,49.501919
650.680265,46.832619
646.445798,44.189095
642.203278,41.563043
637.954182,38.946806
633.702208,36.334204
629.450783,33.720189
625.201492,31.102167
620.955962,28.477539
616.715880,25.843687
612.482976,23.197941
608.256662,20.541279
604.036389,17.874611
599.821642,15.198785
595.611942,12.514591
591.406834,9.822767
587.205891,7.124004
583.008712,4.418948
578.814918,1.708208
574.624147,-1.007643
570.436056,-3.728065
566.250321,-6.452543
562.066629,-9.180587
557.884679,-11.911731
553.704182,-14.645527
549.524857,-17.381541
545.346429,-20.119354
541.168635,-22.858552
536.991220,-25.598728
532.813878,-28.339514
528.636380,-31.080495
524.459032,-33.820903
520.282298,-36.559867
516.106110,-39.296857
511.930144,-42.031501
507.754108,-44.763393
503.577716,-47.492109
499.400653,-50.217219
495.222576,-52.938293
491.043117,-55.654882
486.861912,-58.366504
482.678517,-61.072694
478.492291,-63.773066
474.298586,-66.460270
470.092912,-69.126762
465.865307,-71.768216
461.600086,-74.383179
457.286660,-76.965968
452.921368,-79.505767
448.501883,-81.990276
444.023997,-84.407526
439.481457,-86.745651
434.887349,-88.982607
430.282227,-91.086220
425.685791,-93.039065
421.054518,-94.850121
416.262083,-96.547258
411.253140,-98.112351
406.197555,-99.460586
401.333531,-100.532279
396.690546,-101.349115
392.115520,-101.954650
387.524852,-102.355093
382.883084,-102.536146
378.149763,-102.486500
373.313405,-102.184416
368.411020,-101.608460
363.541212,-100.756168
358.824275,-99.655174
354.332164,-98.347743
350.036591,-96.853437
345.789725,-95.146519
341.495537,-93.185992
337.179035,-90.971768
332.890178,-88.524946
328.663008,-85.869191
324.513352,-83.024078
320.451395,-80.009183
316.486039,-76.846090
312.623602,-73.556882
308.867756,-70.163242
305.216387,-66.682392
301.659584,-63.123202
298.186978,-59.492083
294.791702,-55.797490
291.467251,-52.047228
288.206959,-48.247947
285.004400,-44.405655
281.852650,-40.524892
278.745921,-36.608041
275.679463,-32.658053
272.649309,-28.678310
269.651669,-24.671958
266.682908,-20.641925
263.739577,-16.591019
260.818378,-12.521933
257.916142,-8.437250
255.029806,-4.339464
252.156401,-0.230998
249.293031,3.885787
246.436857,8.008574
243.585081,12.135077
240.734930,16.263033
237.883644,20.390180
235.028453,24.514254
232.166570,28.632969
229.295168,32.744006
226.411370,36.845001
223.512228,40.933531
220.594712,45.007096
217.655684,49.063110
214.691888,53.098883
211.699915,57.111612
208.676225,61.098318
205.617093,65.055860
202.518377,68.981169
199.376114,72.870440
196.188522,76.716773
192.927604,80.488392
189.562800,84.156830
186.041925,87.712998
182.292923,91.151952
178.289782,94.409184
174.081357,97.369776
169.744329,99.939892
165.314373,102.086210
160.796691,103.799899
156.204617,105.066621
151.564872,105.868433
146.926913,106.189662
142.358651,106.028187
137.904448,105.395758
133.566066,104.295908
129.358862,102.720290
125.329607,100.676095
121.530526,98.180697
118.010810,95.260983
114.813788,91.952305
111.971045,88.290573
109.505183,84.308578
107.437111,80.044874
105.779000,75.530231
104.534439,70.757854
103.722329,65.750273
103.356301,60.615284
103.410471,55.463257
103.834002,50.344949
104.572279,45.281373
105.570134,40.290500
106.774426,35.379351
108.136068,30.545741
109.609891,25.783261
111.159083,21.069522
112.800442,16.376458
114.549689,11.689134
116.416263,7.015647
118.408396,2.368844
120.533790,-2.236596
122.798626,-6.783011
125.207834,-11.251567
127.762677,-15.619239
130.456394,-19.854894
133.275617,-23.926087
136.203847,-27.805972
139.225427,-31.477417
142.330608,-34.935605
145.535205,-38.201776
148.907879,-41.333019
152.493457,-44.389847
156.287701,-47.380429
160.277794,-50.310340
164.446081,-53.187952
168.729804,-56.000307
173.034725,-58.725925
177.295171,-61.366908
181.501778,-63.957393
185.656392,-66.533960
189.750096,-69.123784
193.769385,-71.749138
197.710336,-74.412544
201.578017,-77.122871
205.407980,-79.913200
209.247793,-82.832815
213.102341,-85.907157
216.939599,-89.135958
220.718721,-92.510157
224.397879,-96.015658
227.938491,-99.635281
231.314942,-103.358845
234.522721,-107.197995
237.560025,-111.173429
240.412595,-115.297132
243.059368,-119.576494
245.474274,-124.014981
247.626412,-128.610039
249.482177,-133.354120
251.002727,-138.219219
252.148345,-143.131249
252.899837,-147.980325
253.273340,-152.646520
253.319137,-157.035853
253.099712,-161.144533
252.644987,-165.121925
251.945578,-169.153915
250.980654,-173.266373
249.739120,-177.424929
248.139600,-181.770340
246.047622,-186.420738
243.460959,-191.158702
240.535326,-195.664669
237.395420,-199.839325
234.071986,-203.735010
230.592148,-207.384625
226.978943,-210.812766
223.236925,-214.051309
219.370230,-217.122736
215.380612,-220.045104
211.247497,-222.838574
206.942619,-225.497607
202.462220,-227.995155
197.814182,-230.296585
193.013652,-232.365237
188.087184,-234.163528
183.071392,-235.657304
178.016698,-236.818782
173.002577,-237.630218
168.120326,-238.095539
163.426820,-238.242384
158.929075,-238.106791
154.642665,-237.724121
150.583262,-237.130991
146.576685,-236.316837
142.347571,-235.205762
137.860891,-233.724417
133.291844,-231.873847
128.834976,-229.722519
124.576346,-227.341031
120.505208,-224.761763
116.570965,-221.980731
112.722558,-218.974435
108.957127,-215.744721
105.299821,-212.320233
101.768207,-208.731453
98.363369,-204.997499
95.078174,-201.129047
91.906597,-197.137095
88.847217,-193.038678
85.900336,-188.854935
83.063322,-184.604649
80.331845,-180.304853
77.701104,-175.972028
75.166123,-171.622226
72.718591,-167.264872
70.341470,-162.891068
68.017818,-158.488012
65.738832,-154.055630
63.498110,-149.597600
61.288825,-145.116237
59.104330,-140.613761
56.939217,-136.094678
54.789630,-131.566689
52.651019,-127.036010
50.519713,-122.504445
48.394135,-117.972417
46.272933,-113.440640
44.154790,-108.909766
42.038406,-104.380384
39.922529,-99.853079
37.806596,-95.328115
35.690613,-90.805495
33.574580,-86.285189
31.458490,-81.767166
29.342393,-77.251524
27.226207,-72.738095
25.109195,-68.225320
22.990505,-63.711413
20.869932,-59.195984
18.747526,-54.679202
16.623280,-50.161123
14.497166,-45.641782
12.369169,-41.121249
10.239266,-36.599601
8.107430,-32.076920
5.973622,-27.553281
3.837799,-23.028772
1.699915,-18.503494
-0.440121,-13.977476
-2.582422,-9.450720
