# Curvature-length line (length weight 0.0005 /m², exact linearisation) in the TUM corridor (Melbourne) widened by 1 m per side, 0.75 m margin (models/raceline.py)
# x_m,y_m
-5.124614,-5.584573
-8.733574,-2.125044
-12.342643,1.334339
-15.951810,4.793560
-19.561075,8.252615
-23.170443,11.711504
-26.779918,15.170221
-30.389501,18.628763
-33.999198,22.087124
-37.609013,25.545302
-41.218950,29.003290
-44.829013,32.461081
-48.439210,35.918670
-52.049547,39.376051
-55.660030,42.833214
-59.270666,46.290152
-62.881464,49.746856
-66.492433,53.203316
-70.103583,56.659521
-73.714923,60.115460
-77.326464,63.571120
-80.938221,67.026489
-84.550206,70.481551
-88.162434,73.936291
-91.774920,77.390691
-95.387681,80.844733
-99.000738,84.298398
-102.614108,87.751663
-106.227815,91.204505
-109.841881,94.656899
-113.456333,98.108817
-117.071199,101.560231
-120.686508,105.011108
-124.302292,108.461413
-127.918589,111.911110
-131.535434,115.360158
-135.152869,118.808512
-138.770940,122.256126
-142.389693,125.702949
-146.009182,129.148924
-149.629464,132.593993
-153.250599,136.038091
-156.872652,139.481146
-160.495696,142.923083
-164.119809,146.363821
-167.745073,149.803269
-171.371579,153.241332
-174.999426,156.677906
-178.628718,160.112878
-182.259570,163.546125
-185.892107,166.977516
-189.526460,170.406908
-193.162774,173.834148
-196.800811,177.259482
-200.440306,180.683183
-204.081000,184.105525
-207.722623,187.526787
-211.364873,190.947287
-215.004586,194.370354
-218.638546,197.799386
-222.263199,201.238147
-225.864176,204.701831
-229.426963,208.205814
-232.936766,211.765780
-236.378450,215.398016
-239.736212,219.119594
-242.992702,222.948069
-246.130008,226.903693
-249.131058,231.013896
-251.971312,235.305778
-254.612076,239.795524
-257.009349,244.500464
-259.104017,249.417332
-260.781635,254.333013
-261.947296,258.700181
-262.678323,262.108719
-263.216309,265.131001
-263.715946,268.734462
-264.103419,273.221086
-264.208124,278.515235
-263.940537,283.999343
-263.396957,289.198605
-262.654160,294.283628
-261.773558,299.283282
-260.838935,304.077650
-259.892381,308.726108
-258.952665,313.340993
-258.051424,317.953455
-257.224012,322.575166
-256.506035,327.220212
-255.935943,331.894437
-255.539910,336.594950
-255.338576,341.314577
-255.333573,346.041840
-255.526177,350.764966
-255.917568,355.474426
-256.509192,360.161520
-257.302721,364.816964
-258.299967,369.430895
-259.502866,373.993061
-260.895488,378.498210
-262.462309,382.941615
-264.188206,387.319264
-266.059390,391.629796
-268.063856,395.874448
-270.191642,400.056736
-272.435528,404.183070
-274.790039,408.260429
-277.251939,412.297187
-279.832322,416.320884
-282.553033,420.368371
-285.415553,424.441392
-288.397979,428.511167
-291.470396,432.544574
-294.608284,436.520981
-297.801288,440.439710
-301.044679,444.306408
-304.333625,448.125587
-307.663522,451.901225
-311.030024,455.636914
-314.429141,459.336056
-317.857228,463.001907
-321.310904,466.637543
-324.787027,470.245879
-328.282671,473.829697
-331.795101,477.391657
-335.321751,480.934310
-338.860198,484.460109
-342.408144,487.971426
-345.963395,491.470560
-349.523856,494.959759
-353.087497,498.441219
-356.652300,501.917058
-360.216394,505.389475
-363.778371,508.861082
-367.336860,512.334522
-370.890027,515.812013
-374.435856,519.295643
-377.972309,522.787553
-381.497275,526.289912
-385.008546,529.804900
-388.506374,533.332174
-391.990945,536.871477
-395.462374,540.422635
-398.920706,543.985556
-402.365911,547.560223
-405.797887,551.146697
-409.216473,554.745136
-412.621403,558.355744
-416.012256,561.978721
-419.388894,565.614730
-422.753349,569.263996
-426.107343,572.926599
-429.451717,576.601818
-432.787119,580.288855
-436.114211,583.987049
-439.433590,587.695785
-442.745782,591.414479
-446.051259,595.142591
-449.350445,598.879625
-452.643710,602.625118
-455.931384,606.378648
-459.213762,610.139839
-462.491078,613.908323
-465.763518,617.683757
-469.031415,621.466041
-472.294853,625.254861
-475.552231,629.048005
-478.801398,632.842653
-482.041869,636.637976
-485.273976,640.434164
-488.497890,644.231288
-491.713724,648.029419
-494.921623,651.828726
-498.121746,655.629469
-501.314494,659.432260
-504.500547,663.238116
-507.680441,667.047965
-510.854491,670.862549
-514.023052,674.682736
-517.186601,678.509631
-520.345644,682.344467
-523.500553,686.188417
-526.652275,690.043468
-529.802991,693.913264
-532.953600,697.800045
-536.102544,701.703158
-539.247587,705.621217
-542.386377,709.552785
-545.516375,713.496285
-548.634900,717.450055
-551.739167,721.412385
-554.827018,725.382466
-557.897619,729.361335
-560.950304,733.350448
-563.983822,737.350717
-566.996796,741.363111
-569.987812,745.388787
-572.955251,749.428891
-575.897331,753.484635
-578.812629,757.558047
-581.700003,761.651966
-584.557679,765.768803
-587.383172,769.910433
-590.173708,774.078799
-592.926216,778.275951
-595.637250,782.503972
-598.302971,786.764990
-600.919104,791.061164
-603.480922,795.394705
-605.983247,799.767949
-608.399427,804.194873
-610.673707,808.704222
-612.748354,813.326054
-614.560172,818.090054
-616.034034,823.014651
-617.087228,828.143897
-617.601938,833.551339
-617.419668,839.066351
-616.530725,844.256877
-615.229245,848.604974
-613.946825,851.846741
-612.669408,854.590300
-611.075414,857.547246
-608.964904,860.854296
-606.114494,864.487835
-602.318469,868.245351
-597.821831,871.590772
-593.150866,874.214550
-588.598747,876.200183
-584.069160,877.767011
-579.388496,879.050357
-574.525976,880.093303
-569.529857,880.923696
-564.475716,881.570783
-559.408178,882.079289
-554.338954,882.499754
-549.277488,882.882118
-544.233427,883.275327
-539.213863,883.727337
-534.224022,884.285190
-529.268898,884.995473
-524.353543,885.905375
-519.490938,887.062331
-514.711048,888.510528
-510.059523,890.286489
-505.602331,892.409301
-501.433353,894.860423
-497.660895,897.564384
-494.350300,900.413993
-491.409044,903.424603
-488.687413,906.767271
-486.164762,910.523680
-483.912712,914.674843
-481.987063,919.200325
-480.433447,924.067524
-479.292933,929.151573
-478.558058,934.278681
-478.167514,939.334164
-478.045054,944.324600
-478.130535,949.300619
-478.374986,954.273986
-478.731470,959.246668
-479.181593,964.221825
-479.714651,969.200332
-480.320119,974.181608
-480.987252,979.162268
-481.704886,984.136104
-482.462381,989.100444
-483.249996,994.057085
-484.058328,999.008274
-484.878131,1003.956056
-485.700284,1008.902591
-486.515705,1013.850077
-487.315257,1018.800670
-488.089667,1023.756435
-488.829434,1028.719290
-489.524751,1033.690945
-490.165419,1038.672842
-490.740764,1043.666033
-491.239549,1048.670950
-491.649969,1053.688024
-491.959517,1058.717360
-492.154727,1063.750095
-492.222469,1068.766368
-492.151220,1073.753225
-491.929659,1078.711371
-491.543537,1083.659074
-490.969994,1088.639889
-490.178705,1093.674751
-489.134920,1098.759903
-487.797044,1103.890211
-486.306440,1108.559065
-484.964497,1112.209381
-483.479009,1115.838445
-481.637556,1119.877450
-479.558815,1123.961462
-477.177673,1128.168960
-474.465772,1132.485669
-471.511122,1136.742975
-468.395893,1140.843854
-465.146419,1144.789462
-461.774957,1148.595576
-458.295588,1152.271663
-454.718781,1155.828293
-451.053403,1159.275118
-447.307794,1162.620305
-443.489258,1165.871396
-439.604211,1169.035379
-435.658403,1172.118672
-431.656973,1175.127212
-427.604522,1178.066513
-423.505151,1180.941720
-419.362475,1183.757670
-415.179857,1186.518792
-410.960424,1189.229161
-406.705626,1191.893434
-402.415563,1194.516570
-398.092492,1197.101758
-393.740923,1199.650589
-389.365501,1202.164422
-384.970727,1204.644553
-380.561035,1207.092161
-376.140678,1209.508371
-371.713622,1211.894303
-367.283459,1214.251110
-362.853307,1216.580026
-358.425728,1218.882398
-354.002650,1221.159726
-349.585200,1223.413741
-345.173693,1225.646409
-340.768066,1227.859717
-336.366211,1230.056512
-331.959865,1232.242515
-327.540128,1234.423548
-323.104297,1236.602233
-318.652449,1238.779767
-314.185102,1240.957106
-309.703509,1243.134830
-305.209475,1245.313244
-300.705300,1247.492412
-296.194516,1249.671804
-291.680647,1251.850897
-287.165424,1254.030035
-282.649665,1256.209999
-278.134273,1258.391538
-273.620198,1260.575386
-269.108380,1262.762299
-264.599763,1264.953055
-260.095308,1267.148452
-255.596078,1269.349272
-251.103204,1271.556305
-246.617767,1273.770408
-242.140826,1275.992506
-237.673437,1278.223583
-233.216650,1280.464692
-228.771504,1282.716968
-224.339031,1284.981633
-219.920257,1287.260004
-215.516205,1289.553503
-211.127899,1291.863666
-206.756371,1294.192150
-202.402667,1296.540744
-198.067861,1298.911378
-193.753058,1301.306133
-189.459419,1303.727250
-185.188174,1306.177139
-180.940630,1308.658396
-176.718239,1311.173792
-172.504703,1313.696702
-168.270764,1316.184719
-163.981894,1318.597823
-159.602602,1320.893689
-155.094758,1323.025723
-150.373202,1324.954374
-145.355690,1326.605882
-140.146568,1327.831622
-134.927257,1328.519920
-130.054987,1328.662149
-126.773225,1328.520068
-124.598698,1328.349024
-120.244038,1327.793710
-114.412715,1326.405787
-109.257602,1324.549990
-104.563409,1322.419320
-100.187383,1320.116059
-96.053773,1317.716488
-92.037553,1315.232380
-88.061924,1312.682531
-84.092812,1310.107825
-80.092534,1307.547337
-76.009190,1304.983468
-71.794443,1302.405558
-67.436904,1299.830990
-62.964517,1297.302846
-58.474808,1294.897874
-54.063346,1292.676457
-49.773838,1290.658438
-45.612504,1288.839055
-41.468575,1287.167493
-37.203039,1285.575734
-32.777045,1284.048340
-28.198480,1282.587685
-23.482627,1281.195735
-18.655123,1279.873958
-13.747770,1278.621578
-8.794572,1277.434876
-3.827827,1276.307198
1.133133,1275.227781
6.079618,1274.183590
11.004071,1273.161859
15.899628,1272.150273
20.760907,1271.136862
25.583260,1270.110157
30.362457,1269.059240
35.099353,1267.972588
39.804405,1266.836489
44.486403,1265.636951
49.145038,1264.361490
53.777210,1262.997786
58.378887,1261.533179
62.944182,1259.954913
67.471556,1258.266668
71.959499,1256.471557
76.406430,1254.572146
80.810625,1252.570484
85.170166,1250.468138
89.482887,1248.266212
93.746314,1245.965395
97.957623,1243.565984
102.113666,1241.067868
106.210746,1238.470676
110.244054,1235.774196
114.210854,1232.981711
118.108943,1230.095616
121.936153,1227.117656
125.689947,1224.049199
129.367411,1220.891247
132.965228,1217.644461
136.479615,1214.309211
139.906271,1210.885640
143.240324,1207.373714
146.476285,1203.773292
149.608003,1200.084197
152.628622,1196.306296
155.530556,1192.439578
158.311705,1188.488680
160.978077,1184.463533
163.535962,1180.372641
165.991944,1176.222865
168.352415,1172.020119
170.623347,1167.769843
172.810565,1163.476587
174.919872,1159.143730
176.957007,1154.773508
178.927212,1150.367959
180.835823,1145.927680
182.690900,1141.445091
184.500661,1136.909544
186.268837,1132.319657
187.996485,1127.680628
189.684495,1122.998454
191.333696,1118.279671
192.944939,1113.531074
194.519016,1108.759885
196.056437,1103.974414
197.558555,1099.180425
199.027900,1094.379523
200.467136,1089.572141
201.878666,1084.758829
203.264709,1079.940091
204.627313,1075.116380
205.968369,1070.288122
207.289626,1065.455708
208.592705,1060.619496
209.879108,1055.779819
211.150229,1050.936985
212.407362,1046.091278
213.651713,1041.242965
214.884404,1036.392296
216.106488,1031.539479
217.318942,1026.684747
218.522616,1021.828585
219.718276,1016.971581
220.906697,1012.114089
222.088639,1007.256331
223.264816,1002.398538
224.435906,997.540934
225.602559,992.683722
226.765400,987.827091
227.925030,982.971217
229.082035,978.116266
230.236984,973.262387
231.390436,968.409727
232.542945,963.558412
233.695068,958.708529
234.847337,953.860252
236.000281,949.013788
237.154680,944.168296
238.311593,939.321821
239.471883,934.473299
240.636125,929.622944
241.767779,924.762290
242.811359,919.877313
243.710040,914.954143
244.403911,909.982901
244.829454,904.941830
244.909550,899.780767
244.539764,894.498586
243.614939,889.204413
242.048992,884.004123
239.911800,879.228713
237.952762,875.832028
236.407983,873.484942
234.459154,870.826436
231.538310,867.411797
227.574193,863.676874
223.180541,860.356871
218.844830,857.595895
214.576375,855.179453
210.340000,852.951697
206.124706,850.808041
201.934465,848.665078
197.781510,846.446753
193.652921,844.111243
189.548772,841.617415
185.490523,838.929750
181.547804,836.043644
177.896468,833.063238
174.766025,830.225337
171.939959,827.400395
168.780083,823.895306
165.565878,819.848199
162.645518,815.656491
159.979919,811.321622
157.534531,806.829507
155.299792,802.197207
153.272952,797.460425
151.448392,792.660505
149.812857,787.828835
148.345612,782.974978
147.024850,778.095401
145.833539,773.193988
144.756756,768.278018
143.779885,763.352192
142.888935,758.419895
142.070657,753.484340
141.312329,748.548001
140.601482,743.609722
139.934249,738.664610
139.307629,733.710679
138.719263,728.748553
138.167008,723.778748
137.648919,718.801591
137.163268,713.817514
136.708529,708.826988
136.283355,703.830494
135.886581,698.828528
135.517208,693.821600
135.174402,688.810232
134.857486,683.794950
134.565935,678.776260
134.299378,673.754712
134.057594,668.730880
133.840498,663.705145
133.648174,658.678379
133.480885,653.652873
133.339004,648.631436
133.222995,643.616725
133.133405,638.611241
133.070870,633.617215
133.036121,628.636721
133.029982,623.671234
133.053418,618.719342
133.107624,613.777582
133.194032,608.844078
133.314271,603.918268
133.470183,598.999485
133.663832,594.087029
133.897515,589.180477
134.173761,584.279643
134.495434,579.383377
134.865847,574.489192
135.288648,569.595741
135.767719,564.703547
136.307258,559.813591
136.911811,554.927118
137.579610,550.044765
138.309266,545.166956
139.099637,540.294763
139.949437,535.431699
140.857536,530.581325
141.823468,525.744868
142.847221,520.922899
143.929071,516.116290
145.069611,511.326022
146.269766,506.553125
147.530787,501.798755
148.854239,497.064224
150.242009,492.351021
151.696307,487.660818
153.219661,482.995528
154.814929,478.357296
156.485303,473.748519
158.234187,469.172208
160.056674,464.628158
161.949538,460.113371
163.911084,455.622991
165.939195,451.154781
168.031202,446.708791
170.184799,442.285079
172.398045,437.883714
174.669322,433.504864
176.997446,429.148588
179.380792,424.816427
181.816317,420.512858
184.301547,416.241523
186.835864,412.003272
189.419185,407.798702
192.051526,403.628892
194.733181,399.495092
197.464339,395.398445
200.241042,391.337285
203.059772,387.309930
205.917452,383.314645
208.811436,379.349643
211.739503,375.413080
214.699888,371.502994
217.691266,367.617323
220.712539,363.754160
223.763289,359.911165
226.845206,356.083836
229.960420,352.267685
233.109136,348.461044
236.290683,344.663613
239.504530,340.875181
242.750181,337.095753
246.027047,333.325690
249.334521,329.565615
252.672231,325.816124
256.039570,322.078322
259.435003,318.354557
262.856506,314.647869
266.302035,310.961461
269.769604,307.298603
273.257301,303.662620
276.763323,300.056847
280.287398,296.483204
283.832095,292.941028
287.400348,289.429722
290.993762,285.950416
294.613959,282.504583
298.262926,279.093727
301.942779,275.719641
305.655787,272.384409
309.404421,269.090390
313.191367,265.840250
317.019541,262.636987
320.894543,259.486814
324.822316,256.396413
328.809240,253.372949
332.862150,250.424229
336.988157,247.559021
341.195649,244.786611
345.495769,242.116388
349.898460,239.560879
354.408841,237.137563
359.034040,234.864803
363.769588,232.768115
368.537959,230.898043
373.187073,229.308026
377.573428,228.013408
381.732808,226.963378
385.886754,226.086189
390.172822,225.368049
394.597909,224.814932
399.167490,224.427807
403.911205,224.207061
408.822412,224.155254
413.846275,224.267950
418.910358,224.527850
423.953697,224.907729
428.960539,225.379461
433.941918,225.918328
438.906267,226.501085
443.859785,227.105217
448.809152,227.708796
453.759174,228.289833
458.715726,228.826328
463.689291,229.296152
468.688995,229.675699
473.718572,229.939189
478.775306,230.058838
483.874230,230.004468
489.077190,229.735418
494.199699,229.226609
498.563809,228.591775
502.108444,227.947999
505.572373,227.210321
509.615675,226.207796
514.508177,224.758476
519.637527,222.934596
524.518802,220.914569
529.195824,218.734277
533.735070,216.401539
538.163000,213.930898
542.493659,211.338370
546.733813,208.641720
550.894615,205.854140
554.987442,202.986688
559.021826,200.050133
563.006618,197.054587
566.950142,194.009673
570.860704,190.924336
574.747596,187.806181
578.614196,184.655878
582.462215,181.475008
586.292809,178.265336
590.107059,175.028446
593.905855,171.765843
597.689904,168.478980
601.459767,165.169221
605.215878,161.837850
608.958550,158.486067
612.688003,155.114972
616.404390,151.725550
620.107726,148.318736
623.797902,144.895412
627.475210,141.455916
631.139553,138.000773
634.786903,134.534107
638.411947,131.061259
642.013820,127.583271
645.594333,124.098421
649.155243,120.604800
652.698749,117.099812
656.227069,113.580570
659.742606,110.043705
663.253522,106.479625
666.768551,102.877499
670.279893,99.243014
673.768516,95.593771
677.216831,91.946595
680.623847,88.301161
684.007466,84.636285
687.383097,80.932012
690.758157,77.175731
694.120261,73.376198
697.437176,69.565675
700.681797,65.772907
703.836161,62.018159
706.904504,58.296265
709.920382,54.564645
712.906615,50.790017
715.862914,46.965573
718.782931,43.091469
721.657695,39.171118
724.480156,35.205258
727.246464,31.190689
729.951877,27.124538
732.590306,23.005020
735.155786,18.829163
737.653197,14.600407
740.079573,10.335597
742.425921,6.064499
744.691070,1.804869
746.881023,-2.439326
749.011157,-6.684969
751.115450,-10.992125
753.216456,-15.405061
755.310209,-19.915190
757.384235,-24.493325
759.424426,-29.102877
761.424830,-33.722701
763.388115,-38.350884
765.317708,-42.988033
767.216243,-47.633604
769.086132,-52.287131
770.929600,-56.948263
772.748664,-61.616652
774.545150,-66.291948
776.320695,-70.973762
778.076780,-75.661703
779.814758,-80.355419
781.535860,-85.054588
783.241202,-89.758913
784.931796,-94.468121
786.608559,-99.181965
788.272314,-103.900221
789.923801,-108.622687
791.563680,-113.349182
793.192534,-118.079545
794.810876,-122.813637
796.419152,-127.551336
798.017740,-132.292539
799.606954,-137.037150
801.187066,-141.785150
802.758323,-146.536640
804.320906,-151.291716
805.874904,-156.050391
807.420348,-160.812684
808.957216,-165.578646
810.485428,-170.348342
812.004847,-175.121855
813.515279,-179.899285
815.016469,-184.680753
816.508100,-189.466399
817.989793,-194.256384
819.461101,-199.050887
820.921504,-203.850107
822.370406,-208.654244
823.807148,-213.463577
825.230991,-218.278427
826.640909,-223.098443
828.035570,-227.922530
829.413709,-232.750116
830.774165,-237.581344
832.115670,-242.416374
833.436817,-247.255308
834.736082,-252.098289
836.011820,-256.945502
837.262242,-261.797158
838.485419,-266.653524
839.679278,-271.514967
840.841557,-276.381840
841.947868,-281.259487
842.943796,-286.161156
843.773838,-291.100716
844.379132,-296.087200
844.696501,-301.139955
844.647223,-306.316070
844.123015,-311.609776
843.014240,-316.913623
841.142904,-322.293846
839.045364,-326.544705
838.081404,-328.250691
836.703805,-330.536756
833.584942,-334.900633
829.723520,-339.023529
825.678638,-342.441314
821.446743,-345.396250
817.104204,-347.975075
812.676845,-350.268908
808.164905,-352.359736
803.582853,-354.311132
798.952146,-356.181031
794.298637,-358.026062
789.638717,-359.863844
784.977984,-361.693866
780.316843,-363.517597
775.655431,-365.336542
770.994384,-367.151961
766.334239,-368.965112
761.675459,-370.777255
757.018520,-372.589626
752.363903,-374.403449
747.712083,-376.219952
743.063543,-378.040362
738.418776,-379.865921
733.778259,-381.697895
729.142501,-383.537565
724.512180,-385.386173
719.887581,-387.245157
715.267456,-389.116628
710.650129,-391.001616
706.030422,-392.888269
701.403510,-394.764532
696.764404,-396.618270
692.108120,-398.437104
687.429173,-400.208496
682.722323,-401.919328
677.986575,-403.554469
673.222054,-405.098163
668.423616,-406.535932
663.582100,-407.853328
658.674042,-409.037023
653.669778,-410.069705
648.585645,-410.920357
643.482600,-411.554889
638.430614,-411.950529
633.482639,-412.099794
628.669891,-412.006307
624.021068,-411.680936
619.544529,-411.138080
615.179316,-410.378347
610.845601,-409.379366
606.525199,-408.129294
602.238742,-406.622374
598.014319,-404.857761
593.876764,-402.836666
589.832808,-400.572725
585.884816,-398.077076
582.034711,-395.359993
578.283503,-392.430695
574.632811,-389.298739
571.080320,-385.970045
567.615978,-382.441077
564.245066,-378.722588
560.991018,-374.851521
557.874149,-370.872468
554.900415,-366.820458
552.055698,-362.704857
549.320118,-358.522274
546.680708,-354.275271
544.128577,-349.970744
541.656871,-345.618107
539.258229,-341.225317
536.924199,-336.797463
534.646534,-332.338986
532.417329,-327.854074
530.228854,-323.346508
528.073531,-318.819722
525.943906,-314.276894
523.832773,-309.721361
521.733209,-305.156835
519.638370,-300.587098
517.541427,-296.015955
515.435555,-291.447301
513.313897,-286.885129
511.169525,-282.333546
508.995423,-277.796806
506.784449,-273.279335
504.529311,-268.785762
502.222526,-264.320937
499.856387,-259.889976
497.422962,-255.498371
494.913941,-251.151843
492.320450,-246.856225
489.634117,-242.619339
486.811215,-238.474890
483.770078,-234.476778
480.427074,-230.686323
476.677950,-227.168365
472.324390,-223.984834
467.287869,-221.398394
462.324957,-219.839291
458.555925,-219.164895
455.453536,-218.861213
452.201082,-218.769218
448.440410,-218.967207
443.329735,-219.887977
437.906510,-221.883056
433.277696,-224.477953
429.161828,-227.487020
425.394399,-230.831808
421.909125,-234.417262
418.623183,-238.183238
415.464290,-242.069171
412.403203,-246.045504
409.409292,-250.084422
406.451943,-254.157729
403.500252,-258.237205
400.521291,-262.297212
397.483887,-266.309482
394.369040,-270.231026
391.163425,-274.017322
387.850259,-277.635305
384.417904,-281.052752
380.866588,-284.233707
377.206805,-287.143999
373.456999,-289.755501
369.623105,-292.057669
365.668683,-294.082798
361.548876,-295.845127
357.272371,-297.321328
352.873138,-298.482007
348.389813,-299.304923
343.861953,-299.798503
339.311920,-299.977458
334.747737,-299.856452
330.168681,-299.446425
325.573550,-298.754168
320.970783,-297.785737
316.372761,-296.548555
311.777341,-295.046046
307.169272,-293.273644
302.563361,-291.236301
298.004942,-288.959581
293.537106,-286.480303
289.178725,-283.831001
284.925630,-281.032747
280.772438,-278.104814
276.714894,-275.066409
272.746612,-271.934359
268.860280,-268.723721
265.048625,-265.448524
261.303679,-262.121167
257.613662,-258.749445
253.964922,-255.338048
250.347214,-251.893805
246.752689,-248.425301
243.173424,-244.940761
239.601441,-241.448166
236.028896,-237.955532
232.455110,-234.463584
228.880049,-230.972532
225.303740,-227.482603
221.726136,-223.993936
218.147136,-220.506616
214.566649,-217.020737
210.984585,-213.536397
207.400849,-210.053694
203.815557,-206.572512
200.228817,-203.092740
196.640730,-199.614275
193.051389,-196.137023
189.460880,-192.660896
185.869283,-189.185811
182.276672,-185.711694
178.683114,-182.238475
175.088674,-178.766088
171.493409,-175.294475
167.897372,-171.823579
164.300615,-168.353351
160.703182,-164.883742
157.105117,-161.414709
153.506458,-157.946211
149.907242,-154.478211
146.307502,-151.010675
142.707270,-147.543571
139.106572,-144.076868
135.505438,-140.610540
131.903891,-137.144563
128.301952,-133.678911
124.699643,-130.213563
121.096984,-126.748501
117.493991,-123.283706
113.890681,-119.819159
110.287076,-116.354853
106.683205,-112.890788
103.079088,-109.426957
99.474737,-105.963347
95.870162,-102.499948
92.265373,-99.036748
88.660379,-95.573738
85.055189,-92.110910
81.449810,-88.648255
77.844249,-85.185766
74.238514,-81.723435
70.632609,-78.261258
67.026540,-74.799228
63.420313,-71.337340
59.813931,-67.875590
56.207398,-64.413973
52.600718,-60.952485
48.993895,-57.491123
45.386930,-54.029885
41.779826,-50.568766
38.172585,-47.107766
34.565211,-43.646883
30.957702,-40.186114
27.350062,-36.725458
23.742290,-33.264915
20.134386,-29.804482
16.526353,-26.344161
12.918189,-22.883951
9.309893,-19.423851
5.701467,-15.963863
2.092908,-12.503987
-1.515785,-9.044224
