# Curvature-length line (length weight 0.0005 /m², exact linearisation) in the TUM corridor (MexicoCity) widened by 1 m per side, 0.75 m margin (models/raceline.py)
# x_m,y_m
-0.905502,9.986732
4.039144,9.263375
8.984145,8.540930
13.929532,7.819560
18.875330,7.099432
23.821556,6.380635
28.768199,5.663092
33.715249,4.946729
38.662698,4.231475
43.610538,3.517266
48.558759,2.804040
53.507352,2.091741
58.456312,1.380316
63.405630,0.669716
68.355299,-0.040104
73.305312,-0.749186
78.255663,-1.457569
83.206343,-2.165289
88.157350,-2.872380
93.108684,-3.578874
98.060288,-4.284793
103.012060,-4.990149
107.963949,-5.694961
112.915957,-6.399252
117.868082,-7.103045
122.820319,-7.806358
127.772668,-8.509212
132.725123,-9.211622
137.677683,-9.913604
142.630346,-10.615175
147.583110,-11.316346
152.535971,-12.017131
157.488929,-12.717541
162.441982,-13.417588
167.395126,-14.117282
172.348362,-14.816631
177.301688,-15.515645
182.255101,-16.214332
187.208602,-16.912699
192.162188,-17.610754
197.115859,-18.308502
202.069612,-19.005950
207.023448,-19.703104
211.977365,-20.399968
216.931362,-21.096547
221.885440,-21.792847
226.839598,-22.488871
231.793816,-23.184620
236.748071,-23.880095
241.702353,-24.575298
246.656664,-25.270233
251.611004,-25.964902
256.565372,-26.659308
261.519769,-27.353453
266.474195,-28.047341
271.428647,-28.740973
276.383126,-29.434351
281.337634,-30.127477
286.292169,-30.820352
291.246730,-31.512980
296.201318,-32.205360
301.155932,-32.897495
306.110573,-33.589385
311.065241,-34.281032
316.019935,-34.972437
320.974654,-35.663601
325.929400,-36.354526
330.884172,-37.045211
335.838969,-37.735657
340.793793,-38.425867
345.748642,-39.115839
350.703516,-39.805575
355.658416,-40.495076
360.613342,-41.184342
365.568293,-41.873373
370.523269,-42.562170
375.478271,-43.250734
380.433298,-43.939064
385.388350,-44.627161
390.343428,-45.315026
395.298530,-46.002658
400.253657,-46.690058
405.208811,-47.377227
410.163988,-48.064164
415.119190,-48.750869
420.074418,-49.437344
425.029671,-50.123587
429.984948,-50.809599
434.940250,-51.495380
439.895578,-52.180931
444.850931,-52.866251
449.806307,-53.551340
454.761708,-54.236199
459.717135,-54.920828
464.672586,-55.605225
469.628062,-56.289393
474.583563,-56.973330
479.539087,-57.657037
484.494637,-58.340513
489.450211,-59.023759
494.405811,-59.706775
499.361443,-60.389562
504.317110,-61.072120
509.272816,-61.754449
514.228559,-62.436550
519.184337,-63.118422
524.140153,-63.800066
529.096005,-64.481481
534.051894,-65.162668
539.007820,-65.843627
543.963783,-66.524358
548.919783,-67.204860
553.875819,-67.885134
558.831892,-68.565181
563.788002,-69.245000
568.744148,-69.924591
573.700331,-70.603955
578.656552,-71.283092
583.612808,-71.962002
588.569101,-72.640686
593.525431,-73.319144
598.481797,-73.997376
603.438200,-74.675383
608.394639,-75.353166
613.351115,-76.030724
618.307628,-76.708060
623.264175,-77.385173
628.220760,-78.062064
633.177381,-78.738735
638.134037,-79.415186
643.090729,-80.091418
648.047457,-80.767434
653.004221,-81.443233
657.961020,-82.118819
662.917853,-82.794191
667.874722,-83.469353
672.831626,-84.144307
677.788563,-84.819055
682.745534,-85.493598
687.702540,-86.167941
692.659578,-86.842086
697.616650,-87.516036
702.573754,-88.189795
707.530890,-88.863367
712.488057,-89.536755
717.445255,-90.209966
722.402484,-90.883004
727.359742,-91.555875
732.317028,-92.228584
737.274342,-92.901139
742.231683,-93.573547
747.189049,-94.245815
752.146440,-94.917953
757.103856,-95.589969
762.061288,-96.261874
767.018714,-96.933675
771.976114,-97.605383
776.933486,-98.277009
781.890828,-98.948570
786.848138,-99.620080
791.805414,-100.291556
796.762652,-100.963018
801.719850,-101.634484
806.677003,-102.305976
811.634108,-102.977520
816.591163,-103.649139
821.548162,-104.320863
826.505100,-104.992722
831.461973,-105.664750
836.418777,-106.336982
841.375503,-107.009458
846.332148,-107.682220
851.288705,-108.355317
856.245164,-109.028799
861.201521,-109.702722
866.157766,-110.377147
871.113888,-111.052142
876.069874,-111.727780
881.025731,-112.404146
885.981442,-113.081334
890.936893,-113.759436
895.892309,-114.438616
900.848931,-115.119231
905.807867,-115.801831
910.769083,-116.487654
915.732327,-117.177960
920.697370,-117.874077
925.663886,-118.577393
930.624466,-119.341796
935.566043,-120.254597
940.470173,-121.404426
945.322219,-122.886952
950.117135,-124.820284
954.789389,-127.333987
959.296857,-130.645370
963.523832,-135.156796
966.066788,-139.001479
967.006167,-140.648202
967.925521,-142.352984
969.579791,-145.839713
971.284703,-150.904970
972.265531,-156.099333
972.654167,-161.164217
972.618259,-166.181935
972.271441,-171.172462
971.714934,-176.145252
971.047854,-181.104354
970.368847,-186.054407
969.774186,-191.011673
969.360349,-196.001762
969.230683,-201.030640
969.492507,-206.066839
970.239414,-211.022907
971.542904,-215.822733
973.430016,-220.346844
975.279571,-223.671672
976.521956,-225.617791
978.545202,-228.423908
982.086235,-232.359542
986.089765,-235.911279
990.119178,-239.068406
994.204508,-242.179187
998.277126,-245.490242
1001.915477,-248.944383
1004.526454,-251.920313
1006.130825,-254.000766
1008.034990,-256.745545
1010.665865,-261.522425
1012.634486,-266.933209
1013.753468,-272.126774
1014.290142,-277.220900
1014.378252,-282.258401
1014.107851,-287.254928
1013.549838,-292.238000
1012.768526,-297.217793
1011.828705,-302.200160
1010.738288,-307.186802
1009.505054,-312.176929
1008.138662,-317.162314
1006.654528,-322.118944
1005.069569,-327.025256
1003.395756,-331.877689
1001.646219,-336.668508
999.837679,-341.380874
997.982760,-346.009137
996.081211,-350.576309
994.112703,-355.144966
992.064669,-359.750523
989.948893,-364.371644
987.786528,-368.970349
985.590675,-373.529145
983.364531,-378.051443
981.108763,-382.544547
978.824441,-387.013747
976.512801,-391.463099
974.175170,-395.895770
971.813017,-400.314087
969.427955,-404.719645
967.021714,-409.113452
964.596087,-413.496077
962.152924,-417.867718
959.694027,-422.228414
957.220666,-426.578918
954.733515,-430.920781
952.233387,-435.255073
949.721318,-439.582284
947.198239,-443.902907
944.664979,-448.217455
942.122312,-452.526379
939.570957,-456.830093
937.011573,-461.128983
934.444770,-465.423408
931.871110,-469.713695
929.291109,-474.000150
926.705244,-478.283054
924.113957,-482.562665
921.517650,-486.839225
918.916697,-491.112953
916.311441,-495.384054
913.702197,-499.652716
911.089253,-503.919112
908.472877,-508.183400
905.853312,-512.445727
903.230781,-516.706228
900.605487,-520.965025
897.977618,-525.222231
895.347343,-529.477949
892.714817,-533.732273
890.080178,-537.985289
887.443553,-542.237072
884.805055,-546.487694
882.164785,-550.737216
879.522832,-554.985695
876.879276,-559.233179
874.234185,-563.479712
871.587618,-567.725330
868.939622,-571.970066
866.290240,-576.213946
863.639500,-580.456990
860.987426,-584.699214
858.334031,-588.940629
855.679321,-593.181239
853.023291,-597.421047
850.365932,-601.660047
847.707222,-605.898229
845.047134,-610.135580
842.385629,-614.372080
839.722662,-618.607704
837.058178,-622.842421
834.392111,-627.076195
831.724387,-631.308986
829.054920,-635.540744
826.383615,-639.771416
823.710363,-644.000941
821.035044,-648.229252
818.357529,-652.456268
815.677697,-656.681866
812.995420,-660.905900
810.310544,-665.128238
807.622894,-669.348738
804.932280,-673.567249
802.238495,-677.783604
799.541312,-681.997622
796.840483,-686.209109
794.135739,-690.417857
791.426784,-694.623640
788.713299,-698.826213
785.994935,-703.025315
783.271313,-707.220660
780.542023,-711.411944
777.806620,-715.598834
775.064620,-719.780974
772.315501,-723.957977
769.558694,-728.129424
766.793589,-732.294865
764.019522,-736.453806
761.235777,-740.605718
758.441579,-744.750024
755.636092,-748.886102
752.818419,-753.013263
749.987593,-757.130764
747.142516,-761.237870
744.282123,-765.333617
741.405827,-769.416170
738.513119,-773.483410
735.602973,-777.533768
732.674001,-781.565962
729.724863,-785.578405
726.754566,-789.568806
723.760253,-793.537099
720.746984,-797.499123
717.720059,-801.470141
714.689210,-805.459991
711.665698,-809.477217
708.660588,-813.531556
705.685317,-817.633472
702.757048,-821.786761
699.969786,-826.025533
697.433068,-830.394723
695.243509,-834.962129
693.512538,-839.815625
692.414830,-844.996082
692.226012,-850.782706
693.643039,-857.280639
695.325284,-861.116914
696.224315,-862.842731
697.118665,-864.454147
698.630657,-866.944571
701.308758,-870.608513
704.818602,-874.378053
708.670228,-877.771710
712.678919,-880.884717
716.755795,-883.880753
720.807893,-886.907472
724.737956,-890.109483
728.429997,-893.624920
731.716244,-897.553972
734.472399,-902.132384
736.304036,-907.225568
736.908793,-910.063287
737.215739,-911.960802
737.568722,-915.799846
737.132503,-921.293675
735.405823,-926.685379
732.756878,-931.394449
729.476102,-935.529402
725.793915,-939.175967
721.883943,-942.449406
717.868036,-945.481320
713.840230,-948.399743
709.854096,-951.335699
705.875332,-954.302814
701.893107,-957.298115
697.904948,-960.312252
693.904688,-963.338412
689.885560,-966.369938
685.850081,-969.392849
681.810009,-972.386325
677.768423,-975.336538
673.699064,-978.212194
669.538409,-980.937841
665.227093,-983.433163
660.674561,-985.621280
655.698484,-987.408511
650.261052,-988.552847
644.941501,-988.802515
640.550050,-988.379422
636.823480,-987.603263
633.191387,-986.464361
629.586644,-984.898092
626.080863,-982.881544
622.739831,-980.400097
619.620529,-977.436397
616.677127,-973.794131
614.017806,-969.221997
612.061003,-964.058482
610.917575,-958.845241
610.403767,-953.712483
610.356698,-948.615024
610.657952,-943.557503
611.199499,-938.545655
611.880431,-933.568850
612.604513,-928.613509
613.365003,-923.672169
614.159830,-918.736396
614.986370,-913.803880
615.841799,-908.874874
616.723564,-903.949038
617.629295,-899.025926
618.556748,-894.105235
619.503805,-889.186691
620.468469,-884.270031
621.448844,-879.355016
622.443127,-874.441429
623.449595,-869.529067
624.466601,-864.617744
625.492554,-859.707288
626.525918,-854.797534
627.565202,-849.888330
628.608947,-844.979530
629.655720,-840.070992
630.704108,-835.162580
631.752706,-830.254158
632.800109,-825.345593
633.844906,-820.436748
634.885672,-815.527485
635.920956,-810.617660
636.949277,-805.707123
637.969109,-800.795721
638.978881,-795.883286
639.976982,-790.969531
640.961752,-786.054050
641.931435,-781.136492
642.884169,-776.216558
643.817986,-771.293934
644.730802,-766.368289
645.620402,-761.439287
646.484423,-756.506581
647.320340,-751.569812
648.125455,-746.628608
648.896867,-741.682596
649.631467,-736.731378
650.325913,-731.774494
650.976576,-726.811663
651.579484,-721.843080
652.111048,-716.866303
652.547233,-711.878271
652.863164,-706.875397
653.032561,-701.854581
653.027133,-696.812634
652.815116,-691.740358
652.359011,-686.630063
651.616388,-681.491079
650.539651,-676.337952
649.113580,-671.297948
647.476065,-666.755432
645.864080,-663.002076
644.225379,-659.649654
642.281181,-656.136891
639.922393,-652.386250
637.165907,-648.537368
634.043739,-644.691170
630.613094,-640.927652
626.970294,-637.321273
623.197823,-633.897099
619.331870,-630.628213
615.395832,-627.480534
611.413391,-624.423883
607.404825,-621.427883
603.388655,-618.462659
599.388555,-615.503324
595.437779,-612.533418
591.566196,-609.536557
587.796503,-606.494151
584.149585,-603.389402
580.646827,-600.209342
577.305283,-596.940311
574.116052,-593.554147
571.028724,-590.030007
568.017322,-586.363770
565.069768,-582.566513
562.172558,-578.649910
559.310615,-574.626608
556.463541,-570.505198
553.610790,-566.298076
550.747198,-562.045833
547.877185,-557.807315
545.006289,-553.641350
542.141391,-549.600995
539.287654,-545.725353
536.426033,-542.011186
533.503609,-538.412445
530.484673,-534.913412
527.349238,-531.522436
524.043909,-528.202067
520.490936,-524.913637
516.674189,-521.695716
512.673206,-518.657862
508.642102,-515.921382
504.716783,-513.542002
500.903815,-511.476151
496.954963,-509.578926
492.656762,-507.764612
488.057609,-506.086803
483.302091,-504.606589
478.478074,-503.335069
473.608280,-502.254294
468.701432,-501.342790
463.766735,-500.579997
458.811018,-499.945526
453.839713,-499.419343
448.858081,-498.981823
443.869719,-498.613544
438.876912,-498.295332
433.881768,-498.008262
428.886359,-497.733573
423.892560,-497.452576
418.902062,-497.146566
413.916433,-496.796736
408.937123,-496.384043
403.965195,-495.889010
399.001720,-495.291495
394.048955,-494.570561
389.105887,-493.703320
384.166880,-492.663251
379.243387,-491.424148
374.372640,-489.966403
369.603133,-488.279170
364.987917,-486.362889
360.578309,-484.230352
356.410744,-481.900954
352.500283,-479.392102
348.857584,-476.724148
345.486391,-473.916840
342.344075,-470.943886
339.359302,-467.741253
336.504328,-464.291590
333.763375,-460.579304
331.111394,-456.565562
328.565132,-452.276558
326.159963,-447.809032
323.905748,-443.262535
321.771611,-438.678474
319.708449,-434.057491
317.673428,-429.410254
315.637472,-424.779549
313.577343,-420.217963
311.471551,-415.769978
309.305450,-411.476925
307.074452,-407.378541
304.765819,-403.481097
302.309891,-399.702439
299.636203,-395.927818
296.724857,-392.145778
293.610445,-388.411806
290.364228,-384.801896
287.037666,-381.348728
283.622925,-378.020779
280.062755,-374.751912
276.319766,-371.509441
272.411090,-368.311740
268.373017,-365.186965
264.246351,-362.159400
260.073522,-359.248266
255.879746,-356.457090
251.660465,-353.770116
247.408956,-351.173121
243.125411,-348.658209
238.809210,-346.218271
234.458841,-343.846823
230.073204,-341.538587
225.651282,-339.289142
221.192097,-337.094794
216.694698,-334.952488
212.157724,-332.859552
207.580493,-330.814160
202.963634,-328.815515
198.302394,-326.861005
193.595573,-324.950134
188.872493,-323.094475
184.180654,-321.310821
179.531389,-319.600630
174.875243,-317.944244
170.171714,-316.328340
165.367590,-314.738408
160.376568,-313.153910
155.344598,-311.628453
150.812520,-310.314841
146.678789,-309.162968
142.321723,-307.996864
137.637378,-306.797042
132.803542,-305.615434
127.944731,-304.481637
123.077989,-303.395775
118.197662,-302.352848
113.305687,-301.349918
108.404208,-300.384287
103.494138,-299.453205
98.576392,-298.554131
93.651887,-297.684714
88.721399,-296.842754
83.785612,-296.026199
78.845082,-295.233131
73.900239,-294.461757
68.951757,-293.710454
64.000661,-292.977769
59.047554,-292.262294
54.092559,-291.562661
49.135768,-290.877597
44.177318,-290.205931
39.217342,-289.546577
34.255968,-288.898527
29.293327,-288.260846
24.329548,-287.632662
19.364758,-287.013165
14.399083,-286.401598
9.432661,-285.797255
4.465576,-285.199470
-0.502210,-284.607603
-5.470732,-284.021051
-10.439927,-283.439259
-15.409713,-282.861700
-20.380027,-282.287873
-25.350807,-281.717300
-30.321994,-281.149523
-35.293533,-280.584097
-40.265369,-280.020597
-45.237451,-279.458603
-50.209730,-278.897708
-55.182155,-278.337508
-60.154679,-277.777605
-65.127251,-277.217600
-70.099825,-276.657093
-75.072351,-276.095680
-80.044778,-275.532951
-85.017055,-274.968486
-89.989129,-274.401854
-94.960944,-273.832606
-99.932441,-273.260282
-104.903559,-272.684395
-109.874233,-272.104439
-114.844389,-271.519880
-119.813953,-270.930155
-124.782866,-270.334663
-129.751002,-269.732776
-134.718028,-269.123848
-139.683577,-268.507192
-144.647478,-267.882051
-149.609624,-267.247603
-154.569881,-266.602968
-159.528102,-265.947205
-164.484162,-265.279296
-169.437943,-264.598141
-174.389063,-263.901733
-179.332572,-263.153932
-184.264422,-262.318049
-189.178764,-261.356804
-194.066844,-260.232149
-198.936963,-258.898530
-203.802028,-257.299544
-208.607163,-255.393078
-213.312714,-253.131047
-217.941917,-250.414499
-222.221389,-247.336857
-225.562292,-244.479846
-227.981363,-242.153775
-230.386415,-239.606841
-233.185267,-236.258268
-236.071555,-232.173008
-238.720396,-227.578973
-240.966420,-222.702959
-242.762477,-217.764826
-244.164362,-212.836983
-245.244067,-207.895334
-246.048654,-202.939533
-246.616040,-197.976885
-246.980514,-193.006786
-247.172740,-188.028661
-247.214336,-183.042172
-247.125534,-178.046342
-246.925619,-173.039890
-246.633309,-168.021438
-246.267064,-162.989588
-245.845352,-157.943238
-245.386813,-152.881228
-244.910422,-147.802514
-244.435920,-142.709493
-243.983815,-137.608386
-243.574850,-132.506153
-243.229668,-127.409809
-242.968584,-122.327110
-242.811253,-117.263332
-242.777048,-112.212045
-242.886939,-107.162057
-243.164328,-102.108622
-243.636623,-97.039709
-244.328192,-91.994464
-245.483653,-87.086626
-247.631293,-82.043165
-251.923443,-77.119500
-257.956527,-74.586780
-263.200872,-74.389192
-267.408651,-75.126596
-270.786904,-76.186971
-273.836183,-77.467686
-277.182693,-79.254274
-280.909228,-81.766730
-284.728548,-84.916605
-288.475474,-88.418527
-292.193953,-91.980560
-296.020492,-95.363641
-300.075747,-98.348088
-304.281953,-100.671177
-308.069000,-102.124108
-311.100728,-102.922879
-314.637667,-103.533542
-319.431370,-103.790498
-324.432542,-103.413773
-329.692205,-102.455812
-334.908266,-101.148519
-339.049101,-100.049011
-343.203790,-99.006728
-347.827425,-98.052748
-352.598678,-97.256082
-357.453788,-96.591313
-362.378573,-96.015558
-367.323786,-95.484567
-372.274571,-94.947300
-377.231463,-94.350164
-382.189060,-93.638606
-387.137366,-92.756495
-392.078013,-91.641274
-397.008979,-90.221403
-401.861788,-88.437695
-406.508650,-86.270706
-410.826866,-83.744405
-414.748036,-80.900031
-418.256352,-77.768108
-421.195736,-74.576938
-423.320458,-71.881388
-425.210593,-69.179546
-427.600374,-65.110484
-429.778844,-60.024618
-431.209356,-54.652973
-431.878426,-49.178353
-431.845545,-43.764469
-431.196853,-38.455439
-429.999443,-33.258590
-428.316012,-28.204730
-426.208346,-23.314108
-423.734229,-18.593365
-420.928350,-14.058924
-417.833435,-9.733044
-414.494038,-5.631107
-410.944993,-1.752442
-407.213437,1.910347
-403.322492,5.365553
-399.291435,8.622060
-395.129836,11.693085
-390.840915,14.591867
-386.443180,17.318778
-381.970107,19.866983
-377.456189,22.232904
-372.933614,24.417141
-368.430164,26.424230
-363.956065,28.266409
-359.494266,29.963853
-355.024526,31.532816
-350.539409,32.981260
-346.033827,34.314265
-341.504006,35.534906
-336.947834,36.644504
-332.350400,37.645743
-327.686260,38.540339
-322.946019,39.333539
-318.135999,40.027321
-313.262654,40.624154
-308.328364,41.127295
-303.360995,41.538404
-298.433887,41.859199
-293.606828,42.097075
-288.876882,42.263662
-284.145129,42.369827
-279.284985,42.419632
-274.285034,42.411221
-269.222416,42.344546
-264.162345,42.223546
-259.120798,42.053139
-254.092509,41.837495
-249.073886,41.580279
-244.062620,41.284784
-239.056571,40.953959
-234.054332,40.590497
-229.055565,40.196923
-224.060218,39.775586
-219.068021,39.328635
-214.078723,38.858051
-209.092132,38.365662
-204.108056,37.853159
-199.126310,37.322098
-194.146724,36.773918
-189.169138,36.209948
-184.193405,35.631416
-179.219380,35.039455
-174.246924,34.435112
-169.275984,33.819367
-164.306613,33.193136
-159.338816,32.557266
-154.372518,31.912529
-149.407647,31.259640
-144.444142,30.599262
-139.481948,29.932008
-134.521011,29.258449
-129.561281,28.579111
-124.602714,27.894483
-119.645268,27.205021
-114.688905,26.511145
-109.733587,25.813249
-104.779282,25.111698
-99.825961,24.406831
-94.873593,23.698967
-89.922151,22.988401
-84.971612,22.275412
-80.021950,21.560259
-75.073143,20.843187
-70.125167,20.124426
-65.178001,19.404192
-60.231623,18.682692
-55.286010,17.960120
-50.341133,17.236662
-45.396987,16.512499
-40.453552,15.787802
-35.510550,15.062699
-30.567565,14.337294
-25.624420,13.611722
-20.681104,12.886139
-15.737590,12.160697
-10.793839,11.435547
-5.849820,10.710841
