# Curvature-length line (length weight 0.0005 /m², exact linearisation) in the TUM corridor (Montreal) widened by 1 m per side, 0.75 m margin (models/raceline.py)
# x_m,y_m
-3.348212,-1.525510
-2.429683,-6.440557
-1.536417,-11.357760
-0.671378,-16.271769
0.162879,-21.179642
0.964059,-26.080370
1.729737,-30.972793
2.457314,-35.855251
3.144343,-40.727827
3.789036,-45.597174
4.389277,-50.471330
4.941729,-55.352517
5.442443,-60.240657
5.889188,-65.135775
6.279385,-70.037793
6.610092,-74.946421
6.878007,-79.861463
7.079426,-84.782559
7.210225,-89.708911
7.265861,-94.639460
7.251198,-99.572985
7.171842,-104.508504
7.033057,-109.445274
6.839785,-114.382752
6.596669,-119.320570
6.308071,-124.258506
5.978095,-129.196462
5.610611,-134.134408
5.209277,-139.072397
4.777525,-144.010846
4.318585,-148.950486
3.835547,-153.891818
3.331396,-158.835085
2.809004,-163.780556
2.271150,-168.728538
1.720535,-173.679347
1.159880,-178.633300
0.591900,-183.590755
0.019398,-188.552122
-0.526963,-193.520618
-1.011796,-198.499975
-1.399082,-203.495094
-1.651356,-208.506813
-1.729988,-213.522005
-1.597283,-218.527410
-1.213198,-223.535424
-0.516628,-228.624325
0.584731,-233.840497
2.135094,-238.981142
4.047367,-243.723264
6.175159,-247.914333
8.365640,-251.515412
10.459836,-254.511590
12.597382,-257.238796
15.214613,-260.235482
18.496056,-263.558291
22.272215,-266.934708
26.334197,-270.213360
30.526484,-273.380425
34.705924,-276.461852
38.735596,-279.482991
42.496750,-282.450059
45.917316,-285.357427
49.033594,-288.255611
51.934673,-291.251055
54.641202,-294.403419
57.126066,-297.735289
59.368499,-301.293681
61.343025,-305.174876
62.979958,-309.552929
64.056907,-314.586464
64.168610,-320.121305
62.968282,-325.763317
60.285565,-331.086859
56.244495,-335.582457
51.322581,-338.912205
45.987889,-341.125872
40.491871,-342.451346
34.965090,-343.112277
29.490143,-343.250873
24.107692,-343.001770
18.820630,-342.483658
13.614905,-341.781428
8.479178,-340.915449
3.407717,-339.903060
-1.600521,-338.760060
-6.545038,-337.501003
-11.426069,-336.138961
-16.243794,-334.685846
-20.999688,-333.152088
-25.709150,-331.542033
-30.399605,-329.853327
-35.084191,-328.086401
-39.760513,-326.246683
-44.424932,-324.340063
-49.073980,-322.372365
-53.703306,-320.349773
-58.308245,-318.278604
-62.885286,-316.164602
-67.432235,-314.012757
-71.947320,-311.827642
-76.429117,-309.613435
-80.876715,-307.373808
-85.289778,-305.111887
-89.668661,-302.830163
-94.014502,-300.530437
-98.329324,-298.213738
-102.616361,-295.880129
-106.879852,-293.528792
-111.124106,-291.158535
-115.357993,-288.765236
-119.600676,-286.338358
-123.865699,-283.869851
-128.151244,-281.360139
-132.450231,-278.812670
-136.754759,-276.231433
-141.056370,-273.620826
-145.345770,-270.985848
-149.614966,-268.330814
-153.862556,-265.655919
-158.090921,-262.958759
-162.301843,-260.236986
-166.496556,-257.488289
-170.676168,-254.710107
-174.840827,-251.900174
-178.987574,-249.058036
-183.111911,-246.184116
-187.210928,-243.277571
-191.282288,-240.336901
-195.323279,-237.360601
-199.331056,-234.346971
-203.302771,-231.294004
-207.235525,-228.199385
-211.126322,-225.060494
-214.972244,-221.874210
-218.770664,-218.636641
-222.517956,-215.344149
-226.193841,-211.973232
-229.786868,-208.490145
-233.287828,-204.852502
-236.665348,-201.032076
-239.868363,-197.018834
-242.839957,-192.813371
-245.520840,-188.430186
-247.856187,-183.896256
-249.792073,-179.275615
-251.272084,-174.756160
-252.291672,-170.645903
-252.968120,-166.960695
-253.446541,-163.019676
-253.711731,-158.355097
-253.676940,-153.255486
-253.390069,-148.073095
-252.971125,-142.939939
-252.542965,-137.904723
-252.212564,-133.015431
-252.058804,-128.314923
-252.130787,-123.795364
-252.467435,-119.398391
-253.096276,-115.164291
-254.006891,-110.945248
-255.392861,-106.181821
-257.280583,-101.199570
-259.455400,-96.528180
-261.877414,-92.072587
-264.526319,-87.765330
-267.356919,-83.601863
-270.333890,-79.564376
-273.428998,-75.629614
-276.615095,-71.776456
-279.866458,-67.984103
-283.177614,-64.247532
-286.543850,-60.561825
-289.961148,-56.922163
-293.426158,-53.323790
-296.936272,-49.761885
-300.489541,-46.231594
-304.084055,-42.728588
-307.719041,-39.247916
-311.395626,-35.783321
-315.108181,-32.335207
-318.841484,-28.912655
-322.578423,-25.526000
-326.303404,-22.183898
-330.002806,-18.893192
-333.668979,-15.655619
-337.310787,-12.458874
-340.946907,-9.282791
-344.589285,-6.113673
-348.241755,-2.934436
-351.909189,0.273267
-355.594421,3.527023
-359.310683,6.855574
-363.071177,10.291334
-366.822306,13.808242
-370.460181,17.327025
-373.933535,20.807060
-377.295161,24.309044
-380.602823,27.910366
-383.845398,31.624554
-386.962580,35.405630
-389.897198,39.194989
-392.636156,42.975700
-395.230026,46.824295
-397.737702,50.864985
-400.161526,55.124447
-402.455552,59.540708
-404.582207,64.038044
-406.533325,68.578418
-408.315752,73.152494
-409.934692,77.748722
-411.393586,82.350400
-412.698074,86.946944
-413.860767,91.560415
-414.892842,96.231379
-415.804099,100.972319
-416.599230,105.775658
-417.283369,110.633013
-417.862317,115.536879
-418.342133,120.477644
-418.729082,125.439759
-419.030475,130.410298
-419.254390,135.385544
-419.408691,140.364928
-419.500804,145.347476
-419.537808,150.332327
-419.526475,155.318979
-419.473302,160.307119
-419.384544,165.296582
-419.266251,170.287342
-419.124306,175.279474
-418.964458,180.273155
-418.792360,185.268655
-418.613615,190.266059
-418.433816,195.265048
-418.258565,200.265403
-418.093489,205.267255
-417.944290,210.270748
-417.816782,215.275932
-417.716929,220.282801
-417.650876,225.291348
-417.624995,230.301397
-417.645916,235.312277
-417.741877,240.323933
-417.996401,245.336160
-418.494537,250.338588
-419.326393,255.325864
-420.612709,260.341265
-422.491535,265.328506
-424.977990,269.987023
-427.894381,274.010792
-431.088877,277.380528
-434.492102,280.177084
-437.973240,282.416353
-441.568041,284.205842
-445.508821,285.664659
-449.881360,286.775714
-454.538769,287.476751
-459.330894,287.790240
-464.365083,287.788139
-469.599534,287.557021
-474.718080,287.255386
-479.582318,287.034077
-484.102465,286.984649
-488.351542,287.144702
-492.638776,287.576774
-497.096711,288.378529
-501.627871,289.580163
-506.114043,291.173353
-510.494680,293.137719
-514.742625,295.454250
-518.834195,298.100416
-522.749476,301.050664
-526.474540,304.278933
-530.001099,307.760288
-533.324706,311.470886
-536.443011,315.386809
-539.356078,319.484590
-542.066629,323.742147
-544.579662,328.139135
-546.901975,332.657062
-549.041065,337.277713
-551.004738,341.981987
-552.802010,346.751918
-554.443141,351.571827
-555.938958,356.427622
-557.300426,361.306171
-558.539114,366.197932
-559.668166,371.103898
-560.699929,376.028939
-561.644126,380.971631
-562.509404,385.928221
-563.304167,390.896105
-564.033634,395.873593
-564.702631,400.859063
-565.315638,405.851101
-565.876818,410.848500
-566.390028,415.850206
-566.858842,420.855291
-567.286569,425.863017
-567.676274,430.872810
-568.030751,435.883626
-568.352549,440.893817
-568.644080,445.902426
-568.907615,450.909413
-569.145239,455.914837
-569.358856,460.918740
-569.550212,465.921233
-569.720901,470.922494
-569.872379,475.922765
-570.005975,480.922356
-570.122898,485.921677
-570.224244,490.921236
-570.311002,495.921532
-570.384068,500.923321
-570.444245,505.928023
-570.492238,510.936352
-570.528660,515.947546
-570.554063,520.960354
-570.568943,525.973501
-570.573742,530.985649
-570.568854,535.995451
-570.554621,541.001599
-570.531337,546.002854
-570.499249,550.998096
-570.458552,555.986400
-570.409394,560.967005
-570.351875,565.939152
-570.286032,570.903336
-570.211789,575.863239
-570.128989,580.822696
-570.037440,585.782945
-569.936901,590.744519
-569.827070,595.708056
-569.707583,600.674023
-569.578017,605.642702
-569.437889,610.614254
-569.286647,615.588745
-569.123670,620.566149
-568.948269,625.546340
-568.759674,630.529189
-568.557024,635.514697
-568.340252,640.502239
-568.109298,645.489580
-567.864022,650.474868
-567.604135,655.457905
-567.329238,660.438780
-567.038853,665.417399
-566.732405,670.393652
-566.409219,675.367441
-566.068522,680.338650
-565.709434,685.307143
-565.330961,690.272774
-564.931997,695.235375
-564.511311,700.194758
-564.067542,705.150707
-563.599188,710.103024
-563.107859,715.051844
-562.595017,719.997288
-562.061989,724.939468
-561.509967,729.878545
-560.940014,734.814728
-560.353073,739.748273
-559.749967,744.679494
-559.131411,749.608757
-558.498008,754.536483
-557.850254,759.463181
-557.188540,764.389415
-556.513178,769.315676
-555.824335,774.242823
-555.121924,779.172843
-554.405815,784.107287
-553.676022,789.046081
-552.932565,793.988598
-552.175395,798.934162
-551.404407,803.881967
-550.619446,808.831078
-549.820290,813.780466
-549.006655,818.729034
-548.178184,823.675636
-547.334444,828.619115
-546.474920,833.558298
-545.599018,838.491977
-544.705959,843.419469
-543.794639,848.341279
-542.863787,853.258083
-541.912135,858.169819
-540.938302,863.076278
-539.940755,867.977286
-538.917817,872.872592
-537.867659,877.761858
-536.788287,882.644677
-535.677522,887.520586
-534.533009,892.388967
-533.352211,897.249029
-532.132224,902.100449
-530.865528,906.941312
-529.475532,911.746856
-527.884089,916.494589
-526.003797,921.173131
-523.746106,925.742385
-520.990179,930.176032
-517.538539,934.449306
-514.029970,937.787048
-511.395392,939.869913
-508.610934,941.786798
-504.593956,944.101780
-499.727789,946.312630
-494.775910,948.141097
-489.984213,949.729022
-485.480906,951.221446
-481.204116,952.761737
-477.036244,954.492038
-472.990599,956.517861
-469.075293,958.824827
-465.292425,961.403942
-461.646180,964.247613
-458.123990,967.362684
-454.711496,970.768843
-451.428925,974.456859
-448.314914,978.383983
-445.395823,982.500528
-442.675132,986.772612
-440.144476,991.179032
-437.794787,995.698131
-435.617232,1000.305101
-433.600838,1004.976500
-431.732166,1009.692928
-429.996699,1014.437847
-428.379769,1019.196338
-426.865794,1023.958511
-425.435753,1028.730378
-424.070945,1033.524033
-422.762081,1038.342008
-421.501940,1043.180990
-420.287183,1048.039518
-419.114642,1052.916499
-417.981697,1057.809479
-416.886498,1062.713249
-415.827065,1067.623513
-414.800912,1072.539038
-413.805610,1077.459351
-412.838972,1082.383814
-411.898989,1087.311861
-410.983805,1092.243040
-410.091718,1097.176965
-409.221168,1102.113302
-408.370729,1107.051776
-407.539101,1111.992153
-406.725098,1116.934243
-405.927648,1121.877889
-405.145778,1126.822969
-404.378618,1131.769386
-403.625385,1136.717069
-402.885387,1141.665968
-402.158013,1146.616055
-401.442732,1151.567320
-400.739089,1156.519769
-400.046703,1161.473425
-399.365262,1166.428328
-398.694522,1171.384532
-398.034310,1176.342107
-397.384515,1181.301133
-396.745091,1186.261737
-396.116062,1191.224024
-395.497574,1196.187632
-394.889892,1201.151765
-394.293316,1206.115812
-393.708185,1211.079366
-393.134904,1216.041995
-392.573946,1221.003271
-392.025845,1225.962817
-391.491202,1230.920306
-390.970685,1235.875462
-390.465032,1240.828077
-389.975052,1245.778052
-389.501638,1250.725314
-389.045778,1255.669750
-388.608478,1260.612155
-388.190721,1265.555075
-387.793693,1270.500578
-387.418870,1275.449104
-387.066450,1280.400698
-386.736766,1285.355511
-386.430301,1290.313623
-386.147691,1295.275042
-385.889721,1300.239729
-385.657336,1305.207617
-385.451642,1310.178570
-385.273910,1315.152389
-385.125585,1320.129053
-385.008297,1325.108398
-384.923893,1330.088309
-384.874358,1335.065521
-384.861781,1340.038527
-384.888429,1345.007128
-384.956788,1349.970923
-385.069566,1354.929309
-385.229707,1359.881655
-385.440403,1364.827260
-385.705105,1369.765318
-386.027544,1374.694918
-386.411745,1379.615108
-386.862044,1384.524738
-387.379762,1389.422408
-387.962074,1394.308683
-388.607303,1399.188811
-389.314431,1404.067586
-390.078960,1408.945789
-390.896507,1413.823076
-391.762989,1418.699495
-392.674552,1423.575076
-393.627531,1428.449762
-394.618456,1433.323504
-395.644039,1438.196300
-396.701168,1443.068177
-397.786887,1447.939196
-398.898447,1452.809711
-400.033288,1457.680299
-401.188577,1462.549903
-402.361100,1467.415573
-403.548069,1472.275892
-404.747280,1477.131479
-405.956606,1481.982908
-407.173927,1486.830459
-408.397179,1491.674414
-409.624356,1496.515083
-410.853470,1501.352714
-412.082532,1506.187444
-413.309721,1511.020037
-414.533305,1515.851597
-415.750452,1520.678921
-416.959862,1525.504928
-418.170578,1530.374705
-419.313541,1535.358843
-420.291483,1540.468347
-420.921066,1545.727426
-420.971785,1551.286238
-420.021303,1557.250117
-417.450227,1563.247400
-413.010678,1568.253187
-407.316267,1571.419132
-400.958295,1572.672803
-394.369936,1572.095161
-388.237038,1569.637181
-383.078630,1565.680198
-379.040119,1560.701246
-376.110570,1555.286908
-374.073472,1549.986723
-372.612953,1545.036903
-371.448852,1540.280877
-370.459733,1535.412535
-369.617197,1530.337463
-368.922827,1525.128096
-368.367329,1519.900389
-367.924682,1514.725360
-367.561965,1509.606156
-367.248956,1504.534204
-366.958777,1499.508628
-366.666767,1494.530833
-366.349770,1489.598082
-365.985449,1484.701697
-365.552285,1479.837325
-365.029671,1475.007517
-364.397386,1470.215195
-363.635558,1465.464702
-362.755703,1460.752037
-361.762576,1456.050880
-360.654352,1451.323804
-359.432329,1446.560248
-358.103198,1441.771225
-356.675508,1436.969830
-355.159098,1432.169245
-353.565129,1427.383384
-351.904637,1422.623265
-350.185880,1417.891233
-348.415157,1413.185115
-346.598532,1408.503330
-344.741675,1403.844283
-342.849794,1399.206126
-340.927801,1394.587080
-338.980323,1389.985375
-337.011717,1385.399200
-335.026110,1380.826725
-333.027415,1376.266063
-331.019389,1371.715333
-329.005738,1367.172820
-326.989706,1362.635984
-324.973498,1358.100097
-322.959492,1353.560842
-320.951079,1349.016099
-318.951961,1344.464289
-316.961407,1339.905634
-314.978760,1335.340373
-313.003446,1330.768787
-311.034951,1326.191160
-309.072813,1321.607774
-307.116624,1317.018916
-305.166031,1312.424884
-303.220692,1307.825899
-301.280300,1303.222166
-299.344856,1298.614518
-297.414604,1294.004295
-295.489545,1289.392173
-293.569440,1284.778175
-291.654092,1280.162331
-289.743355,1275.544716
-287.837106,1270.925381
-285.935249,1266.304359
-284.037717,1261.681678
-282.144467,1257.057353
-280.255486,1252.431389
-278.370785,1247.803783
-276.490402,1243.174520
-274.614404,1238.543574
-272.742883,1233.910910
-270.875959,1229.276484
-269.013781,1224.640235
-267.156529,1220.002098
-265.304412,1215.361992
-263.457670,1210.719824
-261.616579,1206.075491
-259.781448,1201.428876
-257.952624,1196.779844
-256.130494,1192.128249
-254.315492,1187.473944
-252.508082,1182.816733
-250.708763,1178.156361
-248.918225,1173.492926
-247.137445,1168.827126
-245.367355,1164.159397
-243.608722,1159.489573
-241.862362,1154.817430
-240.129186,1150.142784
-238.410173,1145.465426
-236.706386,1140.785127
-235.018966,1136.101616
-233.349126,1131.414548
-231.698237,1126.723710
-230.067825,1122.029016
-228.459067,1117.328998
-226.873706,1112.623404
-225.318110,1107.925768
-223.800933,1103.257699
-222.326769,1098.629818
-220.886944,1094.024818
-219.460300,1089.381354
-218.032402,1084.654873
-216.606501,1079.857574
-215.193683,1075.029931
-213.800935,1070.200964
-212.427796,1065.374813
-211.072041,1060.549011
-209.732143,1055.723021
-208.406825,1050.896755
-207.094790,1046.069679
-205.794716,1041.240770
-204.505486,1036.409430
-203.226257,1031.575784
-201.956279,1026.740052
-200.694846,1021.902389
-199.441306,1017.062935
-198.195058,1012.221826
-196.955547,1007.379189
-195.722260,1002.535139
-194.494724,997.689782
-193.272500,992.843217
-192.055186,987.995536
-190.842407,983.146822
-189.633820,978.297155
-188.429104,973.446605
-187.227966,968.595240
-186.030134,963.743120
-184.835357,958.890304
-183.643402,954.036842
-182.454055,949.182785
-181.267117,944.328176
-180.082407,939.473057
-178.899754,934.617466
-177.719003,929.761439
-176.540008,924.905009
-175.362637,920.048205
-174.186767,915.191056
-173.012283,910.333587
-171.839080,905.475822
-170.667062,900.617783
-169.496138,895.759490
-168.326226,890.900962
-167.157249,886.042217
-165.989137,881.183269
-164.821825,876.324134
-163.655251,871.464825
-162.489362,866.605354
-161.324105,861.745734
-160.159433,856.885975
-158.995303,852.026086
-157.831674,847.166076
-156.668510,842.305954
-155.505776,837.445726
-154.343442,832.585401
-153.181478,827.724984
-152.019859,822.864481
-150.858559,818.003898
-149.697557,813.143238
-148.536832,808.282507
-147.376366,803.421709
-146.216142,798.560846
-145.056145,793.699922
-143.896360,788.838940
-142.736777,783.977903
-141.577383,779.116812
-140.418168,774.255670
-139.259124,769.394479
-138.100244,764.533239
-136.941521,759.671952
-135.782949,754.810618
-134.624524,749.949239
-133.466242,745.087815
-132.308102,740.226345
-131.150101,735.364831
-129.992240,730.503271
-128.834517,725.641665
-127.676936,720.780013
-126.519497,715.918313
-125.362205,711.056565
-124.205063,706.194767
-123.048076,701.332918
-121.891252,696.471015
-120.734597,691.609056
-119.578120,686.747040
-118.421831,681.884963
-117.265741,677.022822
-116.109862,672.160615
-114.954208,667.298337
-113.798794,662.435985
-112.643637,657.573555
-111.488756,652.711041
-110.334171,647.848439
-109.179905,642.985743
-108.025982,638.122948
-106.872429,633.260046
-105.719274,628.397030
-104.566550,623.533894
-103.414292,618.670629
-102.262537,613.807226
-101.111326,608.943675
-99.960703,604.079966
-98.810716,599.216088
-97.661419,594.352028
-96.512867,589.487774
-95.365123,584.623311
-94.218252,579.758624
-93.072328,574.893697
-91.927429,570.028513
-90.783640,565.163050
-89.641052,560.297289
-88.499767,555.431208
-87.359891,550.564784
-86.221542,545.697988
-85.084847,540.830793
-83.949943,535.963170
-82.816978,531.095085
-81.686113,526.226503
-80.557523,521.357385
-79.431395,516.487690
-78.307945,511.617415
-77.187404,506.746563
-76.070015,501.875095
-74.956035,497.002954
-73.845746,492.130083
-72.739451,487.256416
-71.637475,482.381872
-70.548321,477.504668
-69.520178,472.614457
-68.601635,467.700621
-67.842317,462.751252
-67.294724,457.755042
-67.016437,452.701946
-67.074669,447.567468
-67.555040,442.345747
-68.533692,437.156542
-69.930950,432.412012
-71.326752,428.791469
-72.562898,426.036562
-74.444058,422.322765
-77.366909,417.313809
-80.189156,412.705120
-82.570840,408.597100
-84.339520,405.220568
-85.626133,402.501402
-87.060678,399.027439
-88.628966,394.141026
-89.743551,388.795747
-90.315895,383.548941
-90.460084,378.390849
-90.260036,373.306836
-89.782443,368.290389
-89.082852,363.324139
-88.210788,358.396377
-87.212890,353.497512
-86.134019,348.617229
-85.018257,343.745358
-83.894773,338.875276
-82.764172,334.006861
-81.627010,329.139978
-80.483804,324.274511
-79.335032,319.410354
-78.181138,314.547408
-77.022533,309.685579
-75.859598,304.824780
-74.692688,299.964930
-73.522132,295.105956
-72.348235,290.247786
-71.171283,285.390356
-69.991542,280.533604
-68.809259,275.677473
-67.624666,270.821910
-66.437980,265.966864
-65.249406,261.112286
-64.059135,256.258135
-62.867350,251.404369
-61.674222,246.550948
-60.479914,241.697836
-59.284581,236.844994
-58.088372,231.992388
-56.891430,227.139982
-55.693893,222.287745
-54.495896,217.435644
-53.297570,212.583646
-52.099044,207.731721
-50.900446,202.879839
-49.701903,198.027967
-48.503543,193.176077
-47.305493,188.324137
-46.107884,183.472115
-44.910848,178.619980
-43.714522,173.767699
-42.519046,168.915238
-41.324566,164.062562
-40.131233,159.209636
-38.939207,154.356421
-37.748654,149.502878
-36.559751,144.648966
-35.372682,139.794640
-34.187648,134.939854
-33.004856,130.084560
-31.824531,125.228704
-30.646914,120.372232
-29.472259,115.515083
-28.300842,110.657195
-27.132958,105.798499
-25.968923,100.938923
-24.809078,96.078389
-23.653790,91.216813
-22.503454,86.354106
-21.358498,81.490170
-20.219379,76.624902
-19.086596,71.758190
-17.960682,66.889913
-16.842218,62.019941
-15.731827,57.148135
-14.630187,52.274344
-13.538027,47.398406
-12.456137,42.520145
-11.385371,37.639371
-10.326653,32.755882
-9.280982,27.869457
-8.249442,22.979859
-7.233201,18.086830
-6.233526,13.190083
-5.251793,8.289343
-4.289501,3.384343
