# Curvature-length line (length weight 0.0005 /m², exact linearisation) in the TUM corridor (Monza) widened by 1 m per side, 0.75 m margin (models/raceline.py)
# x_m,y_m
4.222518,0.641482
4.566108,5.632377
4.914708,10.622872
5.267918,15.612725
5.625398,20.602124
5.986823,25.591100
6.351894,30.579664
6.720333,35.567852
7.091885,40.555695
7.466315,45.543217
7.843404,50.530443
8.222950,55.517397
8.604769,60.504097
8.988687,65.490566
9.374546,70.476819
9.762199,75.462875
10.151510,80.448749
10.542354,85.434455
10.934615,90.420008
11.328186,95.405419
11.722968,100.390701
12.118869,105.375864
12.515804,110.360920
12.913697,115.345877
13.312474,120.330745
13.712069,125.315533
14.112420,130.300249
14.513470,135.284900
14.915167,140.269494
15.317461,145.254038
15.720308,150.238538
16.123666,155.223001
16.527497,160.207433
16.931764,165.191839
17.336436,170.176225
17.741481,175.160596
18.146872,180.144958
18.552584,185.129321
18.958591,190.113699
19.364874,195.098093
19.771409,200.082501
20.178178,205.066920
20.585162,210.051347
20.992345,215.035778
21.399710,220.020210
21.807244,225.004641
22.214933,229.989066
22.622764,234.973482
23.030726,239.957885
23.438808,244.942271
23.847000,249.926637
24.255292,254.910977
24.663676,259.895290
25.072143,264.879570
25.480687,269.863813
25.889300,274.848016
26.297975,279.832175
26.706707,284.816286
27.115489,289.800344
27.524318,294.784346
27.933186,299.768288
28.342091,304.752167
28.751028,309.735980
29.159992,314.719721
29.568980,319.703390
29.977988,324.686981
30.387014,329.670492
30.796054,334.653920
31.205105,339.637263
31.614165,344.620518
32.023231,349.603683
32.432301,354.586754
32.841373,359.569729
33.250446,364.552625
33.659521,369.535473
34.068598,374.518289
34.477675,379.501075
34.886752,384.483832
35.295827,389.466564
35.704900,394.449275
36.113969,399.431967
36.523033,404.414642
36.932092,409.397303
37.341146,414.379953
37.750193,419.362594
38.159232,424.345228
38.568265,429.327859
38.977289,434.310486
39.386304,439.293113
39.795310,444.275742
40.204307,449.258373
40.613295,454.241010
41.022272,459.223654
41.431239,464.206305
41.840195,469.188967
42.249140,474.171640
42.658075,479.154325
43.066998,484.137024
43.475911,489.119738
43.884812,494.102468
44.293701,499.085215
44.702579,504.067981
45.111446,509.050766
45.520302,514.033571
45.929146,519.016397
46.337979,523.999244
46.746800,528.982114
47.155611,533.965008
47.564411,538.947925
47.973201,543.930866
48.381980,548.913833
48.790750,553.896825
49.199510,558.879843
49.608261,563.862888
50.017003,568.845959
50.425737,573.829058
50.834463,578.812184
51.243182,583.795339
51.651895,588.778521
52.060602,593.761732
52.469305,598.744971
52.878003,603.728240
53.286699,608.711537
53.695393,613.694864
54.104087,618.678220
54.512781,623.661606
54.921477,628.645022
55.330177,633.628467
55.738883,638.611942
56.147595,643.595447
56.556317,648.578982
56.965050,653.562548
57.373796,658.546144
57.782559,663.529769
58.191340,668.513425
58.600143,673.497111
59.008972,678.480828
59.417829,683.464575
59.826718,688.448353
60.235644,693.432160
60.644611,698.415998
61.053623,703.399866
61.462687,708.383764
61.871807,713.367693
62.280991,718.351654
62.690243,723.335636
63.099568,728.319598
63.508971,733.303508
63.918460,738.287362
64.328044,743.271163
64.737733,748.254908
65.147539,753.238596
65.557472,758.222225
65.967544,763.205793
66.377770,768.189298
66.788164,773.172740
67.198742,778.156115
67.609521,783.139421
68.020520,788.122656
68.431759,793.105818
68.843260,798.088905
69.255046,803.071913
69.667143,808.054839
70.079579,813.037681
70.492384,818.020437
70.905591,823.003102
71.319234,827.985673
71.733352,832.968147
72.147986,837.950522
72.563181,842.932791
72.978985,847.914951
73.395451,852.896998
73.812636,857.878928
74.230601,862.860733
74.649414,867.842420
75.069146,872.823977
75.489871,877.805341
75.911683,882.786606
76.334699,887.768062
76.758927,892.748602
77.184419,897.727498
77.737369,902.703075
78.628059,907.650850
80.073948,912.511618
82.432237,917.356081
86.032928,921.779448
89.249750,924.371813
91.561825,925.843556
94.854897,927.497355
99.614664,929.120644
104.939743,930.362395
109.894004,931.578179
113.854460,932.939584
117.152759,934.501687
120.324245,936.566064
123.241555,939.121389
126.013972,942.484757
128.436374,947.178970
129.715069,952.576996
129.868201,957.855396
129.293491,962.895097
128.262661,967.819192
126.990431,972.685269
125.678759,977.532861
124.349217,982.369110
123.007593,987.196884
121.659982,992.017372
120.312287,996.832091
118.970295,1001.642727
117.639791,1006.450875
116.326584,1011.258094
115.036535,1016.065921
113.775608,1020.875837
112.549907,1025.689260
111.365716,1030.507533
110.229543,1035.331888
109.148169,1040.163376
108.128650,1045.003036
107.178320,1049.852115
106.304983,1054.711408
105.512835,1059.580176
104.798500,1064.456208
104.158982,1069.337657
103.591659,1074.223115
103.094290,1079.111562
102.665062,1084.001848
102.299150,1088.893987
101.991903,1093.793573
101.739332,1098.707271
101.538283,1103.636502
101.385994,1108.580044
101.279895,1113.536766
101.217605,1118.505335
101.196915,1123.484079
101.215773,1128.471269
101.272276,1133.465026
101.364652,1138.462829
101.491253,1143.462245
101.650607,1148.462013
101.841429,1153.461475
102.062615,1158.460033
102.313239,1163.457179
102.592556,1168.452559
102.900009,1173.446037
103.235228,1178.437668
103.598012,1183.427376
103.988311,1188.414804
104.406255,1193.399782
104.852162,1198.382263
105.326502,1203.361966
105.829893,1208.338348
106.363108,1213.310699
106.927073,1218.278169
107.522875,1223.239800
108.151764,1228.194543
108.815159,1233.141275
109.514652,1238.078803
110.252016,1243.005886
111.029214,1247.921242
111.848403,1252.823558
112.711952,1257.711489
113.622445,1262.583663
114.582700,1267.438683
115.595780,1272.275112
116.665010,1277.091474
117.793994,1281.886239
118.986636,1286.657789
120.247149,1291.404374
121.578707,1296.124561
122.984912,1300.816910
124.469606,1305.479251
126.035990,1310.110186
127.683096,1314.716045
129.412040,1319.305586
131.222419,1323.880673
133.112617,1328.438768
135.081380,1332.977458
137.127790,1337.494317
139.251137,1341.986584
141.451580,1346.452474
143.730097,1350.890783
146.084054,1355.292699
148.504781,1359.639325
150.985897,1363.917901
153.524776,1368.123018
156.122662,1372.255277
158.791945,1376.330613
161.546059,1380.362211
164.390413,1384.348246
167.327713,1388.281811
170.350585,1392.160772
173.450668,1395.981783
176.622060,1399.744469
179.860979,1403.450397
183.163981,1407.100780
186.527947,1410.696507
189.950244,1414.238344
193.428645,1417.726856
196.961275,1421.162349
200.546590,1424.544869
204.183351,1427.874179
207.870596,1431.149736
211.605761,1434.372860
215.386632,1437.544656
219.211310,1440.665994
223.078170,1443.737488
226.985879,1446.759511
230.933398,1449.732203
234.919547,1452.655157
238.942668,1455.527227
243.001633,1458.347285
247.096103,1461.114347
251.225983,1463.827160
255.391278,1466.484091
259.592145,1469.083162
263.828869,1471.622032
268.101837,1474.097961
272.409594,1476.511301
276.750940,1478.862085
281.124906,1481.150021
285.530729,1483.374471
289.967818,1485.534437
294.435748,1487.628552
298.934260,1489.655074
303.463110,1491.611807
308.021963,1493.496064
312.611666,1495.305153
317.235130,1497.036544
321.890987,1498.695422
326.576366,1500.285930
331.288537,1501.811882
336.025240,1503.276891
340.784405,1504.684278
345.564244,1506.037119
350.363490,1507.338311
355.180121,1508.590248
360.009504,1509.794443
364.847554,1510.952418
369.692730,1512.066115
374.544214,1513.137371
379.401020,1514.167723
384.262316,1515.158486
389.127367,1516.110759
393.995121,1517.026937
398.865874,1517.909428
403.742274,1518.760787
408.626055,1519.583125
413.517142,1520.378024
418.415272,1521.146865
423.320348,1521.890892
428.232230,1522.611187
433.150733,1523.308678
438.075650,1523.984153
443.006754,1524.638257
447.943688,1525.272506
452.886102,1525.888298
457.833642,1526.486925
462.785957,1527.069577
467.742701,1527.637350
472.703517,1528.191253
477.668084,1528.732217
482.636128,1529.261102
487.607096,1529.778664
492.580013,1530.285556
497.554293,1530.782408
502.529824,1531.269843
507.506542,1531.748424
512.484352,1532.218660
517.463170,1532.681006
522.442928,1533.135870
527.423566,1533.583614
532.405030,1534.024557
537.387279,1534.458975
542.370278,1534.887103
547.354001,1535.309139
552.338433,1535.725242
557.323571,1536.135536
562.309415,1536.540108
567.295979,1536.939009
572.283322,1537.332260
577.271442,1537.719837
582.260029,1538.101663
587.248716,1538.477617
592.237419,1538.847567
597.226166,1539.211351
602.214942,1539.568766
607.203715,1539.919569
612.192451,1540.263475
617.181110,1540.600156
622.169648,1540.929241
627.158015,1541.250310
632.146162,1541.562896
637.134037,1541.866480
642.121587,1542.160488
647.108759,1542.444287
652.095509,1542.717186
657.081791,1542.978425
662.067500,1543.227174
667.052666,1543.462532
672.037903,1543.683544
677.023962,1543.889161
682.011072,1544.078211
686.999230,1544.249405
691.988489,1544.401348
696.978719,1544.536119
701.969809,1544.655696
706.961670,1544.761965
711.954234,1544.856729
716.947453,1544.941722
721.941291,1545.018622
726.935727,1545.089053
731.930746,1545.154605
736.926339,1545.216840
741.922525,1545.277319
746.918986,1545.346134
751.915261,1545.433436
756.911280,1545.549496
761.908516,1545.704843
766.908540,1545.910372
771.911215,1546.177377
776.915344,1546.517606
781.919132,1546.943328
786.918774,1547.522525
791.909385,1548.326193
796.876643,1549.429218
801.812169,1550.918230
806.721641,1552.912000
811.470178,1555.498337
815.635392,1558.485923
818.809494,1561.327386
821.340713,1564.004304
823.962565,1567.206987
826.722849,1571.102315
829.439413,1575.397808
832.146776,1579.868731
834.926976,1584.256307
837.721860,1588.169914
840.389672,1591.389155
842.950317,1594.055489
845.927320,1596.720284
849.968673,1599.698756
854.702987,1602.421731
859.430422,1604.548824
864.126642,1606.254091
868.867675,1607.681447
873.632579,1608.909436
878.418407,1610.013983
883.225262,1611.067496
888.039982,1612.139133
892.851116,1613.271551
897.658657,1614.460440
902.462579,1615.701722
907.262620,1616.991477
912.057004,1618.325550
916.843174,1619.699677
921.620677,1621.110334
926.390217,1622.554536
931.152372,1624.029470
935.907641,1625.532490
940.656564,1627.061134
945.399682,1628.613104
950.137535,1630.186245
954.870656,1631.778538
959.599576,1633.388083
964.324829,1635.013092
969.046947,1636.651874
973.766467,1638.302828
978.483926,1639.964432
983.199860,1641.635230
987.914887,1643.313850
992.629582,1644.998955
997.343825,1646.688995
1002.056950,1648.382247
1006.768995,1650.077263
1011.480452,1651.772769
1016.191742,1653.467473
1020.903226,1655.160056
1025.615275,1656.849190
1030.328261,1658.533528
1035.042558,1660.211691
1039.758550,1661.882268
1044.476640,1663.543803
1049.197252,1665.194792
1053.920843,1666.833673
1058.647901,1668.458817
1063.378983,1670.068529
1068.114720,1671.661039
1072.857671,1673.228235
1077.610680,1674.761942
1082.378574,1676.254360
1087.167386,1677.697613
1091.980868,1679.082561
1096.821309,1680.399071
1101.690827,1681.636366
1106.591461,1682.782961
1111.525071,1683.826537
1116.491969,1684.753599
1121.492360,1685.549748
1126.530092,1686.199889
1131.595141,1686.686111
1136.648979,1686.990004
1141.643823,1687.099210
1146.545086,1687.009280
1151.357619,1686.718492
1156.104217,1686.220890
1160.787094,1685.508138
1165.397046,1684.572230
1169.929244,1683.403574
1174.382958,1681.988934
1178.749429,1680.314007
1183.010486,1678.365748
1187.141849,1676.133088
1191.127787,1673.628802
1194.952886,1670.866819
1198.603347,1667.861398
1202.066597,1664.627131
1205.323917,1661.187534
1208.352411,1657.578937
1211.152827,1653.839306
1213.736596,1649.994779
1216.126026,1646.050289
1218.369828,1641.945780
1220.505648,1637.601881
1222.515386,1633.030565
1224.365736,1628.300939
1226.037506,1623.488370
1227.533628,1618.637079
1228.870727,1613.755641
1230.064959,1608.848628
1231.130733,1603.922011
1232.081865,1598.979631
1232.931312,1594.024681
1233.691260,1589.060119
1234.373302,1584.088363
1234.988511,1579.111398
1235.547510,1574.130899
1236.060543,1569.148272
1236.537539,1564.164701
1236.988176,1559.181208
1237.421937,1554.198690
1237.848172,1549.217946
1238.276142,1544.239803
1238.708975,1539.264655
1239.148833,1534.292054
1239.597389,1529.320312
1240.054001,1524.348243
1240.517718,1519.375753
1240.987533,1514.402859
1241.462440,1509.429452
1241.941437,1504.455433
1242.423528,1499.480717
1242.907717,1494.505212
1243.392995,1489.528822
1243.878342,1484.551448
1244.362722,1479.572992
1244.845078,1474.593353
1245.324328,1469.612423
1245.799360,1464.630097
1246.269016,1459.646308
1246.732087,1454.660902
1247.187309,1449.673597
1247.633243,1444.685146
1248.063771,1439.697531
1248.457906,1434.710467
1248.794687,1429.722041
1249.052852,1424.730046
1249.210558,1419.731894
1249.244946,1414.723275
1249.131419,1409.700290
1248.843028,1404.660528
1248.347719,1399.588253
1247.608242,1394.483027
1246.603420,1389.435903
1245.352384,1384.600613
1243.908440,1380.099346
1242.299550,1375.906288
1240.490222,1371.882979
1238.445476,1367.972593
1236.145925,1364.182115
1233.561315,1360.453396
1230.606602,1356.698952
1227.261645,1352.947735
1223.606097,1349.311975
1219.757823,1345.882888
1215.812728,1342.690851
1211.789868,1339.695954
1207.681325,1336.849358
1203.493951,1334.121055
1199.239709,1331.487299
1194.935744,1328.928409
1190.600266,1326.425424
1186.246637,1323.956784
1181.886707,1321.500401
1177.524059,1319.050050
1173.159038,1316.605293
1168.791879,1314.165679
1164.422823,1311.730801
1160.052058,1309.300262
1155.679587,1306.873595
1151.305377,1304.450344
1146.929563,1302.030177
1142.552323,1299.612809
1138.173813,1297.197966
1133.794171,1294.785385
1129.413532,1292.374819
1125.032026,1289.966035
1120.649772,1287.558808
1116.266888,1285.152925
1111.883483,1282.748179
1107.499664,1280.344371
1103.115535,1277.941307
1098.731198,1275.538799
1094.346748,1273.136658
1089.962282,1270.734702
1085.577911,1268.332754
1081.193709,1265.930620
1076.809635,1263.528039
1072.425648,1261.124748
1068.041836,1258.720550
1063.658329,1256.315266
1059.275250,1253.908701
1054.892722,1251.500655
1050.510875,1249.090920
1046.129845,1246.679276
1041.749769,1244.265492
1037.370794,1241.849324
1032.993069,1239.430511
1028.616755,1237.008776
1024.242014,1234.583824
1019.869018,1232.155335
1015.497952,1229.722969
1011.129015,1227.286367
1006.762380,1224.845116
1002.398235,1222.398776
998.037200,1219.947109
993.680312,1217.490073
989.328209,1215.027358
984.981216,1212.558428
980.639710,1210.082721
976.304140,1207.599659
971.974984,1205.108614
967.652752,1202.608909
963.337991,1200.099814
959.031286,1197.580539
954.733262,1195.050230
950.444582,1192.507962
946.165951,1189.952730
941.898124,1187.383450
937.641906,1184.798945
933.398157,1182.197944
929.167809,1179.579075
924.951865,1176.940859
920.751362,1174.281667
916.567394,1171.599726
912.401233,1168.893174
908.254324,1166.160048
904.128262,1163.398251
900.024799,1160.605542
895.945846,1157.779512
891.890567,1154.921846
887.857433,1152.035136
883.844102,1149.121093
879.847249,1146.180399
875.864503,1143.214128
871.894664,1140.223998
867.936717,1137.211671
863.989655,1134.178648
860.052599,1131.126361
856.124787,1128.056187
852.205557,1124.969440
848.294292,1121.867344
844.390390,1118.751011
840.493392,1115.621556
836.603007,1112.480128
832.719017,1109.327838
828.841236,1106.165736
824.969519,1102.994823
821.103730,1099.816028
817.243721,1096.630197
813.389393,1093.438150
809.540666,1090.240655
805.697224,1087.038224
801.858568,1083.831158
798.024229,1080.619725
794.193793,1077.404189
790.366887,1074.184798
786.543173,1070.961789
782.722340,1067.735379
778.904123,1064.505788
775.088345,1061.273276
771.274861,1058.038102
767.463505,1054.800473
763.654110,1051.560572
759.846527,1048.318574
756.040622,1045.074639
752.236267,1041.828917
748.433345,1038.581544
744.631748,1035.332646
740.831377,1032.082340
737.032139,1028.830735
733.233949,1025.577930
729.436729,1022.324017
725.640405,1019.069083
721.844912,1015.813205
718.050187,1012.556456
714.256173,1009.298904
710.462818,1006.040610
706.670073,1002.781633
702.877894,999.522025
699.086238,996.261834
695.295069,993.001107
691.504352,989.739885
687.714053,986.478206
683.924144,983.216107
680.134598,979.953619
676.345389,976.690773
672.556494,973.427597
668.767893,970.164117
664.979567,966.900356
661.191497,963.636335
657.403667,960.372075
653.616064,957.107595
649.828674,953.842909
646.041485,950.578035
642.254484,947.312984
638.467647,944.047755
634.680952,940.782350
630.894390,937.516777
627.107954,934.251045
623.321637,930.985160
619.535432,927.719130
615.749333,924.452958
611.963337,921.186648
608.177439,917.920205
604.391635,914.653631
600.605925,911.386927
596.820305,908.120093
593.034775,904.853131
589.249336,901.586039
585.463986,898.318816
581.678728,895.051459
577.893563,891.783965
574.108495,888.516329
570.323529,885.248550
566.538676,881.980625
562.753941,878.712550
558.969331,875.444315
555.184852,872.175913
551.400513,868.907334
547.616324,865.638566
543.832295,862.369599
540.048435,859.100417
536.264760,855.831007
532.481282,852.561352
528.698017,849.291434
524.914982,846.021235
521.132194,842.750731
517.349674,839.479902
513.567446,836.208721
509.785529,832.937158
506.003952,829.665186
502.222779,826.392802
498.442091,823.120015
494.661936,819.846799
490.882350,816.573113
487.103375,813.298911
483.325055,810.024149
479.547440,806.748775
475.770582,803.472732
471.994536,800.195960
468.219364,796.918393
464.445131,793.639959
460.671905,790.360578
456.899765,787.080167
453.128794,783.798633
449.359071,780.515869
445.590678,777.231754
441.823795,773.946232
438.070648,770.645179
434.345444,767.310479
430.662401,763.923475
427.037248,760.465958
423.487086,756.919738
420.030573,753.266422
416.687162,749.485907
413.477870,745.555777
410.431413,741.457781
407.575118,737.164150
404.957516,732.671168
402.743319,728.249947
401.014617,724.226186
399.593835,720.375980
398.337867,716.304790
397.218469,711.811534
396.288512,706.911147
395.601869,701.821679
395.146421,696.710572
394.874026,691.639490
394.731876,686.616127
394.671416,681.633889
394.648238,676.689543
394.620876,671.779719
394.550087,666.901154
394.398259,662.052306
394.129021,657.234565
393.706975,652.451640
393.096267,647.702943
392.258998,642.988208
391.188819,638.315485
389.891587,633.696729
388.373061,629.142971
386.638778,624.664542
384.694249,620.271844
382.544895,615.975141
380.196025,611.784575
377.666792,607.703075
374.976140,603.732922
372.156151,599.862603
369.234525,596.075836
366.233623,592.351325
363.163082,588.654438
360.022016,584.939614
356.818161,581.169560
353.570085,577.313674
350.299716,573.336429
347.072363,569.246728
344.018282,565.146471
341.281195,561.207092
338.938686,557.580083
336.834398,554.070190
334.705422,550.248460
332.524915,545.992553
330.393691,541.421658
328.399189,536.697556
326.572805,531.920293
324.904273,527.109682
323.378331,522.269384
321.982062,517.405030
320.703234,512.520181
319.530666,507.618014
318.454103,502.701607
317.463962,497.773489
316.551276,492.835808
315.707625,487.890448
314.925063,482.939025
314.196059,477.982928
313.513440,473.023355
312.870347,468.061338
312.260183,463.097750
311.676586,458.133435
311.113380,453.169180
310.564440,448.204865
310.024750,443.239393
309.493519,438.272020
308.970107,433.302874
308.453925,428.332089
307.944419,423.359726
307.441079,418.385862
306.943439,413.410588
306.451063,408.433989
305.963552,403.456155
305.480536,398.477172
305.001675,393.497128
304.526653,388.516110
304.055179,383.534198
303.586985,378.551477
303.121823,373.568029
302.659462,368.583917
302.199689,363.599193
301.742324,358.614088
301.287213,353.628974
300.834198,348.644025
300.383120,343.659232
299.933829,338.674581
299.486189,333.690076
299.040073,328.705718
298.595366,323.721504
298.151960,318.737429
297.709755,313.753491
297.268660,308.769687
296.828589,303.786012
296.389464,298.802463
295.951212,293.819035
295.513768,288.835723
295.077068,283.852523
294.641056,278.869430
294.205678,273.886441
293.770887,268.903549
293.336637,263.920751
292.902887,258.938043
292.469597,253.955420
292.036733,248.972876
291.604261,243.990408
291.172152,239.008012
290.740377,234.025683
290.308911,229.043417
289.877728,224.061209
289.446808,219.079055
289.016130,214.096951
288.585675,209.114891
288.155424,204.132872
287.725363,199.150889
287.295476,194.168936
286.865749,189.187009
286.436170,184.205104
286.006725,179.223210
285.577402,174.241300
285.148190,169.259352
284.719079,164.277366
284.290061,159.295345
283.861129,154.313290
283.432275,149.331204
283.003494,144.349087
282.574779,139.366942
282.146125,134.384770
281.717526,129.402572
281.288978,124.420351
280.860477,119.438107
280.432018,114.455843
280.003598,109.473559
279.575214,104.491258
279.146861,99.508941
278.718537,94.526610
278.290240,89.544266
277.861966,84.561910
277.433713,79.579544
277.005478,74.597171
276.577260,69.614790
276.149056,64.632404
275.720864,59.650015
275.292682,54.667624
274.864508,49.685232
274.436340,44.702841
274.008176,39.720453
273.580014,34.738069
273.151853,29.755690
272.723689,24.773319
272.295522,19.790957
271.867349,14.808605
271.439168,9.826265
271.010976,4.843938
270.582772,-0.138374
270.154552,-5.120674
269.726314,-10.102967
269.298053,-15.085253
268.869768,-20.067531
268.441454,-25.049802
268.013109,-30.032064
267.584728,-35.014319
267.156307,-39.996565
266.727841,-44.978802
266.299327,-49.961031
265.870758,-54.943250
265.442130,-59.925459
265.013436,-64.907659
264.584669,-69.889848
264.155823,-74.872026
263.726890,-79.854192
263.297862,-84.836346
262.868729,-89.818487
262.439482,-94.800615
262.010112,-99.782727
261.580605,-104.764824
261.150951,-109.746905
260.721135,-114.728967
260.291143,-119.711010
259.860960,-124.693034
259.430569,-129.675035
258.999951,-134.657012
258.569087,-139.638964
258.137955,-144.620888
257.706532,-149.602783
257.274792,-154.584646
256.842709,-159.566475
256.410252,-164.548266
255.977390,-169.530017
255.544089,-174.511724
255.110309,-179.493385
254.676011,-184.474994
254.241152,-189.456548
253.805682,-194.438042
253.369550,-199.419471
252.932701,-204.400830
252.495074,-209.382113
252.056604,-214.363313
251.617219,-219.344424
251.176843,-224.325439
250.735392,-229.306347
250.292777,-234.287142
249.848900,-239.267814
249.403656,-244.248352
248.956930,-249.228745
248.508600,-254.208981
248.058530,-259.189047
247.606577,-264.168927
247.152584,-269.148608
246.696381,-274.128071
246.237784,-279.107299
245.776594,-284.086273
245.312598,-289.064970
244.845560,-294.043368
244.375231,-299.021441
243.901336,-303.999163
243.423581,-308.976504
242.941645,-313.953432
242.455182,-318.929912
241.963816,-323.905908
241.467119,-328.881376
240.958988,-333.855709
240.433251,-338.828284
239.883620,-343.798484
239.303651,-348.765686
238.686714,-353.729146
238.025917,-358.688190
237.313924,-363.643000
236.542938,-368.593918
235.704847,-373.539994
234.791146,-378.479430
233.792796,-383.410082
232.700111,-388.329618
231.502665,-393.235371
230.189482,-398.123216
228.748431,-402.989464
227.167056,-407.827533
225.442463,-412.603568
223.586817,-417.258296
221.621623,-421.734846
219.568792,-425.998468
217.418447,-430.085164
215.127034,-434.072803
212.665094,-437.987141
210.023102,-441.816467
207.196566,-445.540452
204.186534,-449.133168
200.992799,-452.572731
197.611256,-455.841789
194.039627,-458.920038
190.279244,-461.783604
186.343426,-464.419939
182.246231,-466.817015
178.001629,-468.963721
173.629641,-470.847347
169.165038,-472.453288
164.645667,-473.773091
160.102464,-474.806503
155.559277,-475.558448
151.000692,-476.037942
146.386739,-476.244633
141.712620,-476.169966
136.998271,-475.815394
132.270384,-475.186287
127.560157,-474.293744
122.889749,-473.152042
118.270318,-471.775069
113.710808,-470.176587
109.219271,-468.370404
104.802104,-466.369944
100.464233,-464.188039
96.209349,-461.836800
92.040875,-459.328016
87.962757,-456.673739
83.977666,-453.885176
80.086092,-450.971663
76.287942,-447.941418
72.583067,-444.801869
68.971180,-441.559558
65.452006,-438.220226
62.025400,-434.788909
58.690945,-431.269467
55.447914,-427.664368
52.296372,-423.975791
49.237487,-420.206159
46.272999,-416.357646
43.405158,-412.432128
40.636820,-408.431330
37.970468,-404.357512
35.409144,-400.212786
32.956472,-395.999173
30.616674,-391.718660
28.394504,-387.373285
26.284940,-382.970053
24.283105,-378.515160
22.384317,-374.014049
20.584140,-369.471475
18.878436,-364.891620
17.263395,-360.278171
15.735393,-355.633858
14.290987,-350.960252
12.927271,-346.258804
11.641952,-341.531303
10.433162,-336.779399
9.299429,-332.004547
8.239697,-327.208109
7.253323,-322.391394
6.340071,-317.555668
5.499710,-312.702237
4.727263,-307.833100
4.018059,-302.949972
3.367720,-298.054326
2.772150,-293.147433
2.227525,-288.230393
1.730278,-283.304159
1.277082,-278.369569
0.864844,-273.427364
0.490684,-268.478196
0.151920,-263.522595
-0.153934,-258.561028
-0.429185,-253.593964
-0.675969,-248.621860
-0.896268,-243.645149
-1.091916,-238.664242
-1.264610,-233.679531
-1.415922,-228.691385
-1.547299,-223.700148
-1.660079,-218.706135
-1.755492,-213.709624
-1.834670,-208.710851
-1.898649,-203.709996
-1.948376,-198.707180
-1.984711,-193.702478
-2.008438,-188.695865
-2.020258,-183.687061
-2.020800,-178.676137
-2.010633,-173.664816
-1.990274,-168.655044
-1.960187,-163.647249
-1.920773,-158.641472
-1.872374,-153.638025
-1.815281,-148.637293
-1.749732,-143.639660
-1.675918,-138.645656
-1.593976,-133.655640
-1.503967,-128.668482
-1.405877,-123.682329
-1.299654,-118.696562
-1.185210,-113.711265
-1.062401,-108.726406
-0.931032,-103.741924
-0.790854,-98.757784
-0.641561,-93.773837
-0.482799,-88.790283
-0.314206,-83.808650
-0.135380,-78.830588
0.054178,-73.856469
0.255044,-68.886271
0.467855,-63.920080
0.693323,-58.957912
0.932238,-53.999695
1.183537,-49.045525
1.446266,-44.094963
1.719736,-39.144389
2.003409,-34.189326
2.296653,-29.228513
2.598794,-24.262301
2.909210,-19.290884
3.227323,-14.314476
3.552581,-9.333398
3.884481,-4.347851
