# Curvature-length line (length weight 0.0005 /m², exact linearisation) in the TUM corridor (Sakhir) widened by 1 m per side, 0.75 m margin (models/raceline.py)
# x_m,y_m
-7.049371,-1.307336
-6.824682,3.688147
-6.600125,8.683641
-6.375700,13.679147
-6.151409,18.674663
-5.927252,23.670193
-5.703229,28.665733
-5.479341,33.661286
-5.255590,38.656849
-5.031974,43.652425
-4.808495,48.648011
-4.585153,53.643610
-4.361948,58.639221
-4.138882,63.634844
-3.915953,68.630478
-3.693163,73.626125
-3.470513,78.621783
-3.248001,83.617452
-3.025629,88.613134
-2.803398,93.608828
-2.581306,98.604531
-2.359356,103.600245
-2.137547,108.595969
-1.915879,113.591703
-1.694352,118.587447
-1.472968,123.583202
-1.251726,128.578966
-1.030627,133.574741
-0.809670,138.570526
-0.588857,143.566322
-0.368188,148.562127
-0.147663,153.557942
0.072718,158.553769
0.292954,163.549606
0.513045,168.545453
0.732990,173.541309
0.952789,178.537178
1.172442,183.533056
1.391948,188.528944
1.611307,193.524844
1.830518,198.520754
2.049580,203.516674
2.268493,208.512605
2.487257,213.508547
2.705870,218.504499
2.924333,223.500463
3.142644,228.496437
3.360803,233.492422
3.578808,238.488418
3.796660,243.484425
4.014357,248.480443
4.231898,253.476472
4.449281,258.472513
4.666507,263.468564
4.883574,268.464627
5.100481,273.460702
5.317225,278.456788
5.533807,283.452885
5.750224,288.448995
5.966474,293.445116
6.182557,298.441249
6.398469,303.437394
6.614210,308.433552
6.829776,313.429721
7.045166,318.425902
7.260378,323.422097
7.475407,328.418305
7.690252,333.414525
7.904909,338.410759
8.119376,343.407006
8.333648,348.403266
8.547722,353.399540
8.761593,358.395828
8.975258,363.392130
9.188710,368.388446
9.401947,373.384778
9.614960,378.381125
9.827746,383.377487
10.040296,388.373864
10.252605,393.370259
10.464665,398.366669
10.676467,403.363096
10.888004,408.359541
11.099265,413.356004
11.310240,418.352484
11.520919,423.348986
11.731291,428.345507
11.941339,433.342004
12.151049,438.338430
12.360405,443.334778
12.569392,448.331052
12.777993,453.327249
12.986188,458.323371
13.193958,463.319416
13.401280,468.315386
13.608133,473.311280
13.814489,478.307099
14.020323,483.302841
14.225604,488.298509
14.430301,493.294104
14.634379,498.289622
14.837801,503.285068
15.040527,508.280442
15.242515,513.275743
15.443716,518.270974
15.644081,523.266137
15.843556,528.261232
16.042081,533.256260
16.239592,538.251225
16.436023,543.246126
16.631297,548.240968
16.825337,553.235753
17.018054,558.230482
17.209358,563.225161
17.399147,568.219790
17.587314,573.214372
17.773743,578.208913
17.958310,583.203418
18.140883,588.197890
18.321317,593.192318
18.499455,598.186732
18.675136,603.181351
18.848185,608.176407
19.018402,613.171955
19.185572,618.167985
19.349459,623.164506
19.509809,628.161532
19.666348,633.159079
19.818776,638.157157
19.966772,643.155785
20.109985,648.154981
20.248035,653.154763
20.380514,658.155172
20.506976,663.156239
20.626937,668.157865
20.739879,673.160227
20.845250,678.164065
20.942383,683.166623
21.030487,688.158961
21.108845,693.134795
21.176718,698.084428
21.233528,703.007454
21.279364,708.004700
21.393110,713.190545
21.670210,718.479212
22.305716,724.032224
23.938560,730.806945
28.220094,738.445147
36.120975,743.507185
44.820838,743.979085
52.202778,741.577578
58.135643,737.884098
62.846239,733.865804
66.655423,730.012484
69.945514,726.362683
73.061073,722.684715
76.157024,718.869376
79.251011,714.963468
82.366503,711.016870
85.536311,707.074163
88.791637,703.185420
92.171532,699.392753
95.718301,695.737403
99.432659,692.300072
103.250443,689.191152
107.079481,686.488903
110.857446,684.203534
114.471986,682.341064
117.593643,680.955510
120.468535,679.821579
124.527467,678.458249
129.862634,677.157479
135.311818,676.389253
140.642443,676.111735
145.882937,676.235801
151.015635,676.693244
156.048013,677.426720
160.989537,678.388515
165.845105,679.536289
170.628299,680.834380
175.376463,682.259140
180.125812,683.791778
184.891505,685.408368
189.679651,687.080738
194.469192,688.769212
199.216817,690.425690
203.907394,692.014701
208.551880,693.513326
213.153963,694.899165
217.709519,696.150713
222.216524,697.250603
226.675510,698.185028
231.134326,698.980939
235.731027,699.666782
240.538772,700.244961
245.513835,700.700621
250.579016,701.024479
255.666993,701.217929
260.751947,701.289799
265.830354,701.250248
270.899118,701.108836
275.955502,700.874556
280.997565,700.555826
286.023521,700.160522
291.032211,699.695974
296.025155,699.168716
301.005808,698.584452
305.976262,697.948467
310.937357,697.265775
315.890026,696.541028
320.835241,695.778562
325.773856,694.982458
330.706663,694.156569
335.634418,693.304548
340.557832,692.429877
345.477581,691.535890
350.394311,690.625798
355.308646,689.702710
360.221187,688.769652
365.132521,687.829587
370.043232,686.885433
374.953880,685.940080
379.864437,684.993813
384.774856,684.046816
389.685144,683.099213
394.595329,682.151094
399.505425,681.202538
404.415444,680.253612
409.325397,679.304373
414.235294,678.354872
419.145144,677.405155
424.054957,676.455262
428.964737,675.505229
433.874492,674.555090
438.784227,673.604873
443.693950,672.654605
448.603662,671.704311
453.513368,670.754013
458.423073,669.803730
463.332782,668.853480
468.242495,667.903279
473.152216,666.953144
478.061948,666.003086
482.971695,665.053119
487.881456,664.103254
492.791234,663.153500
497.701033,662.203868
502.610852,661.254365
507.520693,660.304999
512.430558,659.355776
517.340448,658.406703
522.250364,657.457786
527.160306,656.509029
532.070277,655.560437
536.980276,654.612012
541.890303,653.663760
546.800360,652.715681
551.710447,651.767780
556.620564,650.820056
561.530712,649.872513
566.440889,648.925150
571.351099,647.977969
576.261338,647.030969
581.171607,646.084150
586.081908,645.137510
590.992237,644.191049
595.902597,643.244765
600.812986,642.298655
605.723402,641.352715
610.633846,640.406943
615.544317,639.461333
620.454812,638.515881
625.365332,637.570581
630.275876,636.625425
635.186440,635.680406
640.097024,634.735514
645.007626,633.790741
649.918242,632.846074
654.828871,631.901500
659.739510,630.957005
664.650154,630.012572
669.560801,629.068183
674.471447,628.123817
679.382087,627.179449
684.292714,626.235051
689.203323,625.290593
694.113907,624.346036
699.024456,623.401338
703.934957,622.456446
708.845420,621.511290
713.755886,620.565774
718.666364,619.619763
723.576800,618.672941
728.485668,617.717695
733.384466,616.711055
738.264849,615.609604
743.117999,614.369026
747.933534,612.943471
752.704129,611.282240
757.426005,609.324736
762.070343,607.007794
766.598392,604.257811
771.040347,600.906742
775.259150,596.813538
778.666597,592.484318
780.693278,589.339045
781.686708,587.660660
782.821150,585.643885
784.522515,582.281822
786.243384,578.074182
787.607764,573.492748
788.513430,568.695759
788.930322,563.814448
788.872126,558.927138
788.360196,554.043888
787.422550,549.223204
786.195719,544.778161
784.735513,540.585728
782.651765,535.742931
780.071415,530.866528
777.305583,526.446173
774.308202,522.252096
771.112671,518.256526
767.762073,514.451303
764.274165,510.804287
760.671620,507.295573
756.974412,503.905814
753.198664,500.614681
749.359917,497.403299
745.473242,494.253650
741.553087,491.148026
737.613561,488.068987
733.668422,484.999526
729.719782,481.936938
725.769705,478.878550
721.820220,475.821709
717.873407,472.763821
713.931367,469.702300
709.995851,466.634251
706.069231,463.557203
702.157310,460.471326
698.266687,457.377440
694.400558,454.273686
690.560493,451.156823
686.748411,448.023756
682.966257,444.871245
679.216399,441.696206
675.501491,438.495577
671.819645,435.261983
668.163579,431.983111
664.532495,428.651219
660.932258,425.263842
657.369319,421.818575
653.850353,418.312716
650.382055,414.742994
646.969308,411.103418
643.622688,407.393246
640.371023,403.633497
637.241815,399.848629
634.248200,396.050507
631.395717,392.243887
628.668734,388.403704
626.038636,384.476739
623.470230,380.454593
620.943721,376.351848
618.437145,372.182906
615.926336,367.962244
613.385767,363.706253
610.788273,359.433124
608.105361,355.163598
605.306833,350.920469
602.362831,346.731665
599.245731,342.631844
595.924791,338.654565
592.447901,334.913500
589.052721,331.644625
585.818935,328.841360
582.445923,326.211500
578.794667,323.694660
574.965745,321.414818
571.004175,319.422553
566.900795,317.686633
562.638614,316.185326
558.205111,314.907464
553.614848,313.851455
548.899517,313.013780
544.084145,312.382274
539.182032,311.938325
534.210039,311.659961
529.193364,311.521229
524.160604,311.491836
519.131687,311.538676
514.106175,311.628365
509.074386,311.728136
504.025862,311.805041
498.965155,311.825006
493.931454,311.754361
488.980804,311.564793
484.162274,311.237082
479.479066,310.757322
474.883199,310.106438
470.346497,309.261188
465.868708,308.198292
461.457764,306.893796
457.124756,305.358884
452.885837,303.607628
448.752198,301.658766
444.706967,299.520672
440.700118,297.174677
436.707424,294.605184
432.740706,291.816145
428.821179,288.822095
424.970572,285.644258
421.208154,282.308459
417.547980,278.841777
413.998461,275.270316
410.558811,271.613143
407.219289,267.879331
403.969446,264.075172
400.800579,260.207187
397.704625,256.281276
394.674161,252.302977
391.702376,248.277662
388.782920,244.210527
385.909845,240.106665
383.077436,235.970936
380.280060,231.807837
377.512228,227.621646
374.768598,223.416507
372.043940,219.196452
369.333116,214.965425
366.631051,210.727309
363.932709,206.485951
361.233072,202.245184
358.527113,198.008849
355.809780,193.780822
353.075955,189.565026
350.320459,185.365485
347.538054,181.186396
344.723195,177.031824
341.870127,172.905945
338.975072,168.816150
336.036485,164.772984
333.051315,160.784694
330.020211,156.864059
326.925220,153.002481
323.648845,149.158541
320.112257,145.369229
316.322152,141.774911
311.923282,138.240489
306.356044,134.812007
299.951060,132.328536
293.932694,131.263000
288.322144,131.245501
282.716091,132.192893
277.358541,134.130873
271.893450,137.521754
266.991760,142.756467
263.795267,148.680024
261.974225,154.586886
261.084508,160.354223
260.845614,165.905227
261.050804,171.235878
261.561069,176.433189
262.277243,181.542506
263.108952,186.557850
263.977306,191.490376
264.865006,196.382740
265.776341,201.273055
266.710400,206.167337
267.664741,211.062688
268.637618,215.959442
269.627410,220.858043
270.632480,225.758420
271.651248,230.660398
272.681977,235.562755
273.722843,240.463621
274.772368,245.362532
275.829300,250.259823
276.892419,255.155750
277.960533,260.050509
279.032487,264.944312
280.107156,269.837375
281.183429,274.729910
282.260209,279.622127
283.336402,284.514238
284.410914,289.406454
285.482637,294.298987
286.550452,299.192055
287.613211,304.085875
288.669740,308.980668
289.718823,313.876663
290.759201,318.774103
291.789560,323.673223
292.808516,328.574242
293.814615,333.477382
294.806324,338.382881
295.782022,343.290989
296.739989,348.201975
297.678398,353.116121
298.595298,358.033733
299.488608,362.955136
300.356100,367.880681
301.195383,372.810742
302.003893,377.745725
302.778867,382.686067
303.517332,387.632246
304.216075,392.584759
304.871625,397.544164
305.480230,402.511157
306.037807,407.486398
306.539877,412.470241
306.981565,417.462866
307.357575,422.464370
307.662143,427.474601
307.889018,432.493393
308.031414,437.521687
308.081874,442.553259
308.033615,447.555794
307.883330,452.483572
307.631965,457.297726
307.282499,461.984565
306.830294,466.609009
306.257810,471.270869
305.545355,476.001086
304.687584,480.781115
303.691600,485.545485
302.575435,490.219542
301.350535,494.784465
300.019865,499.253115
298.571210,503.673294
296.974308,508.117906
295.205184,512.612652
293.248304,517.147890
291.086176,521.712213
288.703937,526.283333
286.098957,530.816404
283.279714,535.256988
280.262609,539.552476
277.066986,543.660559
273.715847,547.546833
270.247770,551.172826
266.619213,554.585016
262.564347,557.969481
257.717150,561.362919
251.476851,564.410354
243.151352,565.707969
234.562039,562.707761
228.861230,556.586394
225.740296,549.797791
224.149104,543.795538
223.225426,538.717275
222.517417,533.795590
221.858868,528.791139
221.232064,523.786835
220.635754,518.794027
220.065907,513.799160
219.520557,508.803252
218.997966,503.808128
218.496403,498.814433
218.014396,493.824187
217.550495,488.838513
217.103246,483.857199
216.671305,478.879903
216.253433,473.906224
215.848480,468.935523
215.455424,463.967635
215.073290,459.001904
214.700770,454.032000
214.336472,449.048709
213.979670,444.050536
213.629989,439.040326
213.287052,434.020630
212.950484,428.993735
212.619913,423.961606
212.294949,418.925517
211.975336,413.888436
211.660991,408.855815
211.351666,403.830286
211.046912,398.810714
210.746302,393.795751
210.449479,388.784667
210.156125,383.776946
209.865959,378.772295
209.578725,373.770457
209.294152,368.770582
209.011977,363.771614
208.731999,358.773305
208.454054,353.775757
208.177985,348.779011
207.903647,343.783089
207.630908,338.788062
207.359649,333.794022
207.089743,328.800767
206.821053,323.807723
206.553466,318.814581
206.286891,313.821355
206.021248,308.828072
205.756458,303.834725
205.492452,298.841313
205.229164,293.847837
204.966532,288.854300
204.704503,283.860702
204.443023,278.867043
204.182047,273.873325
203.921529,268.879547
203.661430,263.885710
203.401712,258.891816
203.142342,253.897864
202.883289,248.903854
202.624522,243.909787
202.366016,238.915663
202.107748,233.921481
201.849693,228.927241
201.591833,223.932945
201.334149,218.938592
201.076625,213.944179
200.819245,208.949709
200.561996,203.955180
200.304866,198.960591
200.047844,193.965942
199.790921,188.971232
199.534089,183.976461
199.277342,178.981627
199.020672,173.986729
198.764077,168.991764
198.507551,163.996733
198.251097,159.001674
197.994714,154.006638
197.738403,149.011636
197.482166,144.016665
197.226004,139.021726
196.969922,134.026820
196.713924,129.031950
196.458015,124.037114
196.202203,119.042314
195.946497,114.047551
195.690906,109.052827
195.435441,104.058141
195.180115,99.063494
194.924942,94.068888
194.669939,89.074322
194.415123,84.079799
194.160514,79.085317
193.906134,74.090878
193.652007,69.096482
193.398158,64.102128
193.144618,59.107819
192.891417,54.113553
192.638589,49.119329
192.386173,44.125148
192.134210,39.131010
191.882743,34.136913
191.631821,29.142856
191.381498,24.148839
191.131830,19.154860
190.882879,14.160915
190.634713,9.167005
190.387405,4.173123
190.141035,-0.820724
189.895689,-5.814551
189.651454,-10.808474
189.408425,-15.802645
189.166711,-20.797105
188.926432,-25.791848
188.687716,-30.786882
188.450705,-35.782218
188.215551,-40.777863
187.982419,-45.773827
187.751488,-50.770117
187.522953,-55.766743
187.297026,-60.763710
187.073935,-65.761033
186.853932,-70.758725
186.637292,-75.756759
186.424314,-80.755162
186.215336,-85.754161
186.027758,-90.753864
185.896925,-95.753285
185.858345,-100.751979
185.948057,-105.750990
186.203553,-110.753447
186.666490,-115.772173
187.386024,-120.819437
188.417414,-125.884754
189.824018,-130.950902
191.668341,-135.965817
193.903476,-140.682701
196.171001,-144.587092
197.952404,-147.286588
199.610760,-149.606061
202.261740,-152.947302
205.882775,-156.775721
209.834537,-160.179716
214.047148,-163.150777
218.555896,-165.740794
223.301036,-167.924393
228.222926,-169.691765
233.272157,-171.047607
238.399874,-172.003832
243.565875,-172.579555
248.738229,-172.797759
253.892174,-172.682882
259.016819,-172.258095
264.110244,-171.542421
269.162410,-170.553075
274.158145,-169.307967
279.084012,-167.825292
283.928504,-166.123200
288.681590,-164.219670
293.334950,-162.132186
297.882108,-159.877363
302.317878,-157.470941
306.637608,-154.928062
310.837281,-152.263210
314.913780,-149.489980
318.865746,-146.620304
322.694236,-143.663549
326.401318,-140.627168
329.991400,-137.515250
333.477032,-134.322240
336.872810,-131.036464
340.182742,-127.652502
343.404805,-124.168914
346.540551,-120.588815
349.590546,-116.915430
352.554642,-113.151970
355.432125,-109.301564
358.219126,-105.371194
360.909743,-101.371276
363.511080,-97.312876
366.033136,-93.201812
368.489152,-89.036899
370.897900,-84.804775
373.273370,-80.497842
375.620207,-76.125334
377.941498,-71.701104
380.238544,-67.244275
382.513572,-62.773633
384.774629,-58.296986
387.032126,-53.817306
389.296269,-49.337933
391.577325,-44.862290
393.885809,-40.393771
396.232764,-35.935480
398.629348,-31.491336
401.082238,-27.074334
403.591453,-22.708605
406.157528,-18.414860
408.779229,-14.213687
411.417062,-10.177997
414.015693,-6.385864
416.663193,-2.704750
419.520400,1.060051
422.576420,4.859133
425.752827,8.573905
429.034028,12.178993
432.427386,15.675870
435.932973,19.056268
439.549408,22.310063
443.276569,25.427928
447.113996,28.399675
451.057981,31.212422
455.100441,33.850988
459.232952,36.301447
463.447695,38.551484
467.731369,40.596532
472.066425,42.442672
476.438943,44.097388
480.836775,45.568300
485.255267,46.864458
489.722099,48.000287
494.278712,48.987183
498.933358,49.822826
503.675851,50.500273
508.474927,51.016107
513.273518,51.371098
518.034175,51.575703
522.757018,51.643507
527.489123,51.584492
532.308306,51.399475
537.233433,51.084194
542.233750,50.637428
547.254922,50.064739
552.198239,49.384919
557.034266,48.614231
561.926520,47.731803
566.938844,46.721219
571.939767,45.606442
576.898766,44.397829
581.827405,43.096163
586.718077,41.706169
591.569045,40.230706
596.381141,38.671220
601.153019,37.029173
605.883390,35.305446
610.570949,33.500359
615.213887,31.613868
619.810729,29.645236
624.360394,27.592928
628.861915,25.454650
633.314895,23.227024
637.718261,20.905910
642.068839,18.487375
646.373182,15.960592
650.653880,13.301399
654.917163,10.490194
659.137759,7.525496
663.286410,4.409962
667.344687,1.139400
671.287379,-2.284315
675.077551,-5.845213
678.687010,-9.528812
682.110235,-13.341083
685.346041,-17.297345
688.370059,-21.387673
691.150648,-25.584800
693.677391,-29.885586
695.961757,-34.338058
697.988311,-38.971157
699.711934,-43.758545
701.088531,-48.649205
702.086848,-53.577881
702.694065,-58.464954
702.921307,-63.219945
702.804011,-67.775594
702.382095,-72.141968
701.678292,-76.364413
700.707168,-80.449781
699.472108,-84.450828
697.910723,-88.538005
695.933558,-92.798657
693.522492,-97.125641
690.722141,-101.373346
687.603937,-105.440779
684.224032,-109.295458
680.616677,-112.942876
676.813530,-116.391663
672.845907,-119.651443
668.745308,-122.732840
664.541673,-125.648703
660.259599,-128.415715
655.919815,-131.052198
651.540266,-133.576939
647.136241,-136.008904
642.721638,-138.366462
638.306939,-140.668455
633.891731,-142.937974
629.472071,-145.198827
625.053528,-147.469681
620.639007,-149.754016
616.228102,-152.050910
611.820220,-154.359624
607.414996,-156.679374
603.012113,-159.009426
598.611269,-161.349100
594.212203,-163.697758
589.814692,-166.054797
585.418540,-168.419653
581.023573,-170.791797
576.629653,-173.170726
572.236644,-175.555980
567.844347,-177.947172
563.452833,-180.343801
559.062897,-182.745007
554.675239,-185.150003
550.289789,-187.558457
545.906319,-189.970148
541.524688,-192.384836
537.144774,-194.802294
532.766451,-197.222320
528.389604,-199.644726
524.014130,-202.069338
519.639935,-204.495993
515.266928,-206.924545
510.895029,-209.354854
506.524166,-211.786793
502.154268,-214.220246
497.785273,-216.655102
493.417124,-219.091262
489.049768,-221.528633
484.683157,-223.967128
480.317245,-226.406670
475.951994,-228.847183
471.587365,-231.288601
467.223324,-233.730862
462.859841,-236.173908
458.496886,-238.617686
454.134434,-241.062147
449.772463,-243.507246
445.410948,-245.952943
441.049873,-248.399199
436.689217,-250.845979
432.328967,-253.293251
427.969105,-255.740988
423.609620,-258.189162
419.250507,-260.637746
414.891712,-263.086741
410.533135,-265.536180
406.174723,-267.986070
401.816470,-270.436394
397.458371,-272.887138
393.100419,-275.338292
388.742606,-277.789847
384.384927,-280.241795
380.027379,-282.694128
375.669957,-285.146843
371.312659,-287.599937
366.955485,-290.053405
362.598431,-292.507250
358.241498,-294.961471
353.884687,-297.416070
349.527999,-299.871052
345.171435,-302.326421
340.814999,-304.782184
336.458694,-307.238350
332.102525,-309.694927
327.746497,-312.151928
323.390615,-314.609365
319.034888,-317.067254
314.679322,-319.525611
310.323927,-321.984454
305.968714,-324.443805
301.613692,-326.903686
297.258873,-329.364124
292.904271,-331.825147
288.549902,-334.286784
284.195780,-336.749069
279.841928,-339.212038
275.488355,-341.675734
271.135070,-344.140210
266.782236,-346.605432
262.430171,-349.071286
258.079058,-351.537739
253.728927,-354.004850
249.379814,-356.472683
245.031773,-358.941296
240.684857,-361.410757
236.339122,-363.881140
231.994628,-366.352526
227.651440,-368.825001
223.309625,-371.298661
218.969254,-373.773612
214.630406,-376.249964
210.293157,-378.727845
205.957578,-381.207397
201.623818,-383.688734
197.291969,-386.172018
192.961408,-388.657840
188.631155,-391.147017
184.300423,-393.639051
179.968864,-396.133208
175.636082,-398.628784
171.301645,-401.125097
166.965135,-403.621452
162.626129,-406.117145
158.284196,-408.611461
153.938893,-411.103667
149.589764,-413.593006
145.236335,-416.078701
140.878108,-418.559938
136.514587,-421.035857
132.145243,-423.505557
127.769388,-425.968161
123.386593,-428.422573
118.997739,-430.866889
114.603952,-433.299007
110.205007,-435.717501
105.800189,-438.121117
101.388873,-440.508441
96.970364,-442.877981
92.543978,-445.228105
88.109218,-447.556948
83.662656,-449.860279
79.181858,-452.103582
74.644851,-454.251022
70.030057,-456.264531
65.321194,-458.100936
60.523424,-459.707603
55.631315,-461.036111
50.602853,-462.040033
45.300904,-462.654314
39.527032,-462.723662
34.128030,-462.159098
30.358150,-461.430621
27.319487,-460.677120
24.094462,-459.713324
21.001123,-458.625484
17.865723,-457.355561
13.441996,-455.191295
8.428198,-451.981271
4.094144,-448.385552
0.330566,-444.531478
-2.989392,-440.447095
-5.912167,-436.193918
-8.483454,-431.814777
-10.735202,-427.362851
-12.703285,-422.878310
-14.440079,-418.341086
-16.015932,-413.617159
-17.451718,-408.604508
-18.722219,-403.324884
-19.803055,-397.839202
-20.675004,-392.284464
-21.342341,-386.811677
-21.834903,-381.473094
-22.185265,-376.267807
-22.420600,-371.182403
-22.563123,-366.154873
-22.627509,-361.131026
-22.624282,-356.109295
-22.563513,-351.095111
-22.454897,-346.087554
-22.307696,-341.085953
-22.130870,-336.090558
-21.933101,-331.100889
-21.722752,-326.114013
-21.508025,-321.126571
-21.291919,-316.137733
-21.074562,-311.147745
-20.856060,-306.156647
-20.636507,-301.164424
-20.415994,-296.171105
-20.194603,-291.176730
-19.972410,-286.181329
-19.749487,-281.184938
-19.525899,-276.187596
-19.301706,-271.189340
-19.076965,-266.190207
-18.851727,-261.190239
-18.626040,-256.189470
-18.399947,-251.187889
-18.173493,-246.185625
-17.946738,-241.183210
-17.719737,-236.181116
-17.492523,-231.179384
-17.265123,-226.177961
-17.037563,-221.176834
-16.809865,-216.175997
-16.582053,-211.175436
-16.354146,-206.175137
-16.126163,-201.175091
-15.898121,-196.175287
-15.670035,-191.175717
-15.441920,-186.176374
-15.213790,-181.177246
-14.985657,-176.178329
-14.757531,-171.179616
-14.529424,-166.181101
-14.301346,-161.182780
-14.073304,-156.184647
-13.845308,-151.186700
-13.617365,-146.188932
-13.389482,-141.191344
-13.161666,-136.193932
-12.933922,-131.196693
-12.706257,-126.199626
-12.478675,-121.202730
-12.251181,-116.206003
-12.023780,-111.209444
-11.796476,-106.213055
-11.569272,-101.216832
-11.342173,-96.220778
-11.115180,-91.224890
-10.888299,-86.229169
-10.661531,-81.233624
-10.434878,-76.238235
-10.208339,-71.242917
-9.981913,-66.247592
-9.755601,-61.252252
-9.529405,-56.256903
-9.303328,-51.261544
-9.077371,-46.266173
-8.851535,-41.270790
-8.625822,-36.275398
-8.400233,-31.279994
-8.174769,-26.284579
-7.949432,-21.289153
-7.724223,-16.293716
-7.499143,-11.298267
-7.274192,-6.302807
