# Curvature-length line (length weight 0.0005 /m², exact linearisation) in the TUM corridor (SaoPaulo) widened by 1 m per side, 0.75 m margin (models/raceline.py)
# x_m,y_m
-2.715583,-1.101433
-1.540161,-5.956825
-0.363576,-10.811079
0.814086,-15.664141
1.992760,-20.516009
3.172692,-25.367920
4.354349,-30.221988
5.537935,-35.079202
6.723417,-39.939547
7.910785,-44.803071
9.100133,-49.670228
10.291498,-54.541201
11.484321,-59.413715
12.677797,-64.284472
13.871647,-69.152300
15.065865,-74.017128
16.260373,-78.878551
17.455014,-83.735825
18.649777,-88.588770
19.845165,-93.439259
21.041768,-98.289481
22.239749,-103.139853
23.439149,-107.990256
24.640062,-112.840755
25.842594,-117.691430
27.046852,-122.542313
28.252953,-127.393436
29.461022,-132.244828
30.671198,-137.096503
31.883625,-141.948467
33.098476,-146.800767
34.315918,-151.653379
35.536019,-156.505806
36.758816,-161.357384
37.984473,-166.207872
39.213224,-171.057237
40.445315,-175.905399
41.681005,-180.752257
42.920583,-185.597714
44.164360,-190.441665
45.412674,-195.284001
46.665893,-200.124606
47.924415,-204.963348
49.188674,-209.800103
50.459146,-214.634757
51.736314,-219.467060
53.020625,-224.296462
54.312579,-229.122447
55.612828,-233.944870
56.922172,-238.763920
58.241191,-243.578762
59.588095,-248.383293
60.986188,-253.181486
62.463229,-257.987393
64.045868,-262.802307
65.758717,-267.613287
67.626640,-272.402710
69.671039,-277.141689
71.920490,-281.815904
74.432320,-286.451801
77.228263,-290.989347
80.220415,-295.237316
83.375227,-299.156166
86.828857,-302.888962
90.640636,-306.417867
94.713125,-309.590711
98.934646,-312.317343
103.228370,-314.579973
107.527915,-316.388529
111.849331,-317.786717
116.300498,-318.809525
120.935527,-319.428689
125.649793,-319.586361
130.149749,-319.293164
134.061612,-318.703235
137.360900,-317.985208
140.852264,-317.003570
145.172564,-315.432428
149.865049,-313.219211
154.388554,-310.586332
158.649874,-307.706378
162.721027,-304.664071
166.670864,-301.528055
170.561567,-298.361369
174.456530,-295.220254
178.408242,-292.167475
182.404609,-289.308086
186.357959,-286.766224
190.173982,-284.610656
193.877957,-282.805606
197.676433,-281.255799
201.724092,-279.929571
205.928805,-278.902927
209.954740,-278.240044
213.902172,-277.878648
218.561157,-277.808626
223.852126,-278.213550
229.148116,-279.109875
234.252442,-280.380999
239.114742,-281.901655
243.780708,-283.586206
248.335728,-285.388112
252.823528,-287.260906
257.275046,-289.159027
261.720754,-291.039613
266.185258,-292.858340
270.687462,-294.568572
275.234084,-296.143604
279.825100,-297.568746
284.455033,-298.843748
289.118743,-299.967933
293.811325,-300.940150
298.528618,-301.758833
303.267559,-302.421904
308.024269,-302.926417
312.793329,-303.268669
317.568807,-303.444487
322.344450,-303.449282
327.113682,-303.282454
331.869907,-302.942987
336.606431,-302.429454
341.316361,-301.740014
345.992541,-300.872427
350.627452,-299.824067
355.212862,-298.592031
359.740006,-297.173136
364.201079,-295.563309
368.587648,-293.757814
372.886656,-291.753207
377.093206,-289.560898
381.213359,-287.185035
385.253366,-284.626283
389.207857,-281.890442
393.058563,-278.993513
396.787146,-275.955426
400.386826,-272.789579
403.856596,-269.504504
407.194894,-266.108489
410.399294,-262.610171
413.474342,-259.015555
416.439719,-255.318709
419.311783,-251.511800
422.095128,-247.598994
424.790759,-243.589225
427.401196,-239.489562
429.930422,-235.304617
432.375032,-231.052001
434.718906,-226.776417
436.955132,-222.512362
439.097633,-218.255137
441.185372,-213.941611
443.255318,-209.498443
445.304783,-204.929478
447.309791,-200.291140
449.254697,-195.629974
451.139564,-190.959567
452.969784,-186.280078
454.750087,-181.591907
456.484705,-176.895481
458.177523,-172.191032
459.833156,-167.475565
461.457124,-162.742035
463.053824,-157.985204
464.625675,-153.204765
466.172174,-148.409062
467.691059,-143.612332
469.182001,-138.823116
470.648529,-134.037139
472.094633,-129.247576
473.522101,-124.454049
474.932203,-119.657470
476.326378,-114.857773
477.705933,-110.054948
479.072027,-105.249145
480.425732,-100.440477
481.768044,-95.629038
483.099874,-90.814934
484.422062,-85.998268
485.735383,-81.179144
487.040551,-76.357665
488.338225,-71.533931
489.629012,-66.708044
490.913476,-61.880102
492.192134,-57.050203
493.465468,-52.218442
494.733921,-47.384912
495.997907,-42.549706
497.257806,-37.712912
498.513974,-32.874616
499.766740,-28.034901
501.016412,-23.193851
502.263275,-18.351545
503.507605,-13.508033
504.749639,-8.663432
505.989542,-3.818096
507.227472,1.027657
508.463630,5.873730
509.698225,10.720092
510.931449,15.566695
512.163484,20.413489
513.394507,25.260431
514.624687,30.107476
515.854191,34.954584
517.083115,39.801731
518.311555,44.648892
519.539602,49.496046
520.767346,54.343170
521.994873,59.190243
523.222270,64.037245
524.449621,68.884152
525.677011,73.730945
526.904527,78.577604
528.132253,83.424105
529.360277,88.270429
530.588688,93.116551
531.817577,97.962450
533.047040,102.808102
534.277175,107.653483
535.508083,112.498567
536.739871,117.343322
537.972656,122.187734
539.206569,127.031827
540.441747,131.875603
541.678322,136.719028
542.916437,141.562065
544.156243,146.404672
545.397902,151.246808
546.641588,156.088428
547.887487,160.929484
549.135799,165.769922
550.386739,170.609687
551.640537,175.448717
552.897442,180.286948
554.157722,185.124309
555.421666,189.960724
556.689586,194.796111
557.961817,199.630380
559.238723,204.463437
560.519820,209.295405
561.804651,214.126400
563.092783,218.956533
564.383801,223.785911
565.677310,228.614634
566.972930,233.442802
568.270294,238.270509
569.569047,243.097846
570.868838,247.924900
572.169337,252.751788
573.470224,257.578671
574.771177,262.405675
576.071861,267.232888
577.371939,272.060398
578.671073,276.888301
579.968916,281.716688
581.265113,286.545656
582.559299,291.375301
583.851094,296.205726
585.140104,301.037035
586.425918,305.869336
587.708101,310.702745
588.986199,315.537378
590.259728,320.373361
591.528176,325.210823
592.790999,330.049905
594.039511,334.892851
595.258563,339.743558
596.432801,344.605951
597.546556,349.484039
598.583681,354.381873
599.527345,359.303472
600.359911,364.253535
601.062508,369.237371
601.614212,374.257505
601.992341,379.320180
602.170815,384.443255
602.118471,389.604471
601.813566,394.704635
601.258950,399.633785
600.461664,404.394647
599.401990,409.080734
598.048092,413.729426
596.408266,418.238308
594.569248,422.415292
592.661475,426.119551
590.733987,429.414952
588.631709,432.618016
586.192010,435.932545
583.368521,439.325673
580.142974,442.726552
576.502601,446.067301
572.479157,449.257091
568.146391,452.207791
563.593863,454.861316
558.910689,457.192512
554.164066,459.206891
549.368216,460.935801
544.516366,462.409831
539.615849,463.648005
534.676157,464.665877
529.703609,465.477656
524.703870,466.095834
519.676466,466.530791
514.615897,466.790877
509.525131,466.881986
504.414697,466.809417
499.296146,466.578830
494.181198,466.196310
489.082614,465.668469
484.014046,465.002567
478.985977,464.205878
474.002973,463.284602
469.068546,462.244140
464.210601,461.095684
459.487016,459.861524
454.917754,458.558245
450.396705,457.161939
445.800320,455.629085
441.117650,453.942374
436.403097,452.107601
431.725244,450.142463
427.122691,448.059035
422.613219,445.863514
418.244372,443.580631
414.093040,441.260581
410.184347,438.934954
406.374485,436.527465
402.487635,433.911045
398.505943,431.055708
394.548171,428.035974
390.742666,424.960878
387.132279,421.890714
383.676810,418.815885
380.263745,415.647936
376.817637,412.316897
373.352485,408.831844
369.914466,405.239655
366.530402,401.574729
363.202445,397.848154
359.927378,394.065102
356.703386,390.231955
353.528540,386.354668
350.400815,382.438747
347.318123,378.489252
344.277633,374.509862
341.276171,370.503298
338.310741,366.471997
335.378553,362.418193
332.476984,358.343912
329.603570,354.250988
326.755997,350.141088
323.932082,346.015721
321.129764,341.876249
318.347095,337.723906
315.582235,333.559812
312.833417,329.384953
310.098913,325.200144
307.377104,321.006163
304.666534,316.803855
301.965847,312.594061
299.273753,308.377588
296.589030,304.155223
293.910511,299.927738
291.237078,295.695887
288.567651,291.460419
285.901185,287.222074
283.236659,282.981590
280.573074,278.739704
277.909440,274.497160
275.244773,270.254707
272.578090,266.013105
269.908398,261.773129
267.234691,257.535572
264.555941,253.301248
261.871095,249.070998
259.179061,244.845688
256.478709,240.626222
253.768857,236.413537
251.048269,232.208617
248.315639,228.012483
245.569591,223.826215
242.808679,219.650971
240.031309,215.487881
237.235610,211.337895
234.419615,207.202080
231.581371,203.081809
228.718830,198.978612
225.829781,194.894113
222.911859,190.830075
219.962522,186.788400
216.973445,182.775246
213.936094,178.797041
210.841548,174.860401
207.680349,170.972145
204.443240,167.140375
201.120134,163.373408
197.694145,159.673989
194.145082,156.045159
190.464239,152.505187
186.652168,149.081669
182.713059,145.803598
178.655095,142.700178
174.489878,139.799042
170.232278,137.125167
165.896438,134.698216
161.472366,132.523390
157.054052,130.647505
153.066647,129.190709
149.365135,128.020023
145.060855,126.867375
140.246329,125.853820
135.364825,125.115664
130.488051,124.649843
125.594680,124.439300
120.699199,124.474473
115.818194,124.745364
110.963869,125.241676
106.152100,125.952306
101.398503,126.865136
96.714202,127.968149
92.106497,129.250225
87.581659,130.700922
83.143617,132.311110
78.768892,134.084681
74.405298,136.046419
70.037301,138.215540
65.690468,140.594339
61.421750,143.162348
57.294335,145.882593
53.337246,148.728662
49.562197,151.681283
45.983852,154.715461
42.607045,157.811018
39.405449,160.978671
36.332140,164.254499
33.374562,167.651803
30.522179,171.189396
27.732863,174.942387
24.992358,178.951821
22.341695,183.179356
19.833239,187.542750
17.489325,191.982130
15.297288,196.493356
13.238200,201.092833
11.302768,205.784629
9.491544,210.550321
7.805312,215.365811
6.242495,220.208173
4.800150,225.054153
3.473177,229.884491
2.250510,234.703519
1.117400,239.541222
0.065559,244.413924
-0.908310,249.321938
-1.806810,254.264767
-2.632064,259.241840
-3.385588,264.251369
-4.012269,269.299141
-4.435618,274.388853
-4.575122,279.516848
-4.345970,284.670473
-3.659589,289.818880
-2.425214,294.913236
-0.543062,299.897851
2.007880,304.563427
4.878736,308.438759
7.579638,311.353089
10.340412,313.851246
13.618676,316.301464
17.350412,318.487379
21.326062,320.208823
25.346507,321.433135
29.223412,322.209209
32.936004,322.638566
36.794386,322.790430
41.057768,322.619203
45.660668,322.041887
50.451045,321.030821
55.320982,319.616415
60.184155,317.878121
64.978349,315.928474
69.670897,313.888815
74.245174,311.872884
78.702229,309.970782
83.082038,308.235909
87.429077,306.707250
91.754765,305.427932
96.056289,304.436216
100.332636,303.747313
104.604393,303.375353
108.914555,303.345181
113.285306,303.686375
117.706482,304.442996
122.220595,305.695675
126.869826,307.593349
131.473560,310.251025
135.729492,313.648900
139.434198,317.697973
142.479258,322.301323
144.792128,327.338538
146.339158,332.674324
147.127997,338.181023
147.198126,343.746094
146.613751,349.270878
145.443335,354.669865
143.766473,359.886944
141.659901,364.897629
139.192311,369.695746
136.420771,374.290216
133.389171,378.701139
130.145660,382.936039
126.760174,386.978952
123.301505,390.822999
119.816011,394.485079
116.305674,398.018447
112.743709,401.492126
109.133975,404.938059
105.502446,408.366485
101.875654,411.787530
98.270615,415.214635
94.701556,418.663509
91.183415,422.149013
87.731968,425.685158
84.346942,429.269406
81.028384,432.899522
77.776521,436.573704
74.591630,440.290740
71.474131,444.049929
68.424185,447.851629
65.440968,451.698380
62.526409,455.590147
59.688883,459.518371
56.933832,463.477927
54.253542,467.483814
51.621771,471.585178
49.015824,475.837860
46.455274,480.238248
43.980786,484.743722
41.623747,489.318759
39.403271,493.943675
37.334544,498.601765
35.429625,503.278476
33.699245,507.957128
32.145688,512.641161
30.747925,517.431092
29.539734,522.476920
28.651418,527.812614
28.259374,533.393166
28.569794,539.211478
29.892078,545.286458
32.624203,551.331553
36.752202,556.522046
41.539355,560.255024
46.420675,562.720661
51.413935,564.273432
56.846157,565.033135
62.765711,564.816315
68.500787,563.592195
73.603003,561.697449
78.419639,559.215732
82.973947,556.225868
87.007629,553.057068
90.723594,549.725126
94.269077,546.202531
97.663799,542.555859
100.955642,538.822370
104.197060,535.030199
107.410640,531.200516
110.607451,527.345685
113.800126,523.476334
117.000123,519.604743
120.213088,515.750398
123.443086,511.934264
126.700621,508.168900
129.998111,504.464272
133.346273,500.832136
136.754467,497.285516
140.229552,493.836852
143.777294,490.499344
147.402328,487.286793
151.108357,484.213264
154.898662,481.292646
158.775803,478.538974
162.741348,475.966684
166.804008,473.586349
170.984519,471.405616
175.286273,469.419639
179.698288,467.632735
184.207029,466.049788
188.800180,464.674582
193.465158,463.510557
198.187810,462.560987
202.953223,461.828506
207.749029,461.314747
212.564943,461.021083
217.390534,460.949143
222.214902,461.100771
227.027242,461.478001
231.816988,462.083172
236.574135,462.919164
241.287990,463.989364
245.926319,465.290640
250.423829,466.801518
254.726840,468.489971
258.844931,470.342312
262.857967,472.367051
266.825701,474.583420
270.753197,476.990941
274.645354,479.590980
278.512704,482.391147
282.348463,485.387957
286.132406,488.564200
289.845775,491.898128
293.478844,495.371295
297.026579,498.966859
300.485261,502.667299
303.852732,506.455137
307.128461,510.313593
310.315684,514.229941
313.422442,518.198138
316.456563,522.213302
319.424083,526.269388
322.330836,530.360991
325.182530,534.483398
327.984698,538.632450
330.743448,542.805647
333.465019,547.001489
336.154574,551.217487
338.816678,555.450711
341.455790,559.698449
344.076237,563.958110
346.682211,568.227140
349.277807,572.503040
351.867065,576.783351
354.453914,581.065692
357.038070,585.350255
359.619200,589.637217
362.196906,593.926703
364.763730,598.223644
367.294159,602.544667
369.761943,606.906014
372.139664,611.323370
374.398903,615.812990
376.508500,620.389406
378.434812,625.067080
380.145554,629.876685
381.596516,634.842696
382.722449,639.930734
383.461914,645.053950
383.782963,650.096511
383.696394,654.937508
383.248397,659.506065
382.491391,663.799416
381.477708,667.807415
380.268127,671.502697
378.880124,674.967620
377.216615,678.471017
375.020094,682.350544
372.139251,686.519851
368.718673,690.545253
364.896718,694.241021
360.764154,697.566766
356.419274,700.509415
351.943815,703.086463
347.400467,705.331932
342.814118,707.294040
338.167259,709.026038
333.448244,710.565853
328.658676,711.925265
323.799816,713.113910
318.873050,714.139652
313.878154,715.009229
308.805507,715.729060
303.662916,716.301620
298.493098,716.727747
293.350037,717.012727
288.285745,717.167213
283.346227,717.205862
278.545933,717.144852
273.844152,716.996741
269.191904,716.768261
264.561320,716.462770
259.898019,716.078109
255.139683,715.608857
250.277494,715.051520
245.351587,714.409008
240.410313,713.688554
235.472522,712.895576
230.537439,712.032749
225.604164,711.102257
220.670676,710.105584
215.734741,709.043642
210.808487,707.920266
205.915333,706.742525
201.069090,705.515978
196.276803,704.244732
191.547492,702.933486
186.893104,701.587984
182.315212,700.211092
177.777488,698.793190
173.233448,697.318823
168.671373,695.781478
164.092906,694.181698
159.497435,692.519007
154.885320,690.792965
150.269405,689.007804
145.670647,687.171540
141.098390,685.288214
136.552118,683.357776
132.031815,681.380003
127.538678,679.354855
123.073615,677.281843
118.636088,675.159430
114.225190,672.985424
109.841795,670.758036
105.487188,668.476908
101.162707,666.141336
96.869633,663.750190
92.610033,661.302372
88.388265,658.797794
84.209121,656.236443
80.075537,653.616932
75.990075,650.937252
71.955806,648.195290
67.976148,645.388740
64.054843,642.515069
60.196026,639.571559
56.404204,636.555274
52.684441,633.463195
49.042670,630.292504
45.484475,627.039504
42.015319,623.699566
38.651582,620.278666
35.422760,616.799853
32.352667,613.286947
29.442092,609.741788
26.644181,606.100102
23.891244,602.277006
21.177807,598.254801
18.544555,594.089125
16.029751,589.851814
13.638957,585.574410
11.360904,581.260158
9.186247,576.912861
7.107997,572.538844
5.117428,568.138763
3.198566,563.692898
1.336694,559.177747
-0.471870,554.592309
-2.226346,549.947032
-3.926523,545.252380
-5.572831,540.518282
-7.165562,535.756090
-8.704947,530.978376
-10.193308,526.191698
-11.634731,521.396196
-13.033087,516.591330
-14.391697,511.777170
-15.713520,506.953932
-17.001236,502.121854
-18.257207,497.281423
-19.483516,492.433372
-20.682060,487.578410
-21.854575,482.717154
-23.002642,477.850155
-24.127703,472.977897
-25.231059,468.100805
-26.313885,463.219246
-27.377232,458.333534
-28.422038,453.443935
-29.449127,448.550667
-30.459216,443.653899
-31.452925,438.753760
-32.430769,433.850329
-33.393175,428.943642
-34.340470,424.033689
-35.272896,419.120412
-36.190602,414.203707
-37.093649,409.283415
-37.982007,404.359325
-38.855559,399.431170
-39.714095,394.498616
-40.557312,389.561270
-41.384805,384.618689
-42.196080,379.670291
-42.990552,374.715295
-43.767338,369.754037
-44.525063,364.789384
-45.262218,359.824685
-45.977413,354.862047
-46.669185,349.903547
-47.335940,344.951681
-47.976024,340.008903
-48.587913,335.076069
-49.170176,330.152294
-49.721152,325.237367
-50.238937,320.332029
-50.721531,315.436777
-51.166813,310.551980
-51.572549,305.677579
-51.936483,300.811348
-52.256128,295.950214
-52.528550,291.093089
-52.750492,286.239975
-52.918438,281.390826
-53.028591,276.545682
-53.076850,271.704807
-53.058795,266.868681
-52.974837,262.037951
-52.825014,257.213098
-52.608977,252.394405
-52.326027,247.582678
-51.981166,242.777920
-51.578416,237.973937
-51.120704,233.160564
-50.610837,228.333415
-50.051827,223.492961
-49.446552,218.639726
-48.797741,213.774137
-48.108047,208.897001
-47.380048,204.009359
-46.616240,199.112379
-45.819036,194.207327
-44.990779,189.295599
-44.133710,184.378546
-43.249911,179.457147
-42.341532,174.533262
-41.411143,169.611342
-40.461085,164.694796
-39.492953,159.783617
-38.508076,154.877075
-37.507730,149.974766
-36.493092,145.076339
-35.465240,140.181431
-34.425169,135.289712
-33.373795,130.400878
-32.311962,125.514644
-31.240445,120.630732
-30.159962,115.748900
-29.071173,110.868917
-27.974655,105.990422
-26.870915,101.112982
-25.760463,96.236390
-24.643813,91.360636
-23.521440,86.485714
-22.393782,81.611617
-21.261246,76.738349
-20.124212,71.865920
-18.983030,66.994348
-17.838026,62.123655
-16.689501,57.253869
-15.537735,52.385019
-14.382986,47.517138
-13.225492,42.650262
-12.065476,37.784424
-10.903138,32.919659
-9.738667,28.055999
-8.572233,23.193474
-7.403992,18.332109
-6.234085,13.471925
-5.062640,8.612935
-3.889772,3.755148
