# Curvature-length line (length weight 0.0005 /m², exact linearisation) in the TUM corridor (Sepang) widened by 1 m per side, 0.75 m margin (models/raceline.py)
# x_m,y_m
0.937285,-0.083160
-4.037463,-0.613661
-9.012238,-1.144212
-13.987039,-1.674810
-18.961866,-2.205449
-23.936719,-2.736125
-28.911596,-3.266835
-33.886498,-3.797574
-38.861423,-4.328340
-43.836371,-4.859130
-48.811342,-5.389941
-53.786334,-5.920771
-58.761346,-6.451618
-63.736379,-6.982479
-68.711431,-7.513354
-73.686501,-8.044239
-78.661589,-8.575135
-83.636694,-9.106039
-88.611814,-9.636950
-93.586949,-10.167867
-98.562098,-10.698790
-103.537261,-11.229716
-108.512435,-11.760646
-113.487621,-12.291579
-118.462817,-12.822513
-123.438022,-13.353449
-128.413236,-13.884385
-133.388457,-14.415321
-138.363685,-14.946256
-143.338918,-15.477190
-148.314156,-16.008121
-153.289397,-16.539050
-158.264640,-17.069976
-163.239886,-17.600898
-168.215132,-18.131816
-173.190377,-18.662728
-178.165621,-19.193633
-183.140863,-19.724532
-188.116102,-20.255423
-193.091337,-20.786304
-198.066566,-21.317176
-203.041790,-21.848035
-208.017007,-22.378883
-212.992216,-22.909715
-217.967416,-23.440532
-222.942606,-23.971330
-227.917787,-24.502109
-232.892962,-25.032866
-237.868133,-25.563599
-242.843301,-26.094306
-247.818467,-26.624984
-252.793630,-27.155629
-257.768793,-27.686239
-262.743954,-28.216809
-267.719115,-28.747335
-272.694276,-29.277813
-277.669439,-29.808237
-282.644604,-30.338602
-287.619771,-30.868903
-292.594941,-31.399132
-297.570117,-31.929282
-302.545297,-32.459346
-307.520484,-32.989314
-312.495677,-33.519178
-317.470880,-34.048928
-322.446092,-34.578551
-327.421315,-35.108037
-332.396550,-35.637372
-337.371799,-36.166541
-342.347063,-36.695530
-347.322345,-37.224320
-352.297646,-37.752895
-357.272966,-38.281234
-362.248310,-38.809314
-367.223679,-39.337114
-372.199076,-39.864607
-377.174503,-40.391765
-382.149963,-40.918559
-387.125458,-41.444955
-392.100992,-41.970919
-397.076570,-42.496412
-402.052194,-43.021392
-407.027867,-43.545815
-412.003596,-44.069631
-416.979385,-44.592788
-421.955238,-45.115228
-426.931160,-45.636889
-431.907158,-46.157703
-436.883240,-46.677599
-441.859410,-47.196495
-446.835676,-47.714308
-451.812048,-48.230943
-456.788532,-48.746302
-461.765139,-49.260274
-466.741879,-49.772741
-471.718761,-50.283578
-476.695800,-50.792644
-481.673008,-51.299791
-486.650396,-51.804856
-491.627981,-52.307664
-496.605778,-52.808026
-501.583806,-53.305735
-506.562084,-53.800569
-511.540630,-54.292287
-516.519467,-54.780629
-521.498619,-55.265311
-526.478112,-55.746029
-531.457971,-56.222452
-536.438228,-56.694221
-541.418927,-57.160950
-546.400072,-57.622216
-551.381673,-58.077563
-556.364023,-58.526523
-561.347058,-58.968551
-566.329339,-59.402945
-571.315248,-59.829453
-576.325634,-60.227704
-581.379454,-60.562685
-586.479419,-60.795171
-591.620689,-60.882677
-596.797968,-60.779926
-602.012068,-60.437397
-607.227385,-59.804680
-612.364170,-58.844229
-617.583719,-57.456050
-623.133307,-55.393180
-628.647562,-52.521091
-633.564190,-49.005674
-637.730593,-45.037874
-641.351774,-40.414330
-644.242409,-35.181158
-646.187724,-29.685306
-647.209524,-24.148173
-647.387146,-18.604333
-646.637469,-13.028709
-644.838987,-7.567101
-641.977285,-2.525776
-638.233237,1.786077
-633.931899,5.201064
-629.445898,7.716279
-625.186250,9.433591
-621.425508,10.554963
-617.948797,11.333575
-614.334325,11.909577
-610.368546,12.296245
-605.953825,12.452999
-601.194226,12.346158
-596.307291,12.014090
-591.372634,11.543643
-586.369899,11.030693
-581.260503,10.581251
-576.052266,10.322296
-570.868175,10.386965
-565.903069,10.856333
-561.314174,11.724172
-557.123163,12.942865
-553.342044,14.445601
-550.070859,16.094894
-547.290069,17.776286
-544.606867,19.680212
-541.632051,22.226463
-538.535212,25.671341
-535.801661,30.071327
-533.924618,35.430828
-533.396490,41.405190
-534.285040,47.244704
-536.162725,52.496314
-538.608748,57.158190
-541.420190,61.432546
-544.483604,65.473941
-547.672335,69.361418
-550.872708,73.174184
-553.986576,76.993996
-556.923476,80.889523
-559.684752,84.853021
-562.271012,88.877007
-564.689056,92.966626
-566.954041,97.132721
-569.071032,101.375334
-571.039145,105.685223
-572.858100,110.054645
-574.527964,114.477523
-576.048341,118.947756
-577.418334,123.458855
-578.637886,128.009085
-579.707946,132.607157
-580.635948,137.257625
-581.426241,141.956814
-582.082531,146.699509
-582.608375,151.481104
-583.007067,156.296783
-583.281687,161.141566
-583.435137,166.010524
-583.470130,170.898765
-583.389171,175.801587
-583.194507,180.714793
-582.888047,185.634699
-582.471286,190.558097
-581.945277,195.481964
-581.310575,200.403521
-580.566708,205.323041
-579.712432,210.240275
-578.750974,215.130705
-577.692976,219.947296
-576.549721,224.658213
-575.330428,229.249274
-574.036294,233.735633
-572.648043,238.187100
-571.145105,242.652227
-569.518797,247.129882
-567.766942,251.608664
-565.892471,256.066230
-563.900957,260.478695
-561.792421,264.837554
-559.563301,269.140818
-557.213102,273.379235
-554.745972,277.536246
-552.164778,281.599566
-549.469789,285.561799
-546.662184,289.414269
-543.743952,293.147628
-540.716199,296.754073
-537.580434,300.225480
-534.342323,303.574226
-530.983039,306.834526
-527.485263,310.030325
-523.852409,313.162643
-520.095820,316.226384
-516.236188,319.211222
-512.298586,322.106695
-508.295950,324.913360
-504.232787,327.637601
-500.113538,330.285049
-495.942209,332.860969
-491.721640,335.370731
-487.454250,337.819375
-483.140613,340.212416
-478.777093,342.556989
-474.361935,344.858478
-469.899297,347.118837
-465.395538,349.338912
-460.857181,351.519535
-456.291050,353.661440
-451.704071,355.765334
-447.103200,357.831900
-442.494549,359.862146
-437.880205,361.858697
-433.259480,363.825095
-428.632797,365.764120
-424.001218,367.678060
-419.365430,369.569165
-414.726006,371.439551
-410.083562,373.291157
-405.438620,375.125818
-400.791179,376.945444
-396.140876,378.751963
-391.487701,380.547060
-386.831953,382.332214
-382.173899,384.108839
-377.513787,385.878296
-372.851885,387.641884
-368.188475,389.400855
-363.523845,391.156424
-358.858300,392.909774
-354.192156,394.662068
-349.525745,396.414457
-344.859418,398.168081
-340.193545,399.924084
-335.528511,401.683620
-330.864731,403.447856
-326.202649,405.217980
-321.542703,406.995222
-316.885204,408.780713
-312.229885,410.574006
-307.576575,412.374668
-302.925141,414.182302
-298.275453,415.996554
-293.627399,417.817111
-288.980879,419.643695
-284.335808,421.476064
-279.692112,423.314007
-275.049733,425.157350
-270.408623,427.005945
-265.768745,428.859679
-261.130073,430.718468
-256.492603,432.582252
-251.856342,434.451002
-247.221217,436.324754
-242.587352,438.203498
-237.955687,440.086925
-233.327253,441.974718
-228.702329,443.866897
-224.080906,445.763634
-219.463064,447.665102
-214.848915,449.571499
-210.238574,451.483059
-205.632164,453.400055
-201.029824,455.322795
-196.431710,457.251626
-191.837987,459.186935
-187.248838,461.129155
-182.664467,463.078762
-178.085080,465.036287
-173.510884,467.002321
-168.941635,468.976136
-164.362235,470.923825
-159.755795,472.812036
-155.103635,474.607262
-150.388189,476.273749
-145.592957,477.772606
-140.688347,479.063709
-135.631006,480.098791
-130.416363,480.806891
-125.090874,481.105468
-119.693099,480.916292
-114.554348,480.229572
-110.478952,479.334582
-107.102390,478.376950
-103.169897,476.987528
-98.769968,474.961191
-95.034885,472.761267
-92.718212,471.189667
-90.477530,469.533119
-86.686005,466.263227
-82.887942,462.006707
-79.781664,457.442784
-77.261650,452.692225
-75.250471,447.912053
-73.627975,443.129612
-72.292379,438.316180
-71.174720,433.475853
-70.215040,428.617553
-69.355859,423.742988
-68.541927,418.855459
-67.750202,413.957350
-66.977854,409.048970
-66.222149,404.130599
-65.480468,399.202750
-64.750288,394.266150
-64.029127,389.321508
-63.314626,384.370144
-62.604652,379.414859
-61.897014,374.457992
-61.189310,369.500368
-60.479084,364.542434
-59.763880,359.584786
-59.041215,354.628041
-58.308559,349.672805
-57.563318,344.719692
-56.802827,339.769330
-56.024324,334.822355
-55.224940,329.879411
-54.401678,324.941155
-53.551391,320.008249
-52.670768,315.081378
-51.756303,310.161241
-50.804257,305.248459
-49.810671,300.343824
-48.771493,295.448979
-47.682489,290.565950
-46.539026,285.696287
-45.336102,280.841457
-44.068423,276.003343
-42.730462,271.184487
-41.316326,266.387682
-39.819212,261.614446
-38.233723,256.872259
-36.563168,252.191888
-34.816849,247.611744
-33.003198,243.157707
-31.128268,238.842819
-29.182508,234.644073
-27.139001,230.511727
-24.980327,226.428634
-22.699860,222.402434
-20.286169,218.429852
-17.720823,214.502347
-14.989453,210.624562
-12.081032,206.810174
-9.000541,203.093597
-5.787220,199.539153
-2.476652,196.188488
0.911803,193.055370
4.371998,190.138214
7.952105,187.398174
11.721058,184.803307
15.690691,182.354150
19.846402,180.069266
24.149002,177.974311
28.527940,176.097090
32.935573,174.442257
37.354631,172.998619
41.800912,171.747452
46.324444,170.669990
50.946711,169.764512
55.660820,169.038599
60.444313,168.501178
65.237866,168.159491
69.988872,168.010828
74.676576,168.045756
79.297152,168.254361
83.887558,168.632711
88.505891,169.188197
93.166056,169.932462
97.854781,170.875906
102.536935,172.022837
107.142156,173.360949
111.623971,174.873293
115.966769,176.547051
120.176185,178.361986
124.304621,180.315032
128.410571,182.417926
132.511027,184.668533
136.605673,187.055625
140.696318,189.567569
144.784343,192.190787
148.871456,194.910086
152.961446,197.709897
157.052316,200.568905
161.137425,203.460767
165.228871,206.371477
169.353719,209.297132
173.559197,212.246243
177.852829,215.195898
182.032766,217.984782
186.009515,220.546975
190.039189,223.039330
194.219851,225.497267
198.455341,227.837701
202.709414,230.023603
206.995905,232.048188
211.315292,233.897693
215.662671,235.557146
220.035624,237.013848
224.434114,238.256254
228.859569,239.272603
233.292313,240.047130
237.694331,240.566859
242.116126,240.834172
246.696825,240.854240
251.423193,240.607637
256.160079,240.096738
260.844664,239.342989
265.468963,238.366947
270.039399,237.184197
274.577126,235.801781
279.091446,234.225404
283.580062,232.462960
288.028569,230.528015
292.404645,228.445914
296.690470,226.239842
300.888306,223.923831
305.012665,221.503212
309.103235,218.963840
313.196991,216.286665
317.293471,213.473616
321.375354,210.539545
325.423786,207.503423
329.424425,204.383530
333.370819,201.193589
337.258813,197.946078
341.087214,194.651151
344.861653,191.312609
348.588754,187.932380
352.272490,184.513931
355.916297,181.060602
359.523647,177.575141
363.097656,174.060128
366.641132,170.517986
370.156681,166.950933
373.646705,163.361022
377.113422,159.750162
380.558887,156.120128
383.985007,152.472577
387.393556,148.809058
390.786191,145.131022
394.164463,141.439830
397.529825,137.736765
400.883645,134.023041
404.227219,130.299804
407.561770,126.568146
410.888467,122.829108
414.208429,119.083685
417.522728,115.332835
420.832403,111.577483
424.138462,107.818525
427.441891,104.056835
430.743662,100.293271
434.043648,96.527723
437.341704,92.760065
440.637665,88.990158
443.931355,85.217842
447.222568,81.442950
450.511070,77.665300
453.796649,73.884635
457.079024,70.100722
460.357419,66.313840
463.630703,62.524613
466.892426,58.728046
470.132770,54.915562
473.341789,51.078528
476.509368,47.208142
479.625206,43.295268
482.678710,39.330311
485.658740,35.303218
488.553577,31.203100
491.350955,27.017492
494.036476,22.733863
496.594419,18.337358
499.011835,13.799964
501.263641,9.103620
503.299373,4.281882
505.068731,-0.604592
506.535798,-5.483269
507.670170,-10.197399
508.466881,-14.459783
508.976351,-17.958067
509.314858,-20.861242
509.629258,-24.445555
509.821224,-29.626936
509.614507,-35.220808
509.032569,-40.463216
508.124688,-45.541442
506.901840,-50.532446
505.393531,-55.381003
503.623674,-60.074736
501.604798,-64.623502
499.333557,-69.052078
496.794165,-73.383946
493.974324,-77.617189
490.876746,-81.722333
487.521358,-85.655077
483.833549,-89.468912
479.666076,-93.228323
475.705468,-96.355077
472.915863,-98.371027
470.224999,-100.207007
466.507510,-102.564465
462.422913,-104.906603
458.673043,-106.861377
454.861341,-108.687701
450.541057,-110.573397
445.794726,-112.426246
440.844884,-114.132561
435.866320,-115.641858
430.911274,-116.963725
425.963188,-118.126129
421.011247,-119.149987
416.049963,-120.051604
411.079313,-120.844241
406.101146,-121.539689
401.115298,-122.149119
396.121363,-122.682914
391.119611,-123.150743
386.110572,-123.561778
381.093674,-123.924894
376.068932,-124.248613
371.048043,-124.540634
366.053100,-124.808221
361.094599,-125.059185
356.175228,-125.301299
351.285689,-125.542426
346.393789,-125.791283
341.475625,-126.048625
336.528961,-126.314208
331.560229,-126.587336
326.581723,-126.866955
321.601629,-127.152210
316.620517,-127.442682
311.637749,-127.738054
306.653457,-128.037993
301.667755,-128.342194
296.680666,-128.650381
291.692240,-128.962299
286.702543,-129.277716
281.711645,-129.596417
276.719623,-129.918207
271.726560,-130.242911
266.732544,-130.570365
261.737672,-130.900427
256.742042,-131.232965
251.745748,-131.567865
246.748920,-131.905022
241.751767,-132.244343
236.754445,-132.585748
231.757002,-132.929177
226.759466,-133.274586
221.761873,-133.621941
216.764264,-133.971220
211.766677,-134.322414
206.769156,-134.675525
201.771742,-135.030566
196.774482,-135.387564
191.777419,-135.746556
186.780601,-136.107593
181.784077,-136.470738
176.787896,-136.836068
171.792107,-137.203674
166.796766,-137.573659
161.801922,-137.946143
156.807544,-138.321269
151.813543,-138.699200
146.819882,-139.080113
141.826565,-139.464200
136.833591,-139.851678
131.840958,-140.242780
126.848671,-140.637766
121.856739,-141.036919
116.865175,-141.440547
111.873995,-141.848987
106.883225,-142.262609
101.892890,-142.681810
96.903022,-143.107028
91.913663,-143.538735
86.924877,-143.977443
81.936703,-144.423712
76.949084,-144.878158
71.962568,-145.341394
66.978902,-145.813966
61.999453,-146.296504
57.024559,-146.789787
52.054509,-147.294662
47.089636,-147.812041
42.129186,-148.343028
37.173807,-148.888660
32.228972,-149.449497
27.277238,-150.028853
22.258119,-150.663490
17.202309,-151.458248
12.253789,-152.497921
7.028606,-154.020693
1.010267,-156.671398
-4.841092,-161.032108
-9.021876,-166.600684
-11.312869,-172.324293
-12.177246,-178.559897
-11.044353,-185.779137
-7.480689,-192.500991
-3.036402,-197.396787
1.276006,-200.964434
5.644195,-203.986232
10.117416,-206.725562
14.537496,-209.253436
18.897133,-211.626764
23.268556,-213.928124
27.678871,-216.207150
32.109043,-218.488846
36.538101,-220.798264
40.947202,-223.162316
45.317161,-225.608415
49.632885,-228.167323
53.867419,-230.863991
57.955835,-233.695021
61.823246,-236.634201
65.422222,-239.654177
68.726343,-242.725821
71.782896,-245.885144
74.710718,-249.231288
77.543083,-252.813724
80.259183,-256.628237
82.820586,-260.635753
85.168693,-264.732876
87.275728,-268.823626
89.156022,-272.870113
90.847927,-276.890221
92.421111,-281.022128
93.920784,-285.418700
95.320933,-290.075583
96.579663,-294.911878
97.669162,-299.836599
98.582905,-304.792779
99.328212,-309.771250
99.912802,-314.772036
100.342599,-319.792941
100.622388,-324.831788
100.755932,-329.886534
100.746025,-334.955212
100.594552,-340.035459
100.302708,-345.122942
99.871222,-350.212122
99.300208,-355.298621
98.589047,-360.378556
97.736433,-365.447655
96.740385,-370.501225
95.598160,-375.534458
94.306107,-380.542668
92.860942,-385.516870
91.262034,-390.439491
89.509874,-395.292904
87.604211,-400.064109
85.542759,-404.745440
83.313871,-409.345795
80.898741,-413.877782
78.274723,-418.328863
75.422734,-422.674892
72.335160,-426.874336
69.018769,-430.874763
65.471445,-434.643992
61.677670,-438.163205
57.590157,-441.427865
53.146339,-444.415052
48.411920,-447.009487
43.608976,-449.082035
39.074726,-450.583065
35.206151,-451.567563
31.808787,-452.242568
28.095679,-452.783803
23.704546,-453.144092
19.070262,-453.184193
14.895606,-452.946144
10.976935,-452.514467
6.332102,-451.734981
1.096919,-450.465955
-3.997187,-448.821927
-8.867099,-446.886712
-13.558496,-444.700223
-18.080396,-442.305831
-22.455544,-439.733633
-26.703828,-437.008762
-30.840103,-434.155131
-34.879835,-431.193242
-38.839942,-428.139928
-42.736842,-425.010241
-46.584413,-421.819858
-50.386950,-418.574166
-54.148606,-415.278059
-57.873261,-411.936111
-61.564513,-408.552667
-65.225740,-405.131842
-68.860138,-401.677555
-72.470727,-398.193553
-76.060388,-394.683436
-79.631876,-391.150671
-83.187839,-387.598613
-86.730835,-384.030524
-90.263348,-380.449586
-93.787812,-376.858906
-97.306607,-373.261550
-100.822043,-369.660590
-104.336466,-366.059020
-107.852325,-362.459718
-111.372104,-358.865541
-114.898305,-355.279380
-118.433463,-351.704167
-121.980160,-348.142898
-125.541038,-344.598650
-129.118814,-341.074599
-132.716291,-337.574044
-136.336372,-334.100426
-139.982079,-330.657350
-143.656570,-327.248611
-147.363155,-323.878219
-151.105301,-320.550445
-154.886692,-317.269817
-158.711302,-314.041127
-162.583034,-310.869795
-166.505372,-307.762160
-170.482388,-304.724710
-174.519489,-301.763689
-178.622880,-298.885774
-182.799766,-296.098198
-187.058923,-293.408733
-191.409393,-290.826943
-195.862361,-288.363497
-200.433389,-286.029958
-205.107455,-283.855127
-209.811001,-281.887159
-214.439475,-280.167607
-218.908256,-278.708988
-223.257902,-277.476559
-227.618600,-276.427657
-232.054672,-275.558670
-236.567339,-274.888830
-241.101092,-274.442989
-245.581813,-274.216271
-249.977694,-274.191465
-254.284979,-274.349906
-258.585740,-274.685064
-263.024006,-275.207482
-267.644639,-275.936476
-272.407986,-276.879421
-277.253878,-278.028849
-282.123595,-279.364661
-286.982448,-280.863294
-291.813686,-282.501489
-296.604152,-284.254647
-301.343753,-286.097790
-306.026213,-288.006895
-310.647751,-289.959247
-315.206461,-291.933789
-319.715778,-293.917560
-324.211056,-295.908945
-328.720934,-297.904154
-333.258668,-299.892241
-337.829308,-301.857915
-342.421124,-303.778302
-347.018205,-305.629579
-351.621319,-307.395814
-356.234310,-309.062689
-360.840124,-310.609527
-365.404231,-312.013854
-369.902410,-313.262045
-374.320131,-314.347748
-378.700405,-315.297455
-383.180383,-316.144592
-387.848311,-316.896324
-392.686600,-317.535680
-397.632519,-318.043978
-402.603318,-318.409857
-407.552535,-318.633383
-412.478743,-318.719392
-417.383558,-318.671557
-422.263842,-318.492494
-427.117530,-318.184074
-431.943540,-317.747308
-436.742776,-317.182068
-441.528284,-316.484983
-446.319339,-315.648448
-451.119015,-314.664398
-455.917683,-313.525925
-460.701704,-312.226882
-465.455029,-310.762086
-470.166967,-309.124842
-474.832223,-307.305513
-479.444933,-305.292521
-483.994460,-303.074027
-488.458245,-300.642873
-492.806520,-297.997210
-497.010121,-295.137759
-501.046361,-292.063235
-504.902689,-288.763698
-508.562177,-285.228390
-511.994078,-281.457107
-515.165403,-277.453375
-518.049542,-273.211285
-520.604558,-268.745229
-522.772761,-264.120142
-524.528696,-259.375384
-525.867108,-254.489753
-526.757409,-249.491587
-527.171513,-244.538665
-527.145751,-239.840823
-526.768443,-235.474908
-526.086630,-231.277881
-525.083273,-227.104799
-523.723738,-222.930893
-522.002702,-218.837540
-520.056938,-215.092234
-518.094651,-211.883604
-516.022488,-208.913357
-513.519376,-205.759204
-510.390984,-202.368770
-506.595600,-198.922673
-502.267256,-195.686284
-497.663293,-192.855847
-492.998677,-190.470768
-488.319337,-188.451178
-483.589858,-186.708520
-478.807560,-185.189983
-473.982022,-183.854639
-469.123707,-182.664868
-464.243094,-181.584616
-459.347119,-180.578013
-454.442133,-179.609703
-449.532104,-178.659479
-444.617348,-177.725969
-439.698117,-176.807897
-434.774673,-175.904089
-429.847281,-175.013461
-424.916197,-174.135013
-419.981668,-173.267820
-415.043929,-172.411029
-410.103205,-171.563850
-405.159724,-170.725556
-400.213671,-169.895469
-395.265132,-169.072949
-390.314620,-168.257473
-385.363427,-167.448691
-380.412531,-166.646235
-375.462021,-165.849631
-370.511860,-165.058422
-365.562095,-164.272202
-360.612766,-163.490594
-355.663895,-162.713247
-350.715506,-161.939841
-345.767621,-161.170077
-340.820256,-160.403682
-335.873424,-159.640401
-330.927138,-158.880001
-325.981407,-158.122266
-321.036229,-157.366993
-316.091594,-156.613997
-311.147526,-155.863109
-306.204028,-155.114173
-301.260695,-154.366982
-296.316883,-153.621305
-291.372359,-152.876984
-286.427193,-152.133916
-281.481431,-151.392003
-276.535096,-150.651153
-271.588219,-149.911279
-266.640831,-149.172305
-261.692964,-148.434159
-256.744648,-147.696775
-251.795916,-146.960091
-246.846796,-146.224054
-241.897318,-145.488610
-236.947511,-144.753714
-231.997407,-144.019321
-227.047025,-143.285393
-222.096381,-142.551890
-217.145586,-141.818791
-212.194842,-141.086092
-207.244253,-140.353775
-202.293805,-139.621810
-197.343485,-138.890167
-192.393289,-138.158821
-187.443210,-137.427746
-182.493243,-136.696921
-177.543382,-135.966325
-172.593619,-135.235937
-167.643947,-134.505741
-162.694361,-133.775719
-157.744853,-133.045855
-152.795417,-132.316136
-147.846046,-131.586547
-142.896732,-130.857075
-137.947468,-130.127709
-132.998246,-129.398436
-128.049059,-128.669247
-123.099899,-127.940132
-118.150756,-127.211079
-113.201623,-126.482081
-108.252491,-125.753128
-103.303349,-125.024212
-98.354188,-124.295325
-93.404997,-123.566458
-88.455766,-122.837603
-83.506483,-122.108753
-78.557136,-121.379899
-73.607713,-120.651035
-68.658200,-119.922152
-63.708583,-119.193242
-58.758849,-118.464297
-53.808982,-117.735310
-48.858964,-117.006270
-43.908774,-116.277170
-38.958407,-115.548002
-34.007869,-114.818759
-29.057171,-114.089437
-24.106322,-113.360030
-19.155332,-112.630530
-14.204214,-111.900932
-9.252977,-111.171229
-4.301636,-110.441413
0.649798,-109.711476
5.601310,-108.981409
10.552886,-108.251203
15.504511,-107.520848
20.456170,-106.790331
25.407848,-106.059643
30.359526,-105.328768
35.311190,-104.597693
40.262821,-103.866403
45.214402,-103.134880
50.165913,-102.403105
55.117338,-101.671058
60.068656,-100.938717
65.019847,-100.206058
69.970892,-99.473054
74.921770,-98.739677
79.872461,-98.005895
84.822942,-97.271674
89.773193,-96.536977
94.723191,-95.801762
99.672914,-95.065987
104.622339,-94.329603
109.571439,-93.592558
114.520194,-92.854794
119.468602,-92.116247
124.416537,-91.376864
129.363649,-90.636622
134.309643,-89.895481
139.254437,-89.153365
144.197982,-88.410184
149.140204,-87.665846
154.081039,-86.920245
159.020433,-86.173269
163.958333,-85.424794
168.894698,-84.674682
173.829494,-83.922784
178.762700,-83.168937
183.694292,-82.412963
188.624258,-81.654668
193.552680,-80.893829
198.479561,-80.130216
203.404489,-79.363645
208.328667,-78.593662
213.257576,-77.819109
218.196155,-77.038866
223.144729,-76.252496
228.102677,-75.459681
233.069867,-74.659984
238.046119,-73.852937
243.031867,-73.037924
248.028561,-72.214108
253.032325,-71.381476
258.030106,-70.541546
263.011865,-69.695373
267.976253,-68.842554
272.922552,-67.982539
277.849198,-67.114892
282.754843,-66.239109
287.636380,-65.354977
292.495267,-64.461422
297.356054,-63.552916
302.249219,-62.622311
307.171389,-61.631989
312.107042,-60.538197
317.077113,-59.284073
322.124625,-57.792774
327.238602,-55.980273
332.350367,-53.763661
337.339132,-51.077582
342.038476,-47.904733
346.317508,-44.252363
350.086609,-40.128897
353.258950,-35.556782
355.765919,-30.515201
357.476416,-25.053248
358.256920,-19.467507
358.154167,-14.078000
357.307117,-8.961239
355.762259,-4.002831
353.574650,0.685019
350.879207,4.954941
347.729274,8.848825
344.232593,12.323063
340.712797,15.220729
337.256241,17.652141
333.604238,19.871353
329.570778,21.962400
325.040911,23.905833
320.057470,25.598021
314.868960,26.925293
309.719552,27.871521
304.660764,28.499902
299.628642,28.874475
294.603886,29.036108
289.587467,29.018565
284.579809,28.853363
279.582534,28.570669
274.593742,28.199500
269.610427,27.767985
264.630077,27.303812
259.650256,26.834403
254.670914,26.360160
249.692007,25.881454
244.713507,25.398630
239.735385,24.912004
234.757613,24.421871
229.780165,23.928501
224.803016,23.432144
219.826145,22.933031
214.849531,22.431376
209.873155,21.927375
204.896998,21.421212
199.921044,20.913054
194.945279,20.403056
189.969686,19.891362
184.994254,19.378105
180.018969,18.863407
175.043820,18.347380
170.068795,17.830130
165.093886,17.311753
160.119081,16.792337
155.144372,16.271964
150.169751,15.750711
145.195210,15.228648
140.220741,14.705839
135.246338,14.182343
130.271993,13.658216
125.297701,13.133508
120.323458,12.608267
115.349247,12.082535
110.375041,11.556348
105.400825,11.029743
100.426596,10.502754
95.452353,9.975412
90.478094,9.447746
85.503816,8.919784
80.529518,8.391549
75.555199,7.863064
70.580857,7.334350
65.606490,6.805428
60.632100,6.276314
55.657683,5.747024
50.683239,5.217574
45.708769,4.687979
40.734272,4.158249
35.759746,3.628398
30.785193,3.098437
25.810611,2.568374
20.836002,2.038219
15.861364,1.507981
10.886699,0.977667
5.912006,0.447285
