# Curvature-length line (length weight 0.0005 /m², exact linearisation) in the TUM corridor (Shanghai) widened by 1 m per side, 0.75 m margin (models/raceline.py)
# x_m,y_m
-0.676488,3.459619
-5.533593,2.257258
-10.390974,1.054853
-15.248584,-0.147578
-20.106372,-1.350019
-24.964292,-2.552451
-29.822296,-3.754859
-34.680354,-4.957230
-39.538400,-6.159544
-44.396262,-7.361751
-49.253807,-8.563815
-54.111043,-9.765733
-58.968009,-10.967508
-63.824732,-12.169142
-68.681236,-13.370634
-73.537544,-14.571986
-78.393683,-15.773195
-83.249673,-16.974261
-88.105538,-18.175182
-92.961299,-19.375954
-97.816977,-20.576574
-102.672594,-21.777038
-107.528169,-22.977340
-112.383722,-24.177474
-117.239274,-25.377432
-122.094845,-26.577206
-126.950455,-27.776787
-131.806123,-28.976163
-136.661872,-30.175323
-141.517720,-31.374254
-146.373691,-32.572939
-151.229806,-33.771363
-156.086088,-34.969506
-160.942560,-36.167349
-165.799247,-37.364869
-170.656173,-38.562042
-175.513367,-39.758840
-180.370854,-40.955233
-185.228666,-42.151189
-190.086831,-43.346672
-194.945379,-44.541642
-199.804359,-45.736060
-204.663781,-46.929874
-209.523505,-48.122989
-214.383348,-49.315295
-219.243245,-50.506705
-224.103177,-51.697138
-228.963107,-52.886502
-233.822996,-54.074698
-238.682812,-55.261620
-243.542522,-56.447154
-248.402097,-57.631180
-253.261511,-58.813567
-258.120744,-59.994176
-262.979778,-61.172858
-267.838599,-62.349451
-272.697216,-63.523788
-277.555657,-64.695691
-282.413815,-65.864936
-287.271791,-67.031330
-292.131143,-68.195013
-296.993987,-69.356232
-301.861113,-70.514890
-306.732633,-71.670703
-311.608775,-72.823385
-316.489774,-73.972625
-321.376103,-75.118133
-326.268446,-76.259630
-331.164973,-77.396219
-336.060523,-78.526205
-340.951677,-79.648288
-345.838119,-80.761856
-350.719623,-81.866278
-355.595710,-82.960826
-360.466000,-84.044752
-365.329841,-85.117205
-370.188005,-86.177597
-375.046056,-87.226298
-379.909799,-88.263598
-384.780583,-89.288704
-389.658623,-90.299671
-394.544508,-91.294524
-399.438784,-92.271147
-404.341897,-93.227262
-409.254312,-94.160437
-414.175989,-95.067975
-419.106039,-95.946853
-424.043986,-96.793953
-428.990301,-97.606118
-433.945583,-98.379962
-438.910264,-99.111804
-443.884806,-99.797672
-448.870176,-100.433328
-453.866439,-101.014051
-458.870660,-101.534466
-463.882678,-101.989208
-468.908061,-102.372850
-473.956935,-102.679240
-479.041706,-102.900786
-484.145351,-103.027693
-489.208671,-103.051553
-494.162304,-102.970004
-498.961711,-102.786761
-503.656742,-102.503060
-508.342418,-102.109963
-513.057282,-101.594092
-517.805618,-100.941106
-522.559838,-100.140228
-527.270214,-99.188117
-531.908877,-98.082407
-536.469097,-96.817970
-540.953422,-95.386308
-545.368664,-93.774758
-549.710288,-91.971566
-553.963551,-89.967796
-558.111737,-87.755343
-562.144116,-85.339853
-566.049711,-82.727233
-569.818598,-79.922694
-573.439046,-76.932816
-576.889696,-73.774388
-580.149485,-70.469684
-583.215187,-67.039879
-586.092104,-63.496409
-588.801276,-59.824285
-591.368700,-55.984620
-593.794529,-51.958560
-596.059251,-47.753164
-598.141761,-43.381171
-600.022765,-38.855669
-601.684983,-34.187915
-603.111371,-29.389938
-604.284445,-24.477189
-605.187045,-19.468131
-605.802942,-14.383694
-606.117258,-9.247315
-606.116802,-4.082659
-605.788872,1.093277
-605.118803,6.266407
-604.090405,11.415741
-602.687259,16.514374
-600.893331,21.530933
-598.694235,26.428205
-596.079642,31.161504
-593.045591,35.679473
-589.590924,39.931592
-585.712142,43.870036
-581.405295,47.441819
-576.672717,50.581931
-571.559130,53.201254
-566.181582,55.207391
-560.658640,56.557652
-555.061654,57.249038
-549.451077,57.285428
-543.905301,56.629360
-538.529899,55.265137
-533.438395,53.208929
-528.724850,50.500466
-524.443468,47.170439
-520.664988,43.261324
-517.511225,38.922419
-515.060801,34.412610
-513.270598,29.965398
-512.017687,25.683468
-511.188917,21.633789
-510.688000,17.897156
-510.419331,14.300841
-510.335837,10.244123
-510.514587,5.447686
-510.985429,0.224895
-511.634181,-5.069407
-512.293755,-10.236712
-512.827876,-15.202565
-513.148359,-19.921887
-513.213254,-24.389564
-513.005105,-28.648380
-512.519036,-32.688205
-511.781816,-36.433020
-510.814113,-39.993702
-509.409270,-43.890179
-507.167631,-48.394077
-503.802055,-53.010190
-499.592066,-56.855087
-495.131359,-59.596377
-490.159790,-61.553566
-484.365664,-62.619189
-478.169207,-62.443290
-472.008390,-60.994673
-466.251988,-58.333424
-461.247484,-54.771095
-457.080921,-50.681876
-453.645274,-46.307582
-450.779751,-41.729740
-448.389456,-36.931345
-446.447024,-31.944850
-444.940454,-26.837373
-443.844710,-21.655886
-443.131119,-16.434431
-442.771097,-11.208888
-442.734184,-6.013868
-442.988129,-0.878947
-443.500031,4.171619
-444.237486,9.119080
-445.169544,13.949698
-446.269636,18.662289
-447.521033,23.278255
-448.914465,27.822850
-450.448425,32.326400
-452.117037,36.793831
-453.838390,41.052582
-455.517280,44.950657
-457.289562,48.848261
-459.345676,53.128269
-461.627058,57.610603
-464.020794,62.062061
-466.502585,66.454338
-469.069880,70.799963
-471.713531,75.098147
-474.424993,79.348691
-477.197030,83.552889
-480.022885,87.712068
-482.896598,91.828048
-485.813896,95.904301
-488.771762,99.945195
-491.767170,103.954288
-494.797118,107.934529
-497.858874,111.888674
-500.949882,115.819227
-504.067726,119.728456
-507.210112,123.618412
-510.374698,127.490776
-513.559163,131.346977
-516.761449,135.188525
-519.979715,139.016961
-523.212202,142.833727
-526.457231,146.640178
-529.713206,150.437610
-532.978596,154.227264
-536.251932,158.010334
-539.531793,161.787974
-542.816801,165.561304
-546.105615,169.331425
-549.396918,173.099417
-552.689412,176.866355
-555.981814,180.633308
-559.272844,184.401355
-562.561222,188.171588
-565.845633,191.945091
-569.124724,195.722952
-572.397144,199.506325
-575.661526,203.296429
-578.916459,207.094531
-582.160473,210.901948
-585.392035,214.720062
-588.609534,218.550329
-591.811275,222.394284
-594.995464,226.253558
-598.160194,230.129881
-601.303430,234.025099
-604.423018,237.941211
-607.516628,241.880343
-610.581610,245.844590
-613.615435,249.836646
-616.616001,253.860311
-619.575724,257.912429
-622.474804,261.972283
-625.294288,266.017968
-628.023606,270.037244
-630.658333,274.025457
-633.207838,277.999084
-635.686039,281.984543
-638.096445,285.994858
-640.454550,290.046020
-642.795571,294.193888
-645.141307,298.478261
-647.482796,302.885088
-649.801342,307.378144
-652.077284,311.913654
-654.299148,316.459366
-656.469675,321.010445
-658.595562,325.571417
-660.681964,330.144962
-662.732440,334.731322
-664.749601,339.329350
-666.735888,343.938113
-668.693567,348.556839
-670.624677,353.184738
-672.531084,357.821104
-674.414505,362.465307
-676.276500,367.116770
-678.118495,371.774965
-679.941783,376.439414
-681.747544,381.109686
-683.536840,385.785389
-685.310634,390.466172
-687.069784,395.151713
-688.815065,399.841737
-690.547169,404.536026
-692.266638,409.234198
-693.973808,413.935549
-695.669005,418.639562
-697.352591,423.346044
-699.024867,428.054850
-700.686084,432.765915
-702.336432,437.479219
-703.975890,442.194338
-705.604676,446.911751
-707.224468,451.636447
-708.837166,456.374482
-710.442456,461.125746
-712.036182,465.886663
-713.567953,470.690123
-714.962887,475.570145
-716.113862,480.432020
-716.972888,485.403098
-717.443966,491.216177
-717.028593,497.709876
-715.388614,503.967897
-712.830075,509.237947
-709.675793,513.580504
-705.492471,517.552668
-699.602311,520.879855
-692.596085,522.346400
-685.861960,521.815526
-679.876090,520.012906
-674.550575,517.464756
-669.812756,514.535667
-665.597201,511.506642
-661.738280,508.490012
-658.007999,505.361379
-654.292836,502.034094
-650.606019,498.517408
-646.979765,494.844777
-643.443922,491.056858
-640.008798,487.180353
-636.670067,483.227246
-633.426977,479.213420
-630.286506,475.165318
-627.246820,471.099057
-624.295760,467.015470
-621.416057,462.905022
-618.587314,458.749754
-615.802863,454.548966
-613.068381,450.320438
-610.388920,446.082059
-607.761575,441.839364
-605.174087,437.581553
-602.616452,433.299736
-600.084667,428.993991
-597.577504,424.668755
-595.094071,420.328917
-592.632261,415.977049
-590.189431,411.614499
-587.763108,407.242629
-585.350962,402.862818
-582.950732,398.476359
-580.560220,394.084484
-578.177290,389.688395
-575.799850,385.289261
-573.425837,380.888227
-571.053210,376.486423
-568.679932,372.084971
-566.303966,367.684996
-563.923252,363.287630
-561.535706,358.894024
-559.139200,354.505354
-556.731544,350.122811
-554.310463,345.747607
-551.873615,341.381024
-549.418574,337.024432
-546.942809,332.679279
-544.443665,328.347103
-541.918348,324.029544
-539.363913,319.728357
-536.777237,315.445431
-534.155008,311.182805
-531.493698,306.942679
-528.789538,302.727446
-526.038497,298.539702
-523.236238,294.382275
-520.378144,290.258328
-517.459173,286.171243
-514.473309,282.124015
-511.417179,278.124109
-508.300105,274.194897
-505.139315,270.366265
-501.950420,266.661548
-498.743572,263.093959
-495.507734,259.652343
-492.217848,256.314331
-488.862687,253.076021
-485.439398,249.943210
-481.917376,246.899456
-478.239168,243.907644
-474.375766,240.965967
-470.316389,238.092793
-466.088915,235.333495
-461.858451,232.801589
-457.772962,230.560739
-453.708757,228.519613
-449.492665,226.597609
-445.135606,224.807824
-440.687750,223.174606
-436.157196,221.701047
-431.546356,220.388794
-426.864502,219.242022
-422.121257,218.264768
-417.323525,217.460528
-412.479756,216.833332
-407.616235,216.388328
-402.771358,216.127702
-397.967039,216.048592
-393.212825,216.146507
-388.506136,216.417952
-383.823876,216.864137
-379.154431,217.487294
-374.505502,218.289569
-369.887309,219.272855
-365.307990,220.439600
-360.775292,221.792851
-356.297820,223.336025
-351.885544,225.072640
-347.549852,227.006104
-343.297846,229.128704
-339.136070,231.433224
-335.070799,233.912885
-331.110012,236.559986
-327.263542,239.365125
-323.539110,242.319792
-319.942485,245.416906
-316.479243,248.649817
-313.154624,252.012553
-309.960915,255.488296
-306.889707,259.062044
-303.926063,262.728412
-301.043715,266.500942
-298.223615,270.389613
-295.460275,274.387646
-292.751153,278.482340
-290.092703,282.660151
-287.480758,286.906325
-284.910000,291.206083
-282.374513,295.544189
-279.868641,299.903908
-277.384436,304.272011
-274.910539,308.641416
-272.434857,313.006608
-269.945564,317.361668
-267.430906,321.700422
-264.879063,326.016464
-262.277903,330.303364
-259.616675,334.551785
-256.890144,338.743701
-254.096309,342.857831
-251.233138,346.875573
-248.298211,350.781510
-245.284682,354.567872
-242.183173,358.230110
-238.988769,361.758155
-235.699181,365.139836
-232.305880,368.369496
-228.792153,371.446382
-225.146725,374.360744
-221.365861,377.094606
-217.452458,379.634169
-213.410738,381.964494
-209.246983,384.069407
-204.969113,385.932119
-200.590366,387.534331
-196.134310,388.856734
-191.626967,389.883952
-187.092507,390.605392
-182.552006,391.014080
-178.010769,391.118366
-173.464925,390.921594
-168.929100,390.423670
-164.427860,389.626390
-159.981356,388.533019
-155.605227,387.149647
-151.316254,385.483191
-147.132258,383.542027
-143.070599,381.335784
-139.148000,378.875330
-135.380357,376.172710
-131.782586,373.241028
-128.369160,370.095016
-125.141932,366.762134
-122.098812,363.267757
-119.236098,359.636849
-116.540477,355.881526
-113.979459,351.978015
-111.529585,347.900626
-109.173207,343.663706
-106.894521,339.295196
-104.677771,334.837088
-102.505452,330.340565
-100.346568,325.834827
-98.162944,321.335083
-95.916420,316.857838
-93.569211,312.422566
-91.082226,308.049376
-88.411088,303.754941
-85.514940,299.569853
-82.358340,295.538284
-78.819455,291.625543
-74.831682,287.915373
-71.083412,284.996110
-67.939482,282.872591
-64.666292,280.925105
-60.949647,279.038869
-56.887469,277.381645
-52.653994,276.080361
-48.340901,275.173342
-44.024914,274.665463
-40.057389,274.525181
-36.460361,274.638282
-32.371032,275.047139
-27.359770,276.037616
-22.051546,277.801940
-17.087200,280.216739
-12.615978,283.103128
-8.603307,286.349848
-5.021462,289.860365
-1.816850,293.583531
1.095649,297.552225
3.752020,301.821097
6.130015,306.392049
8.194226,311.242822
9.911373,316.340172
11.240544,321.564459
12.165542,326.681249
12.733064,331.450596
13.035366,335.825343
13.148162,340.031948
13.093660,344.254545
12.869786,348.520960
12.474140,352.866499
11.885177,357.397890
11.072952,362.160224
10.025453,367.088547
8.758446,372.069299
7.305538,377.005843
5.694328,381.867049
3.943836,386.654292
2.071907,391.368598
0.093335,396.015287
-1.980295,400.603219
-4.138042,405.139125
-6.369476,409.628378
-8.665117,414.076421
-11.016180,418.488526
-13.414332,422.869597
-15.851670,427.224359
-18.321129,431.558232
-20.816452,435.877369
-23.331040,440.186844
-25.857910,444.490806
-28.390114,448.793323
-30.927220,453.094699
-33.468805,457.395189
-36.014457,461.695017
-38.563782,465.994388
-41.116397,470.293488
-43.671933,474.592490
-46.230033,478.891556
-48.790353,483.190842
-51.352557,487.490497
-53.916310,491.790656
-56.481309,496.091489
-59.047286,500.393224
-61.613726,504.695665
-64.179732,508.997971
-66.744663,513.299739
-69.308235,517.601165
-71.870189,521.902500
-74.430220,526.203929
-76.988018,530.505648
-79.543261,534.807858
-82.095614,539.110761
-84.644725,543.414566
-87.190223,547.719486
-89.731714,552.025739
-92.269393,556.333192
-94.803432,560.641719
-97.333987,564.951209
-99.861181,569.261542
-102.385122,573.572608
-104.906040,577.884544
-107.424292,582.197746
-109.940070,586.512362
-112.453427,590.828335
-114.964404,595.145623
-117.473042,599.464215
-119.979362,603.784097
-122.483374,608.105265
-124.985072,612.427725
-127.484440,616.751489
-129.981444,621.076574
-132.476040,625.403014
-134.968165,629.730838
-137.457747,634.060094
-139.944701,638.390845
-142.428912,642.723137
-144.910231,647.056991
-147.388672,651.392755
-149.864507,655.731277
-152.337813,660.073106
-154.808390,664.418362
-157.275997,668.767140
-159.741922,673.118730
-162.207483,677.472403
-164.673994,681.827424
-167.142777,686.183061
-169.615165,690.538576
-172.092511,694.893207
-174.576201,699.246180
-177.067680,703.596741
-179.568364,707.943964
-182.079626,712.286722
-184.603558,716.624972
-187.141912,720.957882
-189.689988,725.273565
-192.333632,729.496668
-195.185668,733.549137
-198.365081,737.361443
-202.106199,740.925686
-206.805093,744.119637
-212.510521,746.317020
-217.752449,747.016220
-220.448388,747.044683
-222.275177,746.988668
-225.469679,746.723480
-229.727596,745.903461
-234.312233,744.320299
-238.923498,741.943259
-243.290681,738.973736
-247.345323,735.686487
-251.155385,732.307974
-254.808506,729.019458
-258.381288,725.952510
-261.909404,723.206646
-265.390773,720.845617
-268.889824,718.851319
-272.583866,717.106306
-276.607575,715.598782
-280.931848,714.417208
-285.494521,713.646706
-290.272455,713.355639
-295.251454,713.622513
-300.352622,714.530714
-305.438475,716.131805
-310.355632,718.423112
-314.963692,721.343685
-319.164609,724.792587
-322.914723,728.660964
-326.216815,732.861073
-329.101598,737.342189
-331.580041,742.068617
-333.643892,746.995416
-335.289695,752.075091
-336.520663,757.262944
-337.345159,762.515860
-337.776264,767.793219
-337.831090,773.057944
-337.529837,778.277149
-336.894636,783.423189
-335.948410,788.473213
-334.714432,793.407338
-333.216167,798.208184
-331.476852,802.861390
-329.518957,807.355840
-327.364062,811.682883
-325.029076,815.841817
-322.517652,819.848482
-319.825036,823.720051
-316.950031,827.458992
-313.894908,831.059116
-310.671500,834.503178
-307.301611,837.768136
-303.801170,840.841967
-300.178895,843.720475
-296.432826,846.405938
-292.553144,848.901208
-288.542320,851.202133
-284.412312,853.304800
-280.174649,855.205765
-275.840756,856.901809
-271.422607,858.389733
-266.932571,859.666558
-262.382631,860.729779
-257.783711,861.580581
-253.145205,862.220224
-248.476391,862.649622
-243.786576,862.869382
-239.085121,862.879850
-234.381661,862.681153
-229.685564,862.273204
-225.006489,861.655704
-220.359855,860.829414
-215.765483,859.801660
-211.237340,858.580263
-206.784092,857.172245
-202.413074,855.584094
-198.129286,853.821019
-193.937356,851.887321
-189.836981,849.798831
-185.802254,847.555068
-181.775614,845.128475
-177.733088,842.501154
-173.689902,839.678316
-169.677988,836.681807
-165.795944,833.597565
-162.128845,830.522245
-158.564945,827.387478
-154.958534,824.068841
-151.346423,820.595458
-147.789588,817.029421
-144.294213,813.386086
-140.858192,809.672917
-137.481960,805.900031
-134.165034,802.076589
-130.906640,798.211307
-127.705928,794.312616
-124.560125,790.386228
-121.463118,786.432921
-118.409051,782.452804
-115.394238,778.448010
-112.415492,774.420768
-109.469653,770.372824
-106.553841,766.305833
-103.665432,762.221379
-100.801987,758.120923
-97.961238,754.005821
-95.141084,749.877353
-92.339562,745.736718
-89.554838,741.585043
-86.785189,737.423393
-84.028998,733.252777
-81.284735,729.074155
-78.550951,724.888440
-75.826267,720.696507
-73.109364,716.499196
-70.398976,712.297316
-67.693878,708.091655
-64.992886,703.882977
-62.295660,699.671497
-59.601888,695.457423
-56.911281,691.240941
-54.223573,687.022230
-51.538517,682.801452
-48.855884,678.578759
-46.175464,674.354292
-43.497058,670.128182
-40.820487,665.900550
-38.145583,661.671513
-35.472184,657.441169
-32.800133,653.209597
-30.129362,648.976996
-27.459907,644.743711
-24.791742,640.509965
-22.124749,636.275826
-19.458814,632.041344
-16.793838,627.806584
-14.129726,623.571606
-11.466391,619.336462
-8.803747,615.101204
-6.141715,610.865880
-3.480217,606.630539
-0.819182,602.395222
1.841462,598.159975
4.501780,593.924840
7.161840,589.689857
9.821705,585.455066
12.481438,581.220505
15.141101,576.986215
17.800756,572.752235
20.460465,568.518602
23.120290,564.285356
25.780295,560.052537
28.440543,555.820184
31.101101,551.588340
33.762037,547.357047
36.423421,543.126349
39.085327,538.896292
41.747833,534.666923
44.411018,530.438293
47.074969,526.210454
49.739775,521.983462
52.405534,517.757374
55.072347,513.532251
57.740310,509.308181
60.409475,505.085134
63.079920,500.862783
65.751737,496.640798
68.424872,492.419091
71.099239,488.197639
73.774770,483.976403
76.451403,479.755344
79.129081,475.534427
81.807747,471.313625
84.487352,467.092910
87.167848,462.872255
89.849193,458.651638
92.531345,454.431038
95.214269,450.210435
97.897928,445.989811
100.582293,441.769150
103.267335,437.548430
105.953028,433.327639
108.639326,429.106795
111.326183,424.885923
114.013572,420.665021
116.701477,416.444072
119.389886,412.223058
122.078783,408.001967
124.768159,403.780783
127.458003,399.559491
130.148310,395.338075
132.839072,391.116520
135.530287,386.894807
138.221952,382.672919
140.914068,378.450835
143.606630,374.228545
146.299641,370.006028
148.993147,365.783199
151.687066,361.560169
154.380915,357.337686
157.074172,353.116553
159.766732,348.896926
162.458605,344.678780
165.149754,340.462161
167.840138,336.247127
170.529720,332.033726
173.218466,327.822005
175.906344,323.612009
178.593323,319.403778
181.279376,315.197349
183.964483,310.992750
186.648626,306.790001
189.331805,302.589101
192.014031,298.390025
194.695250,294.192853
197.375537,289.997467
200.055681,285.802625
202.736752,281.606651
205.419036,277.409096
208.102473,273.210047
210.787066,269.009502
213.472829,264.807433
216.159755,260.603850
218.847831,256.398771
221.537039,252.192221
224.227356,247.984235
226.918757,243.774851
229.611213,239.564109
232.304693,235.352057
234.999161,231.138751
237.694586,226.924236
240.390964,222.708516
243.088204,218.491733
245.785961,214.274424
248.483901,210.057110
251.181975,205.839864
253.880211,201.622643
256.578609,197.405446
259.277165,193.188275
261.975884,188.971125
264.674767,184.753990
267.373818,180.536867
270.073039,176.319750
272.772436,172.102629
275.472013,167.885500
278.171776,163.668352
280.871731,159.451178
283.571880,155.233973
286.272248,151.016700
288.972829,146.799370
291.673438,142.582275
294.373820,138.365810
297.073917,134.150072
299.773751,129.935027
302.473323,125.720675
305.172630,121.507026
307.871668,117.294086
310.570434,113.081864
313.268923,108.870372
315.967130,104.659623
318.665049,100.449630
321.362674,96.240404
324.059999,92.031963
326.757023,87.824313
329.453742,83.617465
332.150130,79.411468
334.846236,75.206250
337.542325,71.001406
340.238672,66.796516
342.935322,62.591516
345.632261,58.386440
348.329495,54.181283
351.027036,49.976038
353.724889,45.770705
356.423060,41.565284
359.121552,37.359775
361.820372,33.154177
364.519520,28.948491
367.219002,24.742715
369.918818,20.536853
372.618970,16.330903
375.319459,12.124867
378.020288,7.918744
380.721457,3.712539
383.422966,-0.493748
386.124819,-4.700114
388.827016,-8.906557
391.529562,-13.113074
394.232458,-17.319662
396.935707,-21.526315
399.639315,-25.733032
402.343285,-29.939806
405.047624,-34.146634
407.752337,-38.353510
410.457431,-42.560428
413.162916,-46.767384
415.868801,-50.974373
418.575095,-55.181385
421.281807,-59.388412
423.988961,-63.595462
426.696573,-67.802531
429.404534,-72.009417
432.112644,-76.215776
434.820841,-80.421472
437.529155,-84.626510
440.237610,-88.830884
442.946224,-93.034573
445.655020,-97.237559
448.364023,-101.439823
451.073259,-105.641343
453.782755,-109.842096
456.492544,-114.042059
459.202662,-118.241207
461.913142,-122.439509
464.624026,-126.636937
467.335377,-130.833488
470.047213,-135.029083
472.759526,-139.223596
475.472838,-143.417711
478.188269,-147.613035
480.906390,-151.810442
483.623922,-156.011979
486.337276,-160.219846
489.042931,-164.436475
491.737172,-168.664170
494.415818,-172.904718
497.076334,-177.162820
499.722286,-181.453714
502.369828,-185.815226
505.026373,-190.274633
507.600782,-194.691255
510.013456,-199.187014
512.554244,-205.296330
513.266553,-214.715468
506.011719,-222.599604
496.401733,-223.113933
489.358031,-220.608316
484.476835,-218.002542
480.277473,-215.432860
476.119855,-212.686039
472.077880,-209.824180
468.152492,-206.867577
464.305665,-203.803425
460.512442,-200.622221
456.734778,-197.297251
452.960805,-193.819368
449.216012,-190.214776
445.531186,-186.520677
441.934808,-182.777961
438.451904,-179.028749
435.102169,-175.312681
431.895322,-171.659588
428.804333,-168.055233
425.770048,-164.441530
422.754258,-160.778650
419.743891,-157.053966
416.732831,-153.262386
413.719498,-149.404178
410.705437,-145.483705
407.692927,-141.506564
404.689237,-137.485423
401.706549,-133.440376
398.750495,-129.383361
395.818562,-125.315177
392.907934,-121.235829
390.016798,-117.146406
387.143484,-113.047938
384.286494,-108.941466
381.444381,-104.827891
378.615179,-100.707161
375.796866,-96.578936
372.988139,-92.443766
370.187997,-88.302507
367.395424,-84.155885
364.609436,-80.004565
361.829098,-75.849201
359.053511,-71.690422
356.281800,-67.528830
353.513114,-63.365009
350.746617,-59.199529
347.981492,-55.032952
345.216922,-50.865830
342.452097,-46.698714
339.686206,-42.532156
336.918428,-38.366711
334.147932,-34.202945
331.373871,-30.041436
328.595374,-25.882775
325.811543,-21.727576
323.021450,-17.576477
320.224126,-13.430146
317.418561,-9.289283
314.603693,-5.154626
311.778402,-1.026956
308.941508,3.092898
306.091761,7.204047
303.227831,11.305547
300.348288,15.396407
297.433272,19.462631
294.451828,23.482234
291.372114,27.433169
288.161126,31.292466
284.786250,35.032963
281.208391,38.628644
277.372391,42.056691
273.245815,45.257792
268.747122,48.188074
263.804982,50.758022
260.008426,52.342084
258.048494,53.073724
254.464476,54.278929
248.901993,55.674531
243.610537,56.474172
238.426204,56.849052
233.168428,56.876438
228.058653,56.613273
223.133363,56.136840
218.249320,55.488122
213.345683,54.695430
208.420908,53.792363
203.484266,52.816827
198.550715,51.809033
193.627610,50.773528
188.712992,49.712821
183.806027,48.629452
178.906669,47.525965
174.014531,46.404683
169.129170,45.267784
164.250202,44.117336
159.377238,42.955306
154.509885,41.783564
149.647750,40.603901
144.790445,39.418042
139.937550,38.227649
135.088653,37.034340
130.243477,35.839732
125.401355,34.645323
120.560564,33.450741
115.719363,32.255603
110.877438,31.059874
106.034890,29.863621
101.191682,28.666869
96.347773,27.469643
91.503146,26.271971
86.657791,25.073876
81.811700,23.875385
76.964867,22.676519
72.117294,21.477302
67.268988,20.277756
62.419957,19.077900
57.570214,17.877757
52.719774,16.677344
47.868661,15.476683
43.016895,14.275792
38.164461,13.074680
33.311336,11.873352
28.457547,10.671824
23.603142,9.470119
18.748167,8.268257
13.892667,7.066256
9.036692,5.864137
4.180290,4.661918
