# Curvature-length line (length weight 0.0005 /m², exact linearisation) in the TUM corridor (Silverstone) widened by 1 m per side, 0.75 m margin (models/raceline.py)
# x_m,y_m
-2.046018,3.474188
0.875351,7.533472
3.803696,11.587732
6.734465,15.640261
9.665404,19.692693
12.596452,23.745069
15.527576,27.797414
18.458754,31.849745
21.389966,35.902074
24.321199,39.954412
27.252439,44.006769
30.183677,48.059153
33.114904,52.111568
36.046111,56.164021
38.977291,60.216511
41.908433,64.269039
44.839533,68.321605
47.770587,72.374215
50.701591,76.426871
53.632542,80.479575
56.563436,84.532330
59.494271,88.585137
62.425045,92.637998
65.355754,96.690914
68.286396,100.743889
71.216971,104.796924
74.147473,108.850020
77.077902,112.903178
80.008255,116.956401
82.938530,121.009690
85.868725,125.063047
88.798836,129.116474
91.728861,133.169973
94.658797,137.223545
97.588641,141.277194
100.518390,145.330921
103.448041,149.384730
106.377588,153.438621
109.307029,157.492600
112.236360,161.546670
115.165574,165.600832
118.094668,169.655091
121.023636,173.709451
123.952472,177.763917
126.881169,181.818492
129.809721,185.873182
132.738121,189.927993
135.666360,193.982929
138.594429,198.037996
141.522329,202.093215
144.450013,206.148540
147.377339,210.203797
150.304196,214.258857
153.230570,218.313724
156.156457,222.368417
159.081842,226.422942
162.006712,230.477304
164.931061,234.531513
167.855973,238.584786
170.787403,242.632841
173.731360,246.671382
176.693941,250.696076
179.681383,254.702528
182.700105,258.686248
185.756759,262.642609
188.858344,266.566879
192.012239,270.454114
195.226025,274.298794
198.508308,278.095612
201.870404,281.840950
205.323416,285.529014
208.876137,289.149694
212.538509,292.692328
216.317430,296.141633
220.222824,299.483507
224.309593,302.734844
228.582437,305.862181
232.732237,308.640039
236.470704,310.943034
239.949250,312.933455
243.435394,314.787682
247.260240,316.654148
251.578683,318.555932
256.164583,320.348902
260.784774,321.942967
265.388875,323.344914
269.984060,324.579803
274.594945,325.671203
279.273242,326.641400
284.042170,327.500094
288.890308,328.249284
293.802681,328.891935
298.764390,329.432583
303.759462,329.876994
308.773310,330.232168
313.793655,330.505980
318.810279,330.706764
323.819231,330.843061
328.823271,330.923121
333.825544,330.954581
338.827668,330.944596
343.830428,330.899993
348.834191,330.827370
353.839446,330.733150
358.847395,330.623611
363.859787,330.504937
368.877134,330.383316
373.898274,330.265006
378.922036,330.156319
383.946876,330.063645
388.970197,329.993464
393.988613,329.952323
398.998249,329.946791
403.995330,329.983430
408.974873,330.068743
413.925147,330.208845
418.831444,330.409082
423.683813,330.674133
428.473636,331.007973
433.208869,331.415446
437.939745,331.907138
442.709868,332.497865
447.524981,333.202009
452.375289,334.033613
457.211807,334.998872
461.966449,336.093752
466.606831,337.314870
471.121119,338.660440
475.508979,340.130885
479.822947,341.748619
484.126431,343.527783
488.430171,345.469196
492.724547,347.565073
496.996528,349.803977
501.230452,352.170575
505.419898,354.652673
509.566037,357.242080
513.669978,359.930785
517.732489,362.710730
521.754739,365.574275
525.738415,368.514348
529.685649,371.524460
533.597231,374.597308
537.472070,377.724157
541.310973,380.897839
545.117261,384.113542
548.894332,387.366923
552.645288,390.653744
556.373209,393.970069
560.081151,397.312219
563.772109,400.676715
567.449036,404.060246
571.114851,407.459651
574.772442,410.871879
578.424676,414.293966
582.074415,417.723013
585.724523,421.156154
589.377826,424.590487
593.037176,428.023092
596.705768,431.451293
600.386117,434.871663
604.077373,438.277549
607.778068,441.661728
611.489720,445.019706
615.215074,448.348001
618.956662,451.642791
622.717814,454.900764
626.512761,458.107533
630.377674,461.217067
634.355720,464.188034
638.532099,466.999993
643.000364,469.608880
647.795417,471.904555
652.893662,473.740157
658.227390,474.970051
663.645669,475.476737
668.805406,475.250140
673.209405,474.520140
676.651348,473.634158
679.671458,472.646152
682.903778,471.351495
686.329649,469.669065
689.669221,467.677392
692.940439,465.342262
696.377151,462.378149
699.846621,458.653533
702.934770,454.459488
705.514768,450.055133
707.656964,445.500354
709.430115,440.818292
710.888609,436.030706
712.081735,431.154380
713.056204,426.205783
713.858730,421.201340
714.537239,416.157472
715.141105,411.090885
715.720747,406.018690
716.327022,400.956607
717.011157,395.914127
717.824815,390.897305
718.818574,385.921780
720.040824,381.012219
721.561964,376.132497
723.516312,371.173822
726.071424,366.146144
729.343508,361.267408
733.403882,356.846076
738.449572,353.079227
744.740795,350.382771
751.801172,349.531635
758.537695,350.630947
764.337698,353.023178
769.256552,356.143304
773.463268,359.664025
777.221099,363.588685
780.718556,368.072383
783.839333,372.948593
786.497755,377.910170
788.769663,382.830432
790.756002,387.677409
792.538703,392.439096
794.193846,397.182845
795.758061,401.978834
797.235038,406.833702
798.622449,411.736612
799.918250,416.676277
801.120406,421.639731
802.228789,426.620937
803.243934,431.618507
804.165697,436.630717
804.993336,441.655601
805.725598,446.691377
806.360694,451.736345
806.896282,456.788741
807.329435,461.846349
807.656698,466.906657
807.874124,471.967581
807.977187,477.027260
807.960730,482.083610
807.818937,487.134346
807.545293,492.176936
807.132550,497.208428
806.572572,502.226243
805.856937,507.223368
804.981233,512.171446
803.948730,517.024902
802.766571,521.749985
801.439634,526.337720
800.001752,530.705038
798.570398,534.604582
797.182377,538.072373
795.554764,541.819819
793.484691,546.160564
791.108437,550.663323
788.546358,555.081996
785.817210,559.411573
782.936683,563.652861
779.925646,567.799724
776.802459,571.850911
773.584556,575.806637
770.288422,579.668137
766.927976,583.439066
763.509920,587.129741
760.036416,590.753156
756.511882,594.318053
752.942102,597.830669
749.332052,601.297241
745.686319,604.723696
742.009395,608.115491
738.305561,611.477825
734.578986,614.815636
730.834078,618.133366
727.075311,621.435187
723.306743,624.725468
719.532167,628.008685
715.755363,631.289244
711.976530,634.567360
708.195834,637.843221
704.413423,641.116998
700.629434,644.388851
696.843992,647.658924
693.057215,650.927351
689.269210,654.194256
685.480076,657.459754
681.689905,660.723951
677.898781,663.986944
674.106782,667.248823
670.313980,670.509673
666.520441,673.769569
662.726227,677.028583
658.931395,680.286781
655.135995,683.544223
651.340076,686.800965
647.543684,690.057060
643.746858,693.312554
639.949637,696.567491
636.152055,699.821913
632.354143,703.075857
628.555932,706.329358
624.757448,709.582447
620.958717,712.835154
617.159763,716.087505
613.360603,719.339527
609.561259,722.591241
605.761749,725.842669
601.962087,729.093832
598.162293,732.344743
594.362373,735.595423
590.562291,738.845932
586.762007,742.096323
582.961526,745.346615
579.160860,748.596817
575.360018,751.846938
571.559006,755.096987
567.757833,758.346973
563.956505,761.596899
560.155027,764.846774
556.353404,768.096601
552.551641,771.346386
548.749741,774.596131
544.947707,777.845839
541.145541,781.095512
537.343245,784.345151
533.540822,787.594756
529.738270,790.844327
525.935589,794.093865
522.132781,797.343365
518.329842,800.592827
514.526771,803.842248
510.723566,807.091623
506.920223,810.340949
503.116739,813.590219
499.313109,816.839429
495.509326,820.088571
491.705386,823.337638
487.901281,826.586621
484.097005,829.835510
480.292546,833.084295
476.487898,836.332964
472.683047,839.581505
468.877982,842.829903
465.072690,846.078143
461.267157,849.326209
457.461368,852.574081
453.655304,855.821741
449.848934,859.069177
446.042233,862.316370
442.235177,865.563295
438.427742,868.809924
434.619902,872.056225
430.811627,875.302164
427.002886,878.547707
423.193644,881.792814
419.383865,885.037442
415.573508,888.281544
411.762531,891.525070
407.950885,894.767966
404.138519,898.010175
400.325376,901.251632
396.511403,904.492262
392.696543,907.731985
388.880673,910.970763
385.063756,914.208475
381.246330,917.444501
377.429112,920.678055
373.612248,923.908825
369.795580,927.136739
365.979000,930.361666
362.157015,933.577144
358.323676,936.776379
354.473204,939.952311
350.599465,943.097959
346.693216,946.208468
342.743005,949.279958
338.740381,952.305184
334.679266,955.274179
330.553826,958.175947
326.357776,960.998874
322.083424,963.731128
317.727810,966.356733
313.290881,968.857470
308.743884,971.228795
304.080245,973.449791
299.396691,975.457441
294.721490,977.234483
289.989370,978.797065
285.183808,980.132762
280.323659,981.216760
275.430183,982.026888
270.511488,982.544981
265.577731,982.751664
260.656841,982.627527
255.784721,982.158059
250.996520,981.334768
246.328271,980.155351
241.823534,978.627190
237.539750,976.775852
233.532388,974.646224
229.839688,972.295006
226.455822,969.761652
223.309612,967.019094
220.353627,964.017914
217.585806,960.762821
215.016686,957.271771
212.627847,953.517159
210.388189,949.412964
208.328518,944.951330
206.507010,940.226063
204.950290,935.354966
203.645037,930.428222
202.551351,925.479459
201.624952,920.517631
200.824517,915.552052
200.110250,910.589368
199.443633,905.634211
198.787325,900.691169
198.104697,895.763792
197.359863,890.857110
196.519976,885.990576
195.557776,881.198542
194.450548,876.510390
193.180678,871.950664
191.737987,867.546118
190.118579,863.319648
188.319883,859.281698
186.336612,855.431567
184.160591,851.740858
181.727079,848.125220
178.938046,844.519700
175.792054,841.021546
172.388904,837.792558
168.778167,834.883770
164.908189,832.266258
160.739241,829.955370
156.296229,828.016043
151.616295,826.509653
146.721092,825.488037
141.632393,825.008887
136.418505,825.135466
131.204039,825.906875
126.115244,827.319843
121.232242,829.350125
116.609870,831.971275
112.313771,835.141317
108.409400,838.795733
104.944563,842.855071
101.944277,847.234611
99.409350,851.859255
97.325609,856.666621
95.671872,861.602614
94.422334,866.620961
93.548097,871.684730
93.019149,876.768777
92.807100,881.861864
92.888161,886.966055
93.244494,892.088134
93.860744,897.220874
94.718517,902.341048
95.794109,907.418603
97.059892,912.426243
98.491479,917.357439
100.067820,922.213557
101.766191,926.987472
103.565409,931.675207
105.453882,936.293088
107.427287,940.866935
109.477857,945.408323
111.595277,949.920884
113.770209,954.409311
115.999779,958.875693
118.281232,963.321474
120.612046,967.747804
122.989954,972.155637
125.412939,976.545769
127.879207,980.918808
130.387088,985.275045
132.935057,989.614521
135.521757,993.937084
138.146018,998.242448
140.806869,1002.530200
143.503406,1006.799616
146.234959,1011.049926
149.001151,1015.280393
151.799781,1019.487175
154.626052,1023.662500
157.474906,1027.798416
160.341781,1031.887900
163.222780,1035.925051
166.115503,1039.906142
169.018925,1043.829276
171.932876,1047.693547
174.867302,1051.510767
177.849892,1055.313482
180.900523,1059.120838
184.023456,1062.930290
187.219874,1066.734697
190.481757,1070.515941
193.788742,1074.243312
197.131465,1077.900906
200.510400,1081.484420
203.933508,1084.996878
207.428126,1088.458440
211.019121,1091.881955
214.715425,1095.261306
218.529521,1098.591160
222.459175,1101.851502
226.439791,1104.976154
230.381995,1107.896019
234.204196,1110.566166
237.877430,1112.989360
241.590613,1115.299593
245.599468,1117.649639
249.883841,1120.005570
254.261565,1122.260953
258.657816,1124.388193
263.082289,1126.404962
267.540569,1128.324015
272.026124,1130.151368
276.535839,1131.893853
281.079707,1133.562184
285.673945,1135.167478
290.321854,1136.714919
295.018816,1138.206718
299.760002,1139.645075
304.540143,1141.032110
309.353207,1142.369782
314.193152,1143.660102
319.053951,1144.905108
323.928774,1146.106643
328.812076,1147.266841
333.702024,1148.388583
338.598142,1149.474818
343.499899,1150.528232
348.406796,1151.551291
353.318391,1152.546267
358.234276,1153.515249
363.154079,1154.460163
368.077466,1155.382777
373.004130,1156.284722
377.933793,1157.167494
382.866200,1158.032472
387.801119,1158.880919
392.738343,1159.713997
397.677679,1160.532772
402.618953,1161.338216
407.562008,1162.131223
412.506700,1162.912605
417.452900,1163.683104
422.400489,1164.443391
427.349361,1165.194076
432.299421,1165.935708
437.250581,1166.668777
442.202764,1167.393723
447.155902,1168.110933
452.109932,1168.820746
457.064801,1169.523456
462.020460,1170.219311
466.976870,1170.908516
471.933997,1171.591235
476.891812,1172.267592
481.850290,1172.937671
486.809416,1173.601516
491.769183,1174.259133
496.729580,1174.910488
501.690585,1175.555506
506.652306,1176.194089
511.615068,1176.826122
516.579088,1177.451436
521.544400,1178.069793
526.511021,1178.680907
531.478992,1179.284450
536.448350,1179.880045
541.419135,1180.467261
546.391394,1181.045618
551.365171,1181.614575
556.340516,1182.173533
561.317481,1182.721829
566.296120,1183.258731
571.276490,1183.783433
576.258653,1184.295054
581.242661,1184.792626
586.228568,1185.275092
591.216502,1185.741305
596.206428,1186.189999
601.197709,1186.619748
606.189661,1187.029019
611.182280,1187.416213
616.175831,1187.779621
621.170547,1188.117375
626.166698,1188.427449
631.164620,1188.707640
636.164711,1188.955549
641.167446,1189.168565
646.173385,1189.343838
651.183188,1189.478251
656.197641,1189.568388
661.217656,1189.610493
666.244263,1189.600423
671.278754,1189.533589
676.322568,1189.404884
681.377324,1189.208599
686.445898,1188.938244
691.520756,1188.587306
696.559399,1188.152770
701.504342,1187.636725
706.304881,1187.045587
710.932908,1186.387241
715.455533,1185.655487
720.004372,1184.824614
724.630143,1183.877260
729.328159,1182.802754
734.067628,1181.596326
738.782686,1180.266141
743.433332,1178.819327
748.014094,1177.255013
752.522754,1175.570862
756.957287,1173.763731
761.318648,1171.828168
765.602119,1169.760018
769.798294,1167.556982
773.899038,1165.216065
777.898976,1162.732120
781.789548,1160.101030
785.562583,1157.317552
789.217341,1154.368448
792.702372,1151.284220
795.881384,1148.202573
798.768504,1145.180283
801.648178,1141.943189
804.682272,1138.258151
807.697979,1134.272252
810.562030,1130.152438
813.269878,1125.927363
815.832555,1121.603617
818.254966,1117.196371
820.543370,1112.718632
822.704964,1108.181149
824.747108,1103.593413
826.677301,1098.963414
828.503400,1094.296691
830.233382,1089.596374
831.874450,1084.865416
833.433051,1080.106970
834.915152,1075.323869
836.326283,1070.518692
837.671551,1065.693844
838.955695,1060.851552
840.183115,1055.993872
841.357900,1051.122702
842.483850,1046.239791
843.564496,1041.346748
844.603125,1036.445050
845.602787,1031.536047
846.566321,1026.620973
847.496360,1021.700944
848.395351,1016.776973
849.265563,1011.849978
850.109111,1006.920718
850.927977,1001.989723
851.723995,997.057448
852.498849,992.124343
853.254097,987.190797
853.991180,982.257128
854.711429,977.323597
855.416074,972.390414
856.106249,967.457737
856.783000,962.525701
857.447285,957.594440
858.099987,952.664047
858.741925,947.734552
859.373852,942.805938
859.996461,937.878166
860.610390,932.951158
861.216226,928.024814
861.814493,923.099100
862.405703,918.173695
862.990422,913.247428
863.569175,908.319072
864.142341,903.388254
864.710231,898.454895
865.273129,893.518853
865.831284,888.580004
866.385572,883.638343
866.936848,878.693877
867.485944,873.746630
868.033682,868.796649
868.580871,863.843998
869.128320,858.888763
869.676836,853.931045
870.227235,848.970965
870.780344,844.008668
871.337004,839.044323
871.898084,834.078078
872.464477,829.110119
873.037067,824.141031
873.616745,819.171646
874.204501,814.202304
874.801412,809.233056
875.408613,804.263986
876.027299,799.295204
876.658742,794.326821
877.304299,789.358952
877.965415,784.391725
878.643638,779.425278
879.340631,774.459758
880.058176,769.495325
880.798196,764.532157
881.562760,759.570447
882.354106,754.610404
883.174655,749.652246
884.027022,744.696254
884.914075,739.742569
885.838794,734.792073
886.803556,729.849862
887.810062,724.924569
888.860008,720.024300
889.955061,715.156674
891.096689,710.329407
892.286344,705.549355
893.525537,700.822296
894.815627,696.153749
896.159644,691.542976
897.565938,686.973519
899.045068,682.427452
900.592559,677.897335
902.203178,673.379973
903.872515,668.871112
905.596396,664.366928
907.363351,659.860765
909.162345,655.344690
910.981759,650.811583
912.807784,646.258637
914.627311,641.679947
916.430170,637.060245
918.205996,632.381087
919.947670,627.608451
921.642458,622.711249
923.248826,617.734225
924.711873,612.785381
925.992141,607.974970
927.083456,603.344212
928.005824,598.834892
928.770230,594.400054
929.377095,590.029662
929.826511,585.702448
930.116460,581.347002
930.256278,576.879725
930.243144,572.277001
930.073516,567.550682
929.746782,562.712552
929.265766,557.778041
928.639680,552.781446
927.884498,547.763603
927.020978,542.762379
926.071134,537.804188
925.051620,532.884976
923.974240,527.985003
922.850068,523.088255
921.690990,518.185235
920.512167,513.280307
919.330590,508.384656
918.162072,503.505132
917.021804,498.647872
915.923137,493.813801
914.876198,488.991246
913.891740,484.170384
912.982146,479.347762
912.160506,474.522730
911.440868,469.701030
910.837012,464.891211
910.361448,460.098374
910.026058,455.327238
909.842217,450.584090
909.820594,445.875645
909.971153,441.208769
910.303107,436.591714
910.825657,432.028130
911.551886,427.505581
912.500220,423.011453
913.674165,418.551869
915.051424,414.131996
916.610876,409.751568
918.332941,405.406143
920.199670,401.087814
922.193803,396.787363
924.301056,392.489151
926.517545,388.157485
928.837934,383.759409
931.234817,379.297491
933.667842,374.789035
936.092709,370.252501
938.463509,365.708720
940.736163,361.180645
942.871654,356.693015
944.839852,352.268751
946.630270,347.901995
948.249026,343.547153
949.692002,339.172321
950.943471,334.770681
951.985524,330.340886
952.799226,325.884717
953.364668,321.409123
953.661928,316.926455
953.672247,312.454271
953.387124,308.003277
952.793891,303.571392
951.904080,299.161964
950.730181,294.789895
949.286121,290.469609
947.586295,286.212099
945.645193,282.025661
943.477290,277.916531
941.097190,273.889499
938.513750,269.939864
935.725535,266.051660
932.735655,262.219813
929.560472,258.454725
926.221496,254.767387
922.743329,251.166796
919.150190,247.657288
915.460119,244.234913
911.687763,240.892121
907.847107,237.620842
903.949999,234.411423
900.005603,231.252447
896.022188,228.132261
892.006796,225.038598
887.969999,221.962028
883.936419,218.903658
879.937191,215.869697
875.992999,212.859503
872.117169,209.868402
868.344030,206.910188
864.700664,203.996597
861.034063,200.992660
857.228214,197.776786
853.571146,194.569282
850.208675,191.502212
846.931317,188.387555
843.667343,185.138374
840.430883,181.769285
837.207620,178.266022
833.982446,174.610264
830.767224,170.813417
827.582663,166.901209
824.448558,162.903435
821.381789,158.850923
818.386724,154.760919
815.458143,150.637810
812.590619,146.484622
809.779298,142.304180
807.019353,138.098391
804.306379,133.868911
801.636500,129.617426
799.006196,125.345485
796.412251,121.054497
793.851740,116.745783
791.321990,112.420559
788.820537,108.079931
786.345211,103.725075
783.894188,99.357397
781.465768,94.978176
779.058245,90.588353
776.670019,86.188747
774.299630,81.780142
771.945729,77.363258
769.607066,72.938756
767.282488,68.507241
764.970930,64.069275
762.671406,59.625372
760.383005,55.176006
758.104886,50.721615
755.836269,46.262599
753.576437,41.799331
751.324723,37.332151
749.080513,32.861374
746.843238,28.387286
744.612371,23.910156
742.387427,19.430230
740.167955,14.947731
737.953540,10.462866
735.743797,5.975828
733.538370,1.486792
731.336929,-3.004080
729.139169,-7.496640
726.944808,-11.990751
724.753584,-16.486286
722.565256,-20.983132
720.379597,-25.481183
718.196403,-29.980339
716.015478,-34.480513
713.836644,-38.981622
711.659735,-43.483592
709.484596,-47.986355
707.311086,-52.489844
705.139074,-56.993996
702.968408,-61.498815
700.798918,-66.004369
698.630469,-70.510668
696.462970,-75.017655
694.296334,-79.525275
692.130480,-84.033482
689.965331,-88.542232
687.800817,-93.051481
685.636873,-97.561188
683.473436,-102.071314
681.310449,-106.581821
679.147856,-111.092673
676.985606,-115.603837
674.823651,-120.115277
672.661943,-124.626962
670.500439,-129.138859
668.339094,-133.650938
666.177868,-138.163169
664.016719,-142.675521
661.855609,-147.187966
659.694498,-151.700474
657.533346,-156.213017
655.372115,-160.725565
653.210765,-165.238090
651.049255,-169.750563
648.887546,-174.262954
646.725595,-178.775234
644.563357,-183.287373
642.400787,-187.799340
640.237838,-192.311103
638.074460,-196.822629
635.910598,-201.333886
633.746198,-205.844839
631.581198,-210.355451
629.415536,-214.865685
627.249144,-219.375502
625.081949,-223.884859
622.913862,-228.393734
620.744785,-232.902111
618.574627,-237.409943
616.403296,-241.917167
614.230692,-246.423720
612.056702,-250.929540
609.881207,-255.434561
607.704075,-259.938717
605.525161,-264.441939
603.344311,-268.944156
601.161352,-273.445297
598.976098,-277.945287
596.788348,-282.444047
594.597878,-286.941501
592.404449,-291.437567
590.207807,-295.932139
588.007656,-300.425152
585.803634,-304.916617
583.595648,-309.405940
581.384174,-313.891319
579.169595,-318.371087
576.951765,-322.844603
574.730137,-327.311954
572.502733,-331.776007
570.266622,-336.241385
568.020616,-340.709053
565.765004,-345.176924
563.500407,-349.642163
561.227081,-354.102575
558.944328,-358.557729
556.651091,-363.007737
554.346327,-367.452512
552.028906,-371.891948
549.697611,-376.325904
547.351142,-380.754171
544.988049,-385.176586
542.606836,-389.592801
540.206450,-394.001388
537.786177,-398.400055
535.344861,-402.787074
532.881047,-407.160980
530.393236,-411.520079
527.879833,-415.862534
525.339084,-420.186446
522.769072,-424.489841
520.167688,-428.770690
517.532598,-433.026927
514.861206,-437.256466
512.150608,-441.457221
509.397549,-445.627114
506.598377,-449.764054
503.748921,-453.866030
500.844342,-457.931183
497.879475,-461.957184
494.848346,-465.941752
491.741251,-469.886013
488.547904,-473.789712
485.264812,-477.642653
481.893331,-481.428785
478.436655,-485.130839
474.899900,-488.730919
471.289979,-492.211280
467.615035,-495.555387
463.883484,-498.749016
460.102828,-501.781099
456.279809,-504.643158
452.421533,-507.328169
448.537044,-509.829558
444.633046,-512.143930
440.681022,-514.286441
436.619444,-516.286069
432.415189,-518.144052
428.069014,-519.840310
423.597345,-521.348686
419.037020,-522.640519
414.422101,-523.695171
409.765554,-524.501169
405.076812,-525.047881
400.376170,-525.323975
395.697184,-525.321100
391.073107,-525.037007
386.532253,-524.474811
382.093197,-523.640207
377.737132,-522.549839
373.433709,-521.206398
369.183611,-519.613503
364.996563,-517.783460
360.879445,-515.728252
356.838520,-513.460277
352.879636,-510.992634
349.006357,-508.337923
345.221831,-505.509245
341.534112,-502.525009
337.947686,-499.403102
334.453778,-496.150146
331.038978,-492.765947
327.681414,-489.237691
324.351877,-485.538314
321.051758,-481.670704
317.813966,-477.680324
314.670807,-473.623341
311.637192,-469.542133
308.700257,-465.443455
305.840834,-461.321854
303.047284,-457.179484
300.309426,-453.018823
297.617156,-448.840987
294.961576,-444.647776
292.334452,-440.441198
289.727892,-436.223187
287.136046,-431.998619
284.555452,-427.776085
281.981537,-423.562177
279.407993,-419.360411
276.828406,-415.173967
274.234450,-411.002931
271.616119,-406.845018
268.965375,-402.701701
266.275802,-398.577588
263.550087,-394.471422
260.790842,-390.382196
258.000470,-386.308927
255.180936,-382.250319
252.333979,-378.205065
249.461199,-374.171961
246.564035,-370.149843
243.643792,-366.137620
240.701699,-362.134328
237.738722,-358.138866
234.755349,-354.149706
231.752161,-350.165653
228.730239,-346.186357
225.690759,-342.211736
222.634844,-338.241778
219.563606,-334.276585
216.478145,-330.316369
213.379543,-326.361434
210.268860,-322.412170
207.147127,-318.469038
204.015342,-314.532562
200.874461,-310.603318
197.725394,-306.681920
194.568996,-302.769011
191.406054,-298.865248
188.237278,-294.971282
185.063325,-291.087796
181.884758,-287.215445
178.701593,-283.354318
175.513271,-279.503912
172.319419,-275.664065
169.119900,-271.835004
165.914480,-268.016947
162.702803,-264.210074
159.484400,-260.414547
156.258797,-256.630635
153.025484,-252.858686
149.782798,-249.097842
146.527711,-245.345850
143.257942,-241.601536
139.972456,-237.865350
136.624317,-234.178001
133.164823,-230.580196
129.543125,-227.114655
125.706312,-223.829980
121.588651,-220.778771
117.099578,-218.026633
112.148602,-215.690868
106.667818,-213.961384
101.432192,-213.111646
97.838010,-212.898790
94.830456,-212.899012
91.257874,-213.110438
87.238595,-213.638265
83.230182,-214.459260
79.269341,-215.529660
74.974110,-216.956892
70.249872,-218.816268
65.363599,-220.982072
60.548659,-223.235152
55.940019,-225.374398
51.512812,-227.310141
47.154492,-229.022589
42.794625,-230.479808
38.411784,-231.633337
34.196709,-232.412545
30.447466,-232.825960
26.936217,-233.008022
23.064078,-232.984440
18.663035,-232.647439
13.882084,-231.871848
8.873971,-230.564779
3.846125,-228.705018
-0.990074,-226.364432
-5.519958,-223.654014
-9.754553,-220.641646
-13.741782,-217.354284
-17.500531,-213.824822
-21.044135,-210.085910
-24.388845,-206.164256
-27.550050,-202.085076
-30.529435,-197.862884
-33.328644,-193.511292
-35.948583,-189.044355
-38.389305,-184.477528
-40.651932,-179.824472
-42.738825,-175.095528
-44.652106,-170.299877
-46.393333,-165.446208
-47.963556,-160.542669
-49.363325,-155.596848
-50.592685,-150.615724
-51.650931,-145.606804
-52.536766,-140.578330
-53.248918,-135.535406
-53.785543,-130.479815
-54.143506,-125.410783
-54.317792,-120.331062
-54.303533,-115.280884
-54.104884,-110.342317
-53.738339,-105.584071
-53.226278,-101.038678
-52.597786,-96.750631
-51.890370,-92.776440
-51.081645,-88.892075
-50.051716,-84.597248
-48.726495,-79.818312
-47.164018,-74.912386
-45.424284,-70.064357
-43.528815,-65.287976
-41.497012,-60.588904
-39.347737,-55.971514
-37.093970,-51.429282
-34.745859,-46.953628
-32.313213,-42.538401
-29.804856,-38.177877
-27.228676,-33.866503
-24.591972,-29.599232
-21.901528,-25.371387
-19.163661,-21.178549
-16.384211,-17.016406
-13.568575,-12.880682
-10.721938,-8.767379
-7.849380,-4.672816
-4.955817,-0.593447
