# Curvature-length line (length weight 0.0005 /m², exact linearisation) in the TUM corridor (Spa) widened by 1 m per side, 0.75 m margin (models/raceline.py)
# x_m,y_m
2.684967,3.907528
-0.115265,8.051705
-2.916484,12.195444
-5.718607,16.338790
-8.521559,20.481783
-11.325270,24.624463
-14.129670,28.766861
-16.934697,32.909011
-19.740290,37.050942
-22.546393,41.192680
-25.352951,45.334251
-28.159911,49.475677
-30.967225,53.616982
-33.774844,57.758184
-36.582722,61.899304
-39.390813,66.040360
-42.199075,70.181368
-45.007465,74.322346
-47.815939,78.463311
-50.624456,82.604277
-53.432974,86.745261
-56.241451,90.886279
-59.049845,95.027346
-61.858114,99.168479
-64.666213,103.309696
-67.474099,107.451012
-70.281726,111.592447
-73.089047,115.734019
-75.896012,119.875751
-78.702571,124.017662
-81.508671,128.159777
-84.314256,132.302121
-87.119267,136.444722
-89.923642,140.587608
-92.727315,144.730812
-95.530218,148.874369
-98.332275,153.018317
-101.133407,157.162693
-103.933533,161.307549
-106.732601,165.452987
-109.530562,169.599133
-112.327331,173.746071
-115.122806,177.893875
-117.916878,182.042630
-120.709431,186.192426
-123.500335,190.343359
-126.289453,194.495531
-129.076634,198.649051
-131.861714,202.804037
-134.644516,206.960612
-137.424847,211.118913
-140.202499,215.279082
-142.977243,219.441275
-145.748834,223.605656
-148.517005,227.772407
-151.281466,231.941717
-154.041898,236.113790
-156.797972,240.288862
-159.549323,244.467183
-162.295474,248.648892
-165.036103,252.834444
-167.771707,257.025622
-170.502807,261.224367
-173.228969,265.431262
-175.949753,269.646998
-178.665105,273.872993
-181.371273,278.105011
-184.059148,282.330365
-186.723328,286.542017
-189.364327,290.742261
-191.975673,294.922290
-194.525841,299.109433
-197.024646,303.466348
-199.453941,308.181600
-201.659942,313.311107
-203.429239,318.903569
-204.475690,325.065574
-204.354770,331.667174
-202.796427,337.973602
-200.118023,343.328396
-195.920161,348.361534
-188.737089,352.491823
-180.568848,353.241315
-174.410647,352.195914
-169.363423,350.674724
-164.413415,348.752254
-159.631437,346.621111
-155.056207,344.471438
-150.593508,342.322018
-146.162055,340.139893
-141.732506,337.914032
-137.307037,335.648227
-132.886040,333.345279
-128.468449,331.007082
-124.055603,328.636653
-119.649071,326.237048
-115.249201,323.810555
-110.856101,321.359194
-106.470124,318.884989
-102.091732,316.389900
-97.721441,313.875801
-93.359828,311.344483
-89.007483,308.797634
-84.664962,306.236816
-80.332959,303.663564
-76.012191,301.079329
-71.702810,298.485122
-67.404574,295.881613
-63.117240,293.269363
-58.840588,290.648846
-54.574409,288.020447
-50.318507,285.384463
-46.072700,282.741110
-41.836818,280.090525
-37.610707,277.432765
-33.394226,274.767814
-29.187252,272.095581
-24.989678,269.415900
-20.801420,266.728537
-16.622411,264.033183
-12.452610,261.329458
-8.292010,258.616915
-4.140626,255.895028
0.001510,253.163189
4.134252,250.420761
8.257417,247.667031
12.371510,244.900707
16.477612,242.119971
20.575967,239.323417
24.665965,236.510072
28.746876,233.678905
32.817888,230.828783
36.878023,227.958527
40.926261,225.067032
44.961501,222.153067
48.982478,219.215316
52.987569,216.252517
56.975820,213.262679
60.948963,210.241455
64.907638,207.184873
68.838232,204.099833
72.713639,201.004670
76.520532,197.907960
80.277610,194.792082
84.011332,191.630898
87.727092,188.413887
91.422959,185.146982
95.098309,181.835014
98.752748,178.482546
102.384820,175.095065
105.994719,171.676440
109.584058,168.228997
113.154276,164.754975
116.706590,161.256600
120.242175,157.735927
123.762136,154.194881
127.267496,150.635276
130.759269,147.058758
134.238467,143.466807
137.705676,139.861189
141.160978,136.244061
144.604908,132.616988
148.038522,128.980854
151.462831,125.336465
154.878728,121.684634
158.287056,118.026125
161.688615,114.361655
165.084155,110.691908
168.474386,107.017541
171.859981,103.339183
175.241638,99.657381
178.620071,95.972613
181.995928,92.285391
185.369791,88.596263
188.742236,84.905763
192.113831,81.214408
195.485142,77.522715
198.856731,73.831196
202.229163,70.140364
205.603006,66.450739
208.978841,62.762847
212.357258,59.077223
215.738864,55.394422
219.124285,51.715014
222.514171,48.039590
225.909198,44.368770
229.310076,40.703203
232.717548,37.043572
236.132399,33.390597
239.555457,29.745046
242.987602,26.107731
246.429769,22.479522
249.882959,18.861341
253.348243,15.254173
256.826759,11.659088
260.319718,8.077241
263.828420,4.509877
267.354259,0.958340
270.898733,-2.575917
274.463458,-6.091327
278.050167,-9.586182
281.660751,-13.058655
285.297250,-16.506756
288.961018,-19.927540
292.652074,-23.316570
296.370074,-26.668902
300.115056,-29.979790
303.887756,-33.244924
307.685687,-36.457121
311.494609,-39.599882
315.298818,-42.657047
319.093185,-45.622290
322.877007,-48.493263
326.664174,-51.299800
330.529582,-54.111951
334.524122,-56.978599
338.620420,-59.893850
342.766681,-62.838025
346.910279,-65.792844
351.003815,-68.743375
355.045644,-71.706200
359.065186,-74.721435
363.065763,-77.812692
366.996522,-80.961840
370.786867,-84.127793
374.426065,-87.311113
377.950110,-90.554255
381.374097,-93.887889
384.690647,-97.325773
387.897474,-100.874871
390.989198,-104.541435
393.955566,-108.328151
396.783657,-112.235601
399.477919,-116.251248
402.043579,-120.363898
404.485831,-124.562592
406.808997,-128.834824
409.018384,-133.169660
411.121057,-137.560150
413.124366,-142.001280
415.038535,-146.487531
416.873709,-151.014569
418.639962,-155.579189
420.347342,-160.179311
422.005851,-164.813736
423.625217,-169.481199
425.215750,-174.182505
426.789221,-178.923034
428.355322,-183.701458
429.920245,-188.504363
431.489298,-193.314267
433.067803,-198.113366
434.660839,-202.883859
436.273255,-207.609052
437.909982,-212.275028
439.576366,-216.871841
441.278033,-221.392874
443.025382,-225.845304
444.842481,-230.267121
446.754988,-234.691128
448.762794,-239.125460
450.861032,-243.566910
453.044003,-248.011242
455.303710,-252.450555
457.630891,-256.875737
460.018050,-261.281934
462.458919,-265.666768
464.947290,-270.027889
467.477081,-274.363048
470.043207,-278.671461
472.642420,-282.954986
475.272251,-287.216187
477.930234,-291.457090
480.614104,-295.679571
483.321787,-299.885398
486.051324,-304.076149
488.800878,-308.253262
491.568725,-312.418062
494.353254,-316.571781
497.152915,-320.715515
499.966128,-324.850111
502.791388,-328.976352
505.627361,-333.095111
508.472813,-337.207259
511.326559,-341.313613
514.187467,-345.414951
517.054452,-349.512025
519.926467,-353.605560
522.802498,-357.696261
525.681557,-361.784816
528.562675,-365.871900
531.444899,-369.958181
534.327280,-374.044319
537.208872,-378.130977
540.088727,-382.218822
542.965883,-386.308528
545.839364,-390.400780
548.708171,-394.496281
551.571271,-398.595748
554.427609,-402.699940
557.276093,-406.809654
560.115450,-410.925532
562.944181,-415.048000
565.760830,-419.177677
568.564018,-423.315437
571.352271,-427.462186
574.123995,-431.618839
576.877490,-435.786357
579.610930,-439.965745
582.322323,-444.158000
585.009576,-448.364241
587.670567,-452.585853
590.302224,-456.823031
592.899500,-461.072971
595.457625,-465.333366
597.973211,-469.604327
600.442859,-473.886201
602.863176,-478.179642
605.232791,-482.489414
607.551424,-486.823348
609.817130,-491.185511
612.033505,-495.573241
614.204090,-499.984477
616.333067,-504.419248
618.425137,-508.879596
620.483885,-513.366085
622.511758,-517.877408
624.510924,-522.412079
626.483378,-526.968621
628.430886,-531.545397
630.355024,-536.140656
632.257201,-540.752565
634.138716,-545.379323
636.000794,-550.019224
637.844357,-554.670082
639.670002,-559.329120
641.478670,-563.994657
643.271615,-568.666107
645.050031,-573.343009
646.814992,-578.024865
648.567496,-582.711231
650.308468,-587.401700
652.038765,-592.095899
653.759179,-596.793485
655.470442,-601.494143
657.173231,-606.197582
658.868183,-610.903562
660.555896,-615.611890
662.236922,-620.322389
663.911772,-625.034895
665.580917,-629.749258
667.244794,-634.465337
668.903803,-639.183004
670.558318,-643.902139
672.208681,-648.622632
673.855209,-653.344381
675.498195,-658.067291
677.137910,-662.791276
678.774604,-667.516254
680.408509,-672.242152
682.039836,-676.968900
683.668785,-681.696436
685.295536,-686.424699
686.920259,-691.153635
688.543108,-695.883195
690.164228,-700.613332
691.783752,-705.344003
693.401802,-710.075168
695.018491,-714.806790
696.633925,-719.538837
698.248200,-724.271275
699.861406,-729.004077
701.473626,-733.737216
703.084935,-738.470667
704.695405,-743.204408
706.305101,-747.938417
707.914083,-752.672675
709.522406,-757.407164
711.130123,-762.141867
712.737281,-766.876770
714.343923,-771.611858
715.950091,-776.347119
717.555822,-781.082540
719.161151,-785.818110
720.766109,-790.553820
722.370727,-795.289660
723.975031,-800.025621
725.579047,-804.761696
727.182798,-809.497878
728.786303,-814.234153
730.389579,-818.970504
731.992643,-823.706923
733.595512,-828.443407
735.198202,-833.179948
736.800725,-837.916543
738.403096,-842.653187
740.005326,-847.389875
741.607426,-852.126604
743.209406,-856.863371
744.811274,-861.600172
746.413041,-866.337004
748.014712,-871.073864
749.616295,-875.810750
751.217795,-880.547660
752.819219,-885.284592
754.420571,-890.021543
756.021856,-894.758513
757.623077,-899.495499
759.224238,-904.232500
760.825341,-908.969516
762.426389,-913.706545
764.027384,-918.443586
765.628326,-923.180638
767.229217,-927.917702
768.830057,-932.654776
770.430847,-937.391861
772.031585,-942.128956
773.632271,-946.866061
775.232904,-951.603177
776.833481,-956.340304
778.434001,-961.077442
780.034460,-965.814592
781.634856,-970.551755
783.235184,-975.288932
784.835440,-980.026125
786.435619,-984.763333
788.035715,-989.500560
789.635722,-994.237807
791.235634,-998.975075
792.835441,-1003.712368
794.435136,-1008.449688
796.034710,-1013.187037
797.634152,-1017.924419
799.233450,-1022.661838
800.832593,-1027.399297
802.431568,-1032.136801
804.030358,-1036.874352
805.628949,-1041.611958
807.227324,-1046.349624
808.825463,-1051.087356
810.423345,-1055.825159
812.020950,-1060.563041
813.618252,-1065.301010
815.215225,-1070.039075
816.811842,-1074.777244
818.408071,-1079.515528
820.003878,-1084.253938
821.599229,-1088.992484
823.194083,-1093.731181
824.788399,-1098.470042
826.382130,-1103.209082
827.975226,-1107.948317
829.567635,-1112.687766
831.159296,-1117.427447
832.750148,-1122.167382
834.340122,-1126.907593
835.929144,-1131.648105
837.517133,-1136.388943
839.104004,-1141.130138
840.689661,-1145.871721
842.274004,-1150.613725
843.856922,-1155.356187
845.438295,-1160.099147
847.017997,-1164.842647
848.595885,-1169.586736
850.171810,-1174.331463
851.745607,-1179.076884
853.317093,-1183.823059
854.883299,-1188.570973
856.441224,-1193.321628
857.987819,-1198.076054
859.501364,-1202.841397
860.959928,-1207.624951
862.341267,-1212.434605
863.622151,-1217.277554
864.778046,-1222.160077
865.784722,-1227.098560
866.614780,-1232.116784
867.230976,-1237.208206
867.593358,-1242.335998
867.668545,-1247.450827
867.434862,-1252.496749
866.885053,-1257.418818
866.026933,-1262.164762
864.883679,-1266.684900
863.490024,-1270.942632
861.881088,-1274.928315
860.046046,-1278.720638
857.888151,-1282.501847
855.356616,-1286.347830
852.508225,-1290.178642
849.451845,-1293.913252
846.228695,-1297.590904
842.797548,-1301.344830
839.233988,-1305.196955
835.826361,-1308.961829
832.728889,-1312.558394
829.851717,-1316.144772
827.144316,-1319.853539
824.650025,-1323.718362
822.424230,-1327.760624
820.492057,-1331.962960
818.883042,-1336.283599
817.612795,-1340.692535
816.658023,-1345.167987
815.996932,-1349.687100
815.606056,-1354.277085
815.476899,-1359.068270
815.628903,-1364.085469
816.059530,-1369.163896
816.729716,-1374.180443
817.600424,-1379.131130
818.639745,-1384.032363
819.818289,-1388.893582
821.108836,-1393.724414
822.485158,-1398.533265
823.921332,-1403.327253
825.391646,-1408.113193
826.870652,-1412.898386
828.333117,-1417.690934
829.752837,-1422.496340
831.101807,-1427.314077
832.352377,-1432.143276
833.477744,-1436.983764
834.451147,-1441.831699
835.246465,-1446.678778
835.839360,-1451.513686
836.208010,-1456.322106
836.333829,-1461.087120
836.201910,-1465.791392
835.800409,-1470.420390
835.117255,-1474.970664
834.135100,-1479.448130
832.835152,-1483.839996
831.242914,-1488.133674
829.380947,-1492.324456
827.258344,-1496.429218
824.836800,-1500.524098
822.062525,-1504.664584
818.977001,-1508.761786
815.678854,-1512.704502
812.231167,-1516.465624
808.667221,-1520.058851
805.006768,-1523.508012
801.261408,-1526.839451
797.444458,-1530.074007
793.569666,-1533.230002
789.649615,-1536.325359
785.696606,-1539.377313
781.722938,-1542.402555
777.740860,-1545.417529
773.759101,-1548.433872
769.777603,-1551.451526
765.796317,-1554.470432
761.815201,-1557.490535
757.834215,-1560.511787
753.853325,-1563.534142
749.872503,-1566.557557
745.891724,-1569.581993
741.910966,-1572.607416
737.930210,-1575.633793
733.949445,-1578.661095
729.968634,-1581.689314
725.987777,-1584.718420
722.007121,-1587.748202
718.026999,-1590.778387
714.047503,-1593.808889
710.068600,-1596.839723
706.090282,-1599.870890
702.112554,-1602.902386
698.135419,-1605.934210
694.158880,-1608.966369
690.182947,-1611.998868
686.207631,-1615.031717
682.232945,-1618.064928
678.258905,-1621.098516
674.285530,-1624.132499
670.312841,-1627.166899
666.340863,-1630.201741
662.369622,-1633.237055
658.399147,-1636.272872
654.429475,-1639.309228
650.460631,-1642.346172
646.492645,-1645.383758
642.525624,-1648.421985
638.559564,-1651.460952
634.593739,-1654.501311
630.626168,-1657.542618
626.643807,-1660.568446
622.633919,-1663.561863
618.583574,-1666.505630
614.479708,-1669.381923
610.309210,-1672.172005
606.058294,-1674.856274
601.712324,-1677.413791
597.258507,-1679.820165
592.680664,-1682.049731
587.954262,-1684.075372
583.101751,-1685.847059
578.234070,-1687.299683
573.500131,-1688.397841
569.030505,-1689.154494
564.777792,-1689.626801
560.421939,-1689.853512
555.773559,-1689.781073
550.965475,-1689.323003
546.230850,-1688.450957
541.695011,-1687.186917
537.355848,-1685.542070
533.196371,-1683.506487
529.255289,-1681.084846
525.586501,-1678.299874
522.234100,-1675.182763
519.229319,-1671.765900
516.589890,-1668.071534
514.337738,-1664.127046
512.498521,-1659.975217
511.086104,-1655.666981
510.103642,-1651.249829
509.546117,-1646.754965
509.408740,-1642.201724
509.688604,-1637.621277
510.378606,-1633.051114
511.466683,-1628.524480
512.941371,-1624.060097
514.800939,-1619.657604
517.043600,-1615.329926
519.652692,-1611.112459
522.599384,-1607.040818
525.848502,-1603.140839
529.360149,-1599.429632
533.088907,-1595.918351
536.987493,-1592.610321
541.011619,-1589.500060
545.121833,-1586.575473
549.293171,-1583.814657
553.524336,-1581.184296
557.815268,-1578.655477
562.156155,-1576.207692
566.536030,-1573.821930
570.945823,-1571.478595
575.377205,-1569.157950
579.820024,-1566.841168
584.261807,-1564.510388
588.689214,-1562.147937
593.088611,-1559.736088
597.446153,-1557.257037
601.747920,-1554.692798
605.980098,-1552.024939
610.128902,-1549.234266
614.180411,-1546.300310
618.120340,-1543.200455
621.924002,-1539.917651
625.546492,-1536.454195
628.934614,-1532.831509
632.038467,-1529.087728
634.825696,-1525.264866
637.303088,-1521.365148
639.492697,-1517.351489
641.387018,-1513.213530
642.972397,-1508.971139
644.263841,-1504.653865
645.282614,-1500.262639
646.049937,-1495.743511
646.567183,-1491.051408
646.821728,-1486.200125
646.805931,-1481.231637
646.523603,-1476.193339
645.989786,-1471.130994
645.227406,-1466.079624
644.263440,-1461.063597
643.127118,-1456.102240
641.848377,-1451.210304
640.453749,-1446.389533
638.961326,-1441.620413
637.386178,-1436.883751
635.745179,-1432.171173
634.055208,-1427.476306
632.332454,-1422.791998
630.593044,-1418.111569
628.847764,-1413.430781
627.098238,-1408.748984
625.346055,-1404.065481
623.592707,-1399.379322
621.840101,-1394.690655
620.091163,-1390.002327
618.348625,-1385.316649
616.614308,-1380.633449
614.889846,-1375.951984
613.177019,-1371.271786
611.477655,-1366.592390
609.793614,-1361.913244
608.126796,-1357.233703
606.479208,-1352.553185
604.852988,-1347.871205
603.249867,-1343.185753
601.670954,-1338.492448
600.118095,-1333.788365
598.594066,-1329.072705
597.097612,-1324.346202
595.627571,-1319.609310
594.182944,-1314.862451
592.762895,-1310.106021
591.366731,-1305.340349
589.993912,-1300.565741
588.644055,-1295.782519
587.316860,-1290.990759
586.012048,-1286.190024
584.729539,-1281.380023
583.469538,-1276.560936
582.232420,-1271.733019
581.016357,-1266.896983
579.819635,-1262.053475
578.640649,-1257.203094
577.477897,-1252.346400
576.329954,-1247.483859
575.195463,-1242.615828
574.073259,-1237.743115
572.962406,-1232.867237
571.861905,-1227.989152
570.770655,-1223.109101
569.687603,-1218.227252
568.611764,-1213.343840
567.542193,-1208.459077
566.477985,-1203.573160
565.418268,-1198.686285
564.362199,-1193.798637
563.308957,-1188.910403
562.257739,-1184.021760
561.207753,-1179.132888
560.158216,-1174.243962
559.108348,-1169.355158
558.057365,-1164.466652
557.004478,-1159.578623
555.948884,-1154.691248
554.889765,-1149.804717
553.826281,-1144.919226
552.757553,-1140.034926
551.682685,-1135.152043
550.600850,-1130.271300
549.511239,-1125.393677
548.412874,-1120.519612
547.303059,-1115.649596
546.176625,-1110.784648
545.028294,-1105.925763
543.852630,-1101.073884
542.643971,-1096.229810
541.396357,-1091.394144
540.103633,-1086.567922
538.759192,-1081.751869
537.354674,-1076.942450
535.880620,-1072.135498
534.329590,-1067.336260
532.695575,-1062.555486
530.972911,-1057.804888
529.156426,-1053.096971
527.241619,-1048.444906
525.224640,-1043.861939
523.102174,-1039.360772
520.871368,-1034.953312
518.529041,-1030.649317
516.068585,-1026.452126
513.479804,-1022.361184
510.754338,-1018.381785
507.885997,-1014.524042
504.869146,-1010.799643
501.699070,-1007.222084
498.372563,-1003.806936
494.887900,-1000.571330
491.244718,-997.533529
487.463452,-994.691146
483.561574,-992.039678
479.530952,-989.560707
475.334540,-987.228144
470.970281,-985.044128
466.511415,-983.042595
462.066818,-981.254625
457.665604,-979.664530
453.230350,-978.225949
448.683627,-976.909299
443.999140,-975.710536
439.157551,-974.631703
434.200199,-973.687914
429.211762,-972.893805
424.228702,-972.247501
419.246260,-971.740435
414.258778,-971.366114
409.264545,-971.120120
404.264335,-970.999354
399.261095,-971.001595
394.259392,-971.125175
389.264933,-971.368763
384.284164,-971.731231
379.323778,-972.211595
374.389022,-972.809216
369.482651,-973.524166
364.607687,-974.357057
359.768175,-975.308837
354.968192,-976.380892
350.211818,-977.575063
345.503340,-978.893615
340.847155,-980.339270
336.247813,-981.915235
331.710679,-983.624982
327.240614,-985.472769
322.837781,-987.465974
318.501600,-989.614468
314.239224,-991.925387
310.053830,-994.390157
305.947550,-997.001283
301.924181,-999.750634
297.991100,-1002.627453
294.153733,-1005.621862
290.413680,-1008.727033
286.772048,-1011.937223
283.229603,-1015.247809
279.785249,-1018.657058
276.438306,-1022.164396
273.190667,-1025.767970
270.045400,-1029.465665
267.006018,-1033.255808
264.076331,-1037.136595
261.250691,-1041.099605
258.523201,-1045.137759
255.887970,-1049.245024
253.339302,-1053.416127
250.870406,-1057.648805
248.473269,-1061.944623
246.142243,-1066.302599
243.874357,-1070.717519
241.667201,-1075.183186
239.518412,-1079.693328
237.425734,-1084.241484
235.386935,-1088.821230
233.399726,-1093.426415
231.461707,-1098.051404
229.570390,-1102.691146
227.723016,-1107.341737
225.915914,-1112.002291
224.144963,-1116.674040
222.406748,-1121.357308
220.698401,-1126.051713
219.017291,-1130.756865
217.361044,-1135.472235
215.727528,-1140.197121
214.114808,-1144.930709
212.521107,-1149.672133
210.944784,-1154.420505
209.384370,-1159.174746
207.838536,-1163.933673
206.305902,-1168.696533
204.785059,-1173.462942
203.274663,-1178.232575
201.773437,-1183.005128
200.280158,-1187.780331
198.793646,-1192.557945
197.312765,-1197.337756
195.836409,-1202.119575
194.363488,-1206.903258
192.892957,-1211.688612
191.423882,-1216.475115
189.955408,-1221.262039
188.486627,-1226.048829
187.016605,-1230.835010
185.544413,-1235.620067
184.069111,-1240.403468
182.589739,-1245.184685
181.105303,-1249.963204
179.614786,-1254.738484
178.117145,-1259.509928
176.611176,-1264.277305
175.095366,-1269.041163
173.568173,-1273.801888
172.028185,-1278.559203
170.473951,-1283.312668
168.903915,-1288.061857
167.316425,-1292.806292
165.709733,-1297.545418
164.081999,-1302.278538
162.431243,-1307.004942
160.755209,-1311.724217
159.051950,-1316.434582
157.314284,-1321.128226
155.534497,-1325.797648
153.703086,-1330.439786
151.810011,-1335.052058
149.844675,-1339.631971
147.790361,-1344.188445
145.625320,-1348.735336
143.336330,-1353.262448
140.918111,-1357.742989
138.368378,-1362.147755
135.687812,-1366.447296
132.876925,-1370.617796
129.933585,-1374.643177
126.855955,-1378.509068
123.643502,-1382.201198
120.295578,-1385.706841
116.807544,-1389.017410
113.170976,-1392.125560
109.382518,-1395.016830
105.444841,-1397.671404
101.364039,-1400.067878
97.145732,-1402.185733
92.793392,-1404.004692
88.317800,-1405.500195
83.745571,-1406.671312
79.100618,-1407.519641
74.406609,-1408.048249
69.704116,-1408.262205
65.045609,-1408.174791
60.422632,-1407.801254
55.728778,-1407.154369
50.919166,-1406.232374
46.085586,-1405.065190
41.308975,-1403.704071
36.594342,-1402.190034
31.923649,-1400.555730
27.278216,-1398.831292
22.624651,-1397.039925
17.925433,-1395.203171
13.185763,-1393.361752
8.444828,-1391.571154
3.749532,-1389.885937
-0.849561,-1388.352363
-5.356509,-1386.988044
-9.863505,-1385.784422
-14.436911,-1384.752230
-19.087054,-1383.924795
-23.811839,-1383.331568
-28.593626,-1383.005341
-33.362673,-1382.975566
-38.027068,-1383.251257
-42.577946,-1383.830378
-47.104248,-1384.738118
-51.658118,-1385.987222
-56.179672,-1387.567588
-60.599059,-1389.446516
-64.895077,-1391.596740
-69.064001,-1393.997076
-73.103421,-1396.627739
-77.013662,-1399.471373
-80.795287,-1402.511488
-84.453600,-1405.736433
-88.012795,-1409.156115
-91.491973,-1412.784195
-94.863478,-1416.585290
-98.091216,-1420.500200
-101.175763,-1424.503069
-104.131986,-1428.586887
-106.969689,-1432.740654
-109.698267,-1436.954470
-112.327690,-1441.221051
-114.867256,-1445.533793
-117.325813,-1449.886913
-119.711950,-1454.275605
-122.033858,-1458.695668
-124.299570,-1463.143797
-126.517562,-1467.618729
-128.696056,-1472.119786
-130.841879,-1476.644179
-132.961207,-1481.188175
-135.060096,-1485.748050
-137.144476,-1490.319987
-139.220167,-1494.900037
-141.292924,-1499.484156
-143.368477,-1504.068224
-145.452552,-1508.648063
-147.550912,-1513.219456
-149.669380,-1517.778171
-151.813878,-1522.319972
-153.990461,-1526.840642
-156.205364,-1531.335993
-158.465052,-1535.801886
-160.776277,-1540.234214
-163.146134,-1544.628869
-165.582277,-1548.981954
-168.093008,-1553.289665
-170.686588,-1557.546907
-173.384811,-1561.743655
-176.218181,-1565.879292
-179.220075,-1569.949331
-182.412183,-1573.926141
-185.806148,-1577.768138
-189.405734,-1581.428368
-193.206438,-1584.858597
-197.166226,-1587.992641
-201.181996,-1590.752390
-205.198535,-1593.130198
-209.292578,-1595.190463
-213.517453,-1596.950605
-217.824885,-1598.375771
-222.164190,-1599.446030
-226.572258,-1600.181578
-231.147182,-1600.599016
-235.908510,-1600.677774
-240.744741,-1600.403399
-245.519364,-1599.802434
-250.211886,-1598.912065
-254.974491,-1597.716972
-259.873531,-1596.186417
-264.708342,-1594.386311
-269.374805,-1592.394406
-273.920127,-1590.233943
-278.371353,-1587.927089
-282.741046,-1585.498834
-287.047271,-1582.968713
-291.305520,-1580.355718
-295.528732,-1577.679338
-299.729386,-1574.958876
-303.914372,-1572.205068
-308.082109,-1569.414685
-312.228682,-1566.585737
-316.344432,-1563.720054
-320.420500,-1560.819057
-324.455259,-1557.878971
-328.448584,-1554.894440
-332.400477,-1551.859335
-336.319311,-1548.759859
-340.215191,-1545.578553
-344.080077,-1542.310687
-347.893587,-1538.961815
-351.633875,-1535.540152
-355.279992,-1532.055150
-358.815339,-1528.514402
-362.227918,-1524.922830
-365.507560,-1521.285017
-368.645606,-1517.605411
-371.637060,-1513.885328
-374.489862,-1510.108461
-377.218899,-1506.242078
-379.822662,-1502.267039
-382.286873,-1498.178039
-384.594231,-1493.972160
-386.723343,-1489.652427
-388.656739,-1485.237999
-390.379819,-1480.748877
-391.883854,-1476.195096
-393.160897,-1471.584452
-394.202335,-1466.926036
-395.000533,-1462.227959
-395.570246,-1457.500385
-395.925196,-1452.752871
-396.078431,-1447.994351
-396.042443,-1443.231182
-395.827699,-1438.452885
-395.439252,-1433.630410
-394.879300,-1428.754604
-394.153276,-1423.845119
-393.270232,-1418.925735
-392.241826,-1414.018048
-391.081414,-1409.140700
-389.800847,-1404.301067
-388.409155,-1399.497121
-386.914139,-1394.726086
-385.323037,-1389.986272
-383.642613,-1385.276703
-381.879214,-1380.596874
-380.038784,-1375.946573
-378.126916,-1371.325841
-376.148863,-1366.734901
-374.109535,-1362.174070
-372.013495,-1357.643712
-369.864947,-1353.144182
-367.667713,-1348.675755
-365.425243,-1344.238648
-363.140652,-1339.833075
-360.816190,-1335.458254
-358.452667,-1331.111489
-356.050475,-1326.790190
-353.610429,-1322.493285
-351.133207,-1318.220084
-348.619150,-1313.969904
-346.068388,-1309.742266
-343.480855,-1305.536920
-340.856289,-1301.353827
-338.194243,-1297.193167
-335.494090,-1293.055360
-332.755030,-1288.941062
-329.976094,-1284.851187
-327.156143,-1280.786909
-324.293871,-1276.749672
-321.389418,-1272.739983
-318.445449,-1268.756452
-315.464356,-1264.797781
-312.448274,-1260.862752
-309.399097,-1256.950233
-306.318569,-1253.059282
-303.208196,-1249.189003
-300.068664,-1245.337842
-296.900161,-1241.504022
-293.703503,-1237.686875
-290.479825,-1233.886404
-287.230101,-1230.102682
-283.955143,-1226.335850
-280.655607,-1222.586130
-277.331981,-1218.853807
-273.984577,-1215.139225
-270.613322,-1211.442572
-267.217812,-1207.763950
-263.798791,-1204.104971
-260.358434,-1200.468946
-256.897765,-1196.858111
-253.416449,-1193.273495
-249.914185,-1189.716424
-246.390858,-1186.188664
-242.846298,-1182.692163
-239.280209,-1179.228980
-235.692133,-1175.801264
-232.081600,-1172.411390
-228.447776,-1169.061646
-224.787523,-1165.752541
-221.095890,-1162.483486
-217.369641,-1159.256018
-213.606751,-1156.073210
-209.805014,-1152.938420
-205.962648,-1149.854653
-202.083012,-1146.818762
-198.169007,-1143.827703
-194.223125,-1140.878545
-190.247691,-1137.968635
-186.244260,-1135.095132
-182.212104,-1132.253979
-178.150306,-1129.440586
-174.060156,-1126.652246
-169.943763,-1123.887038
-165.803081,-1121.143111
-161.640062,-1118.418777
-157.456713,-1115.712535
-153.255056,-1113.023023
-149.037055,-1110.348968
-144.804528,-1107.689117
-140.559578,-1105.042501
-136.304872,-1102.408590
-132.042549,-1099.786605
-127.773698,-1097.175209
-123.499180,-1094.573014
-119.219888,-1091.978730
-114.936665,-1089.391103
-110.650299,-1086.808903
-106.361551,-1084.230928
-102.071147,-1081.655992
-97.779734,-1079.082888
-93.488044,-1076.510472
-89.197182,-1073.937833
-84.908266,-1071.364063
-80.621976,-1068.787981
-76.338870,-1066.208309
-72.059549,-1063.623763
-67.784577,-1061.032993
-63.514432,-1058.434538
-59.249449,-1055.826783
-54.989824,-1053.207936
-50.735563,-1050.575986
-46.486367,-1047.928600
-42.242542,-1045.263667
-38.006280,-1042.580118
-33.780795,-1039.877408
-29.569623,-1037.155094
-25.376717,-1034.412913
-21.206256,-1031.650673
-17.062415,-1028.868112
-12.949165,-1026.064775
-8.870342,-1023.240052
-4.829681,-1020.393202
-0.827934,-1017.521252
3.139006,-1014.617322
7.074067,-1011.674710
10.975821,-1008.689337
14.841747,-1005.657478
18.669090,-1002.575100
22.454368,-999.438203
26.193367,-996.242831
29.881201,-992.985012
33.518710,-989.667541
37.106546,-986.292822
40.644451,-982.863588
44.131356,-979.382929
47.566728,-975.852984
50.950473,-972.274918
54.282236,-968.649586
57.561328,-964.977619
60.786788,-961.259354
63.957341,-957.494879
67.071334,-953.684105
70.126827,-949.826642
73.121592,-945.921772
76.052084,-941.969835
78.913176,-937.972868
81.707908,-933.936872
84.440714,-929.865114
87.115763,-925.760357
89.737646,-921.623801
92.314696,-917.449458
94.855585,-913.229022
97.363264,-908.962391
99.838004,-904.653621
102.279914,-900.306949
104.688196,-895.928173
107.061942,-891.523307
109.401606,-887.095721
111.708223,-882.647340
113.982625,-878.180063
116.225467,-873.695723
118.437283,-869.195991
120.618484,-864.682383
122.769368,-860.156235
124.890118,-855.618704
126.980795,-851.070797
129.041576,-846.512824
131.072953,-841.943884
133.075229,-837.362937
135.048186,-832.769570
136.991345,-828.163448
138.904039,-823.544137
140.785372,-818.911194
142.634205,-814.264184
144.449155,-809.602674
146.228634,-804.926107
147.970794,-800.233910
149.673190,-795.526420
151.333023,-790.804300
152.947828,-786.066499
154.515225,-781.310652
156.032500,-776.534051
157.496853,-771.732588
158.904482,-766.903469
160.248527,-762.053220
161.520619,-757.194766
162.712828,-752.341967
163.817858,-747.509779
164.831267,-742.704120
165.752612,-737.910166
166.580313,-733.109874
167.309046,-728.296854
167.932005,-723.467142
168.441130,-718.618386
168.826568,-713.761088
169.078794,-708.913900
169.190073,-704.086522
169.153203,-699.284739
168.967972,-694.515108
168.646755,-689.766735
168.196947,-685.010922
167.623347,-680.232087
166.931010,-675.429979
166.125160,-670.606803
165.211283,-665.765927
164.195448,-660.912600
163.084295,-656.053145
161.884909,-651.194220
160.604635,-646.342260
159.251003,-641.503555
157.831379,-636.683352
156.351963,-631.883214
154.817926,-627.102357
153.234071,-622.340017
151.604855,-617.595428
149.934384,-612.867727
148.226466,-608.156070
146.484633,-603.459599
144.712155,-598.777441
142.912092,-594.108779
141.087222,-589.452629
139.239833,-584.807280
137.371932,-580.170828
135.485649,-575.542091
133.583090,-570.920186
131.666237,-566.304211
129.736978,-561.693308
127.797136,-557.086672
125.848470,-552.483535
123.892688,-547.883156
121.931455,-543.284821
119.966407,-538.687834
117.999159,-534.091510
116.031312,-529.495175
114.064467,-524.898153
112.100231,-520.299766
110.140229,-515.699331
108.186111,-511.096144
106.239559,-506.489480
104.302319,-501.878616
102.376184,-497.262787
100.462937,-492.640990
98.564644,-488.012680
96.684271,-483.379274
94.825036,-478.742664
92.989475,-474.102849
91.180005,-469.459239
89.399267,-464.811483
87.650054,-460.159262
85.935287,-455.502197
84.258013,-450.839813
82.621417,-446.171522
81.028957,-441.496968
79.484122,-436.815276
77.985311,-432.123308
76.527629,-427.417008
75.107669,-422.695630
73.722829,-417.960138
72.370618,-413.211131
71.048713,-408.449030
69.755000,-403.674300
68.487540,-398.887397
67.244559,-394.088759
66.024432,-389.278812
64.825688,-384.458023
63.647010,-379.626954
62.487198,-374.786148
61.345144,-369.936038
60.219849,-365.077056
59.110424,-360.209670
58.016090,-355.334377
56.936164,-350.451699
55.870059,-345.562187
54.817279,-340.666412
53.777412,-335.764968
52.750132,-330.858465
51.735192,-325.947523
50.732419,-321.032771
49.741717,-316.114836
48.763060,-311.194343
47.796491,-306.271901
46.842121,-301.348099
45.900127,-296.423503
44.970750,-291.498625
44.054293,-286.573937
43.151144,-281.649963
42.261702,-276.726876
41.386196,-271.803429
40.524860,-266.877795
39.678229,-261.949253
38.847018,-257.017518
38.032028,-252.082206
37.234172,-247.142925
36.454489,-242.199341
35.694159,-237.251235
34.954480,-232.298289
34.236826,-227.339718
33.543006,-222.376753
32.875581,-217.415484
32.236782,-212.459462
31.627975,-207.504448
31.213342,-202.541851
31.173332,-197.552290
31.738341,-192.379049
33.291077,-187.021246
36.075953,-182.082368
39.649594,-178.295313
42.742360,-176.007385
45.012159,-174.641383
48.049802,-173.145140
52.478386,-171.611598
57.401148,-170.585308
62.338120,-169.930968
67.359183,-169.323564
72.653304,-168.375987
77.547155,-166.822396
80.712612,-165.331001
83.203471,-163.872562
86.473877,-161.444789
89.641480,-158.103359
91.899586,-154.654003
93.638506,-150.664415
94.680947,-145.167220
94.215174,-139.354915
92.641481,-134.173893
90.524558,-129.613306
88.084090,-125.346393
85.448311,-121.166411
82.789610,-116.974329
80.110742,-112.773041
77.413427,-108.563834
74.704600,-104.356104
71.988243,-100.154586
69.264632,-95.958330
66.534099,-91.766588
63.797290,-87.579189
61.054712,-83.395843
58.306802,-79.216228
55.553981,-75.040072
52.796634,-70.867124
50.035115,-66.697147
47.269754,-62.529920
44.500849,-58.365237
41.728676,-54.202905
38.953493,-50.042748
36.175532,-45.884598
33.395009,-41.728298
30.612122,-37.573703
27.827053,-33.420676
25.039967,-29.269086
22.251022,-25.118816
19.460360,-20.969759
16.668071,-16.821746
13.874204,-12.674578
11.078847,-8.528127
8.282118,-4.382332
5.484125,-0.237133
