# Curvature-length line (length weight 0.0005 /m², exact linearisation) in the TUM corridor (Spielberg) widened by 1 m per side, 0.75 m margin (models/raceline.py)
# x_m,y_m
0.387015,-6.868528
-4.443790,-8.160635
-9.274556,-9.452770
-14.105283,-10.744937
-18.935971,-12.037136
-23.766620,-13.329371
-28.597228,-14.621643
-33.427795,-15.913953
-38.258323,-17.206304
-43.088825,-18.498700
-47.919319,-19.791149
-52.749803,-21.083650
-57.580276,-22.376205
-62.410738,-23.668814
-67.241190,-24.961479
-72.071631,-26.254201
-76.902061,-27.546980
-81.732479,-28.839817
-86.562886,-30.132713
-91.393280,-31.425667
-96.223662,-32.718681
-101.054034,-34.011756
-105.884392,-35.304890
-110.714738,-36.598085
-115.545072,-37.891342
-120.375393,-39.184659
-125.205702,-40.478037
-130.035999,-41.771477
-134.866282,-43.064979
-139.696554,-44.358542
-144.526813,-45.652166
-149.357059,-46.945852
-154.187292,-48.239599
-159.017513,-49.533408
-163.847722,-50.827277
-168.677918,-52.121207
-173.508102,-53.415197
-178.338274,-54.709247
-183.168432,-56.003357
-187.998580,-57.297526
-192.828715,-58.591753
-197.658839,-59.886038
-202.488951,-61.180380
-207.319053,-62.474778
-212.149142,-63.769232
-216.979221,-65.063739
-221.809289,-66.358300
-226.639348,-67.652913
-231.469397,-68.947576
-236.299435,-70.242288
-241.129465,-71.537047
-245.959487,-72.831852
-250.789501,-74.126699
-255.619508,-75.421588
-260.449507,-76.716514
-265.279502,-78.011475
-270.109491,-79.306469
-274.939476,-80.601491
-279.769459,-81.896538
-284.599440,-83.191605
-289.429419,-84.486687
-294.259401,-85.781780
-299.089384,-87.076877
-303.919369,-88.371971
-308.749354,-89.667055
-313.579343,-90.962120
-318.409336,-92.257157
-323.239337,-93.552157
-328.069349,-94.847108
-332.899375,-96.141999
-337.729419,-97.436815
-342.559486,-98.731542
-347.389580,-100.026160
-352.219700,-101.320650
-357.049865,-102.614989
-361.880099,-103.909157
-366.710227,-105.203071
-371.539817,-106.496572
-376.368442,-107.789478
-381.201382,-109.063243
-386.052541,-110.271494
-390.931807,-111.366294
-395.849324,-112.298834
-400.849099,-113.021693
-405.957453,-113.472411
-411.089232,-113.577256
-416.301409,-113.265434
-421.779610,-112.388577
-426.912182,-110.958466
-430.494006,-109.610984
-433.047306,-108.503734
-436.097594,-107.030028
-439.936350,-104.878445
-444.078495,-102.093131
-448.187473,-98.775975
-452.061763,-95.087224
-455.573364,-91.251992
-458.759463,-87.375988
-461.734914,-83.440755
-464.570753,-79.445143
-467.314638,-75.404922
-470.012045,-71.333042
-472.704028,-67.247050
-475.404109,-63.149894
-478.116405,-59.035138
-480.843027,-54.899396
-483.583008,-50.743950
-486.334517,-46.571384
-489.095961,-42.383917
-491.865536,-38.184083
-494.638376,-33.979052
-497.408179,-29.778174
-500.172811,-25.584476
-502.933184,-21.396364
-505.689900,-17.212711
-508.443112,-13.033065
-511.193367,-8.856369
-513.942060,-4.680264
-516.690119,-0.503087
-519.437494,3.675351
-522.183974,7.855011
-524.929420,12.035984
-527.673686,16.218359
-530.416600,20.402218
-533.157984,24.587646
-535.897648,28.774739
-538.635387,32.963599
-541.370983,37.154332
-544.104201,41.347056
-546.834789,45.541898
-549.562479,49.738996
-552.286981,53.938497
-555.007985,58.140563
-557.725155,62.345371
-560.438132,66.553111
-563.146531,70.763991
-565.849934,74.978237
-568.547894,79.196094
-571.239928,83.417830
-573.925520,87.643742
-576.604093,91.874122
-579.275027,96.109290
-581.937801,100.349825
-584.591529,104.595847
-587.233454,108.844567
-589.860030,113.091952
-592.468964,117.336019
-595.058749,121.576124
-597.627793,125.811572
-600.174268,130.041355
-602.698506,134.268186
-605.206078,138.503941
-607.701384,142.759201
-610.183755,147.036502
-612.651102,151.336311
-615.104907,155.657895
-617.546578,160.000613
-619.975997,164.361265
-622.391074,168.733136
-624.791058,173.111935
-627.177145,177.497052
-629.550561,181.888143
-631.912261,186.284554
-634.263164,190.685729
-636.604150,195.091197
-638.936034,199.500514
-641.259582,203.913274
-643.575525,208.329125
-645.884550,212.747741
-648.187281,217.168783
-650.484434,221.592175
-652.776987,226.018436
-655.065794,230.447929
-657.351398,234.880477
-659.634261,239.315810
-661.914856,243.753715
-664.193630,248.193981
-666.471011,252.636388
-668.747413,257.080718
-671.023238,261.526748
-673.298878,265.974253
-675.574716,270.423005
-677.851134,274.872767
-680.128510,279.323298
-682.407223,283.774346
-684.687654,288.225655
-686.970193,292.676956
-689.255235,297.127971
-691.543189,301.578409
-693.834476,306.027968
-696.129537,310.476331
-698.428830,314.923167
-700.732838,319.368128
-703.042070,323.810848
-705.357065,328.250939
-707.678394,332.687997
-710.006670,337.121593
-712.342539,341.551266
-714.686784,345.976698
-717.040415,350.397864
-719.404548,354.814795
-721.780350,359.227443
-724.169113,363.635813
-726.572396,368.040192
-728.991318,372.439838
-731.424766,376.829795
-733.870750,381.203510
-736.328438,385.556514
-738.797424,389.885058
-741.277343,394.185437
-743.768234,398.454602
-746.269566,402.688514
-748.779002,406.880195
-751.293304,411.021489
-753.815581,415.114821
-756.377026,419.206471
-759.018032,423.357848
-761.748402,427.578365
-764.542636,431.823035
-767.365167,436.035108
-770.202020,440.193260
-773.055332,444.300391
-775.924873,448.355479
-778.807015,452.352606
-781.703122,456.292726
-784.628223,460.194270
-787.596737,464.072676
-790.612957,467.928501
-793.678861,471.758632
-796.791694,475.565447
-799.948728,479.350964
-803.147091,483.116697
-806.383978,486.863963
-809.656666,490.593922
-812.962487,494.307563
-816.298850,498.005748
-819.663478,501.689483
-823.054231,505.359720
-826.467630,509.015806
-829.899211,512.655941
-833.346311,516.280145
-836.807800,519.889870
-840.282560,523.486391
-843.769426,527.070761
-847.267345,530.643990
-850.775340,534.207027
-854.292489,537.760749
-857.817924,541.305970
-861.350828,544.843453
-864.890434,548.373909
-868.436018,551.898015
-871.986885,555.416394
-875.542317,558.929581
-879.101623,562.438076
-882.664187,565.942402
-886.229434,569.443074
-889.796812,572.940591
-893.365784,576.435433
-896.935833,579.928073
-900.506458,583.418978
-904.077168,586.908609
-907.647488,590.397434
-911.216992,593.885967
-914.785158,597.374628
-918.351355,600.863737
-921.916209,604.354862
-925.482237,607.851455
-929.050617,611.355702
-932.619604,614.869715
-936.187630,618.396028
-939.750729,621.934929
-943.291766,625.501674
-946.815479,629.135093
-950.333314,632.886792
-953.820410,636.778181
-957.218383,640.952448
-960.388088,645.830651
-962.763429,651.828940
-963.124532,658.790395
-960.245632,665.593961
-954.325543,670.297282
-947.984191,672.402211
-942.787485,673.269316
-938.101940,673.770844
-933.225243,674.226824
-928.280694,674.624155
-923.325509,674.961353
-918.333597,675.243783
-913.309067,675.474096
-908.263304,675.654794
-903.203121,675.788792
-898.136036,675.879060
-893.073239,675.928621
-888.023280,675.940634
-882.986335,675.918168
-877.959601,675.863966
-872.940967,675.780451
-867.928761,675.669780
-862.921522,675.533880
-857.918014,675.374475
-852.917181,675.193110
-847.918090,674.991168
-842.919881,674.769888
-837.921695,674.530367
-832.922534,674.273567
-827.921511,674.000336
-822.918888,673.711477
-817.915614,673.407746
-812.912103,673.089788
-807.908560,672.758148
-802.905250,672.413296
-797.902132,672.055598
-792.901384,671.685509
-787.911412,671.303924
-782.940854,670.911779
-777.994010,670.509674
-773.072975,670.097994
-768.180699,669.677154
-763.318929,669.247426
-758.465160,668.806784
-753.568678,668.350164
-748.602983,667.874153
-743.576780,667.378417
-738.532375,666.866094
-733.515875,666.341236
-728.540629,665.804891
-723.606219,665.256684
-718.719275,664.697010
-713.884982,664.126161
-709.076654,663.540484
-704.233365,662.933809
-699.327744,662.303306
-694.376372,661.651637
-689.411491,660.983864
-684.449304,660.303207
-679.490001,659.610749
-674.532353,658.907292
-669.576453,658.193748
-664.622266,657.470947
-659.669620,656.739639
-654.718394,656.000527
-649.768484,655.254266
-644.819790,654.501465
-639.872216,653.742691
-634.925675,652.978473
-629.980085,652.209308
-625.035369,651.435659
-620.091458,650.657962
-615.148282,649.876628
-610.205781,649.092045
-605.263894,648.304580
-600.322566,647.514580
-595.381744,646.722379
-590.441377,645.928296
-585.501417,645.132638
-580.561817,644.335701
-575.622531,643.537773
-570.683517,642.739138
-565.744733,641.940072
-560.806131,641.140849
-555.867624,640.341736
-550.929109,639.542996
-545.990505,638.744899
-541.051742,637.947720
-536.112745,637.151741
-531.173435,636.357250
-526.233737,635.564543
-521.293568,634.773929
-516.352845,633.985732
-511.411483,633.200287
-506.469403,632.417951
-501.526483,631.639094
-496.582576,630.864106
-491.638029,630.093476
-486.693950,629.327839
-481.751065,628.567794
-476.809550,627.813886
-471.869564,627.066689
-466.931316,626.326822
-461.994979,625.594937
-457.060693,624.871723
-452.128568,624.157912
-447.198680,623.454281
-442.271033,622.761651
-437.345624,622.080900
-432.422493,621.412977
-427.501020,620.758813
-422.579339,620.119263
-417.656085,619.495359
-412.730936,618.888369
-407.803720,618.299690
-402.874207,617.730824
-397.942212,617.183401
-393.007364,616.659168
-388.069044,616.159998
-383.126909,615.687958
-378.180910,615.245319
-373.231399,614.829772
-368.278714,614.439171
-363.323088,614.071508
-358.364070,613.724867
-353.400785,613.397444
-348.433062,613.087611
-343.461177,612.793870
-338.485346,612.514808
-333.505741,612.249097
-328.522541,611.995484
-323.535921,611.752783
-318.546030,611.519872
-313.553006,611.295681
-308.556992,611.079192
-303.558080,610.869428
-298.556197,610.665445
-293.551712,610.466348
-288.546293,610.271318
-283.541393,610.079545
-278.537223,609.890191
-273.533672,609.702419
-268.530781,609.515410
-263.528609,609.328351
-258.527204,609.140428
-253.526620,608.950823
-248.526916,608.758708
-243.528163,608.563241
-238.530465,608.363560
-233.533808,608.158774
-228.538144,607.947958
-223.544698,607.730208
-218.556373,607.504664
-213.574853,607.270388
-208.599761,607.016890
-203.631778,606.673754
-198.676842,606.170386
-193.731504,605.432582
-188.744191,604.363978
-183.707815,602.842238
-178.787398,600.781796
-174.220191,598.191706
-170.210669,595.195693
-166.907115,592.046024
-164.266623,588.940315
-162.043808,585.769339
-160.118370,582.398840
-158.476038,578.777593
-157.084735,574.612033
-156.106398,569.648709
-155.860536,564.257933
-156.407815,558.914190
-157.636076,553.764527
-159.432219,548.830225
-161.685806,544.133911
-164.294496,539.674055
-167.169120,535.429024
-170.233497,531.365375
-173.441453,527.438593
-176.794574,523.625825
-180.285162,519.920756
-183.899752,516.324485
-187.625779,512.837143
-191.451112,509.458559
-195.363626,506.188681
-199.351594,503.027246
-203.403934,499.973666
-207.510408,497.026989
-211.661910,494.185825
-215.850700,491.448322
-220.070235,488.812404
-224.317026,486.274795
-228.594694,483.829145
-232.909489,481.469251
-237.264294,479.192241
-241.660216,476.997208
-246.098598,474.883987
-250.580963,472.853169
-255.103878,470.908195
-259.654875,469.056239
-264.224263,467.302669
-268.809256,465.650022
-273.408693,464.100588
-278.020422,462.657377
-282.641653,461.316390
-287.284434,460.070626
-291.973646,458.912288
-296.718113,457.840159
-301.513377,456.857022
-306.354472,455.965936
-311.239467,455.169707
-316.164109,454.471960
-321.105340,453.878509
-326.028605,453.394337
-330.918659,453.020344
-335.772107,452.756040
-340.583025,452.601207
-345.345698,452.555531
-350.086200,452.607495
-354.869427,452.751135
-359.725090,452.984472
-364.641866,453.304643
-369.603753,453.707246
-374.600852,454.187259
-379.626357,454.739356
-384.662404,455.356333
-389.680604,456.028545
-394.669613,456.747812
-399.628775,457.507620
-404.553843,458.301284
-409.435818,459.121576
-414.269893,459.962196
-419.075957,460.821712
-423.889598,461.702412
-428.724290,462.603156
-433.579817,463.520348
-438.457369,464.447695
-443.359280,465.378904
-448.283800,466.306641
-453.219048,467.221457
-458.153285,468.113940
-463.085868,468.976764
-468.019839,469.803140
-472.956804,470.585822
-477.898815,471.317370
-482.853849,471.990732
-487.832950,472.598318
-492.838316,473.130363
-497.866295,473.575798
-502.912198,473.923054
-507.970099,474.160177
-513.033282,474.274986
-518.093009,474.255235
-523.133215,474.089286
-528.131935,473.767451
-533.066315,473.282817
-537.913847,472.631654
-542.652851,471.813649
-547.272921,470.829473
-551.793793,469.672553
-556.244410,468.327803
-560.629113,466.780856
-564.938185,465.019087
-569.158090,463.030035
-573.270356,460.802411
-577.249609,458.328615
-581.069012,455.614571
-584.702874,452.669346
-588.129511,449.502447
-591.328624,446.125000
-594.280015,442.551244
-596.966425,438.795254
-599.377627,434.860807
-601.501894,430.746512
-603.340487,426.474142
-604.894309,422.069721
-606.167537,417.556855
-607.166762,412.956973
-607.900423,408.289462
-608.378434,403.571062
-608.611643,398.815616
-608.611281,394.033805
-608.388342,389.232528
-607.953006,384.415528
-607.314230,379.583694
-606.477991,374.728492
-605.446982,369.838097
-604.227493,364.922597
-602.833250,360.010399
-601.283192,355.131598
-599.599866,350.314182
-597.807806,345.582515
-595.925118,340.940793
-593.954563,336.360944
-591.896206,331.817998
-589.755519,327.304299
-587.538632,322.815468
-585.250593,318.346206
-582.896768,313.892859
-580.486143,309.458913
-578.030809,305.053029
-575.539092,300.676770
-573.016301,296.326858
-570.467554,292.000356
-567.897877,287.694726
-565.311917,283.407268
-562.712008,279.136426
-560.090251,274.886598
-557.438504,270.661994
-554.748001,266.466220
-552.009518,262.302803
-549.213926,258.176249
-546.347752,254.086021
-543.389631,250.023390
-540.323287,245.990888
-537.145643,242.010566
-533.858805,238.109875
-530.467431,234.316495
-526.979667,230.658049
-523.404864,227.158658
-519.746362,223.832663
-516.002409,220.688258
-512.173140,217.734895
-508.259809,214.982378
-504.263442,212.440001
-500.183224,210.116196
-496.012315,208.017780
-491.744519,206.155213
-487.385460,204.546248
-482.947525,203.210602
-478.446500,202.167319
-473.905467,201.423941
-469.340343,200.985126
-464.743715,200.856396
-460.108559,201.051640
-455.452230,201.565210
-450.800014,202.388342
-446.172833,203.509389
-441.586060,204.915545
-437.072946,206.584291
-432.697570,208.469845
-428.507761,210.518240
-424.498248,212.696174
-420.594481,215.018670
-416.700212,217.528908
-412.790621,220.239319
-408.870252,223.142805
-404.941612,226.229728
-401.020475,229.474308
-397.132076,232.834690
-393.300025,236.262531
-389.543521,239.708530
-385.875349,243.128075
-382.290856,246.495066
-378.768270,249.803465
-375.293358,253.043684
-371.839764,256.219945
-368.330217,259.382270
-364.687153,262.573246
-360.899334,265.768242
-357.007186,268.898126
-353.062311,271.918118
-349.075683,274.820377
-345.046756,277.605594
-340.980592,280.269940
-336.884912,282.808080
-332.759277,285.219739
-328.583511,287.514026
-324.335419,289.696832
-320.009844,291.761852
-315.607113,293.698837
-311.133392,295.514092
-306.594405,297.213675
-301.995802,298.803335
-297.342886,300.288669
-292.640656,301.675126
-287.893836,302.968012
-283.106891,304.172489
-278.284122,305.293556
-273.429371,306.336113
-268.545680,307.304997
-263.636323,308.204757
-258.705547,309.039576
-253.757778,309.813476
-248.797189,310.530378
-243.827702,311.194085
-238.852866,311.808279
-233.874779,312.376610
-228.893872,312.902655
-223.910408,313.389723
-218.924761,313.840851
-213.937226,314.258849
-208.948124,314.646309
-203.957197,315.005668
-198.963126,315.339235
-193.964834,315.649106
-188.962113,315.937159
-183.954845,316.205129
-178.942485,316.454648
-173.924236,316.687238
-168.901531,316.904219
-163.878660,317.106733
-158.858511,317.295940
-153.842010,317.473011
-148.830221,317.639040
-143.824806,317.795037
-138.827110,317.941965
-133.835340,318.080812
-128.845374,318.212553
-123.855657,318.338025
-118.866313,318.457976
-113.877259,318.573127
-108.888290,318.684168
-103.899282,318.791761
-98.910142,318.896546
-93.920781,318.999145
-88.931124,319.100165
-83.941110,319.200204
-78.950690,319.299852
-73.959828,319.399698
-68.968496,319.500332
-63.976675,319.602348
-58.984357,319.706348
-53.991538,319.812949
-48.998222,319.922781
-44.004397,320.035556
-39.010056,320.151001
-34.015188,320.268857
-29.019787,320.388880
-24.023844,320.510839
-19.027357,320.634514
-14.030321,320.759694
-9.032714,320.886179
-4.034558,321.013774
0.963959,321.142287
5.962620,321.271530
10.961387,321.401325
15.960283,321.531495
20.959315,321.661870
25.958483,321.792276
30.957790,321.922542
35.957245,322.052495
40.956851,322.181959
45.956611,322.310755
50.956532,322.438700
55.956618,322.565606
60.956874,322.691276
65.957303,322.815507
70.957913,322.938085
75.958707,323.058786
80.959689,323.177375
85.960866,323.293602
90.962242,323.407202
95.963821,323.517892
100.965606,323.625372
105.967603,323.729320
110.969828,323.829391
115.972260,323.925210
120.974956,324.011091
125.978278,324.078671
130.982291,324.119459
135.984443,324.124808
140.981133,324.085979
145.971978,323.994089
150.959015,323.839891
155.944652,323.613594
160.930293,323.304776
165.923219,322.901620
170.942026,322.389220
175.989924,321.751335
181.041034,320.974468
186.060551,320.048620
191.012542,318.967850
195.861519,317.731063
200.581709,316.339842
205.170330,314.791843
209.634156,313.080673
213.969268,311.202400
218.168109,309.154479
222.223450,306.934289
226.127504,304.539284
229.881485,301.959447
233.495033,299.172059
236.979859,296.173632
240.338884,292.971080
243.574307,289.570084
246.688404,285.974677
249.687578,282.181668
252.582553,278.177251
255.367741,273.966904
258.021670,269.587946
260.526502,265.088114
262.872930,260.515921
265.058667,255.918822
267.092400,251.327973
268.999546,246.732771
270.807105,242.105969
272.529885,237.441231
274.178585,232.739496
275.763706,228.000239
277.294832,223.224102
278.779152,218.418792
280.221934,213.599097
281.630132,208.774931
283.012724,203.948833
284.378585,199.122795
285.732629,194.298363
287.079193,189.476759
288.422241,184.658992
289.751630,179.842096
291.038691,175.017773
292.254775,170.177120
293.370895,165.310339
294.356822,160.407983
295.180902,155.457040
295.808784,150.432051
296.197002,145.315669
296.292558,140.115247
296.036384,134.841849
295.391026,129.654906
294.472050,125.066019
293.497686,121.358454
292.395436,117.870527
290.921473,113.929184
288.990252,109.619458
286.624319,105.208944
283.859771,100.850106
280.752915,96.643422
277.390113,92.670406
273.830979,88.945523
270.093083,85.437910
266.196526,82.128438
262.163435,79.003545
258.010184,76.047421
253.750907,73.244927
249.403022,70.584372
244.988543,68.056848
240.525317,65.651629
236.021306,63.359498
231.482995,61.171572
226.919115,59.080905
222.324425,57.075309
217.659427,55.130731
212.891702,53.230102
208.026544,51.373016
203.105827,49.571418
198.197137,47.843072
193.342628,46.193773
188.537105,44.613059
183.747520,43.083241
178.950163,41.591666
174.146214,40.134406
169.339491,38.708555
164.531008,37.310561
159.721959,35.937143
154.912076,34.584797
150.098982,33.249630
145.281577,31.928274
140.460656,30.617993
135.637041,29.316132
130.811361,28.020038
125.984286,26.727107
121.156512,25.434764
116.328181,24.142468
111.499301,22.850192
106.669879,21.557919
101.839926,20.265631
97.009430,18.973310
92.178413,17.680947
87.347098,16.388589
82.515752,15.096295
77.684442,13.804072
72.853149,12.511904
68.021874,11.219783
63.190621,9.927701
58.359392,8.635650
53.528190,7.343625
48.697014,6.051617
43.865868,4.759623
39.034751,3.467635
34.203665,2.175650
29.372611,0.883663
24.541590,-0.408331
19.710603,-1.700336
14.879652,-2.992355
10.048737,-4.284391
5.217857,-5.576448
