# Curvature-length line (length weight 0.0005 /m², exact linearisation) in the TUM corridor (Suzuka) widened by 1 m per side, 0.75 m margin (models/raceline.py)
# x_m,y_m
1.004871,-1.692120
4.416950,-5.342425
7.820594,-9.001223
11.216422,-12.667850
14.605006,-16.341697
17.986878,-20.022198
21.362527,-23.708830
24.732406,-27.401110
28.096932,-31.098587
31.456491,-34.800847
34.811437,-38.507502
38.162097,-42.218195
41.508775,-45.932595
44.851747,-49.650393
48.191269,-53.371304
51.527582,-57.095066
54.860897,-60.821429
58.191404,-64.550152
61.519298,-68.281036
64.844779,-72.013918
68.168032,-75.748650
71.489228,-79.485095
74.808526,-83.223125
78.126071,-86.962624
81.441999,-90.703481
84.756433,-94.445599
88.069489,-98.188884
91.381272,-101.933251
94.691882,-105.678621
98.001408,-109.424924
101.309935,-113.172091
104.617540,-116.920061
107.924294,-120.668779
111.230263,-124.418191
114.535508,-128.168251
117.840079,-131.918907
121.144022,-135.670112
124.447384,-139.421828
127.750206,-143.174020
131.052528,-146.926653
134.354385,-150.679698
137.655811,-154.433128
140.956835,-158.186917
144.257485,-161.941043
147.557786,-165.695484
150.857760,-169.450222
154.157428,-173.205239
157.456810,-176.960521
160.755922,-180.716052
164.054778,-184.471822
167.353392,-188.227818
170.651776,-191.984033
173.949941,-195.740457
177.247894,-199.497083
180.545644,-203.253907
183.843196,-207.010923
187.140555,-210.768128
190.437724,-214.525521
193.734705,-218.283099
197.031498,-222.040864
200.328104,-225.798815
203.624520,-229.556956
206.920744,-233.315290
210.216770,-237.073821
213.512592,-240.832556
216.808204,-244.591500
220.103597,-248.350662
223.398760,-252.110052
226.693681,-255.869679
229.988347,-259.629558
233.282742,-263.389700
236.576850,-267.150122
239.870651,-270.910839
243.164125,-274.671872
246.457247,-278.433241
249.749991,-282.194967
253.042330,-285.957076
256.334233,-289.719594
259.625665,-293.482551
262.916589,-297.245980
266.206965,-301.009915
269.496748,-304.774393
272.785891,-308.539457
276.074340,-312.305151
279.362040,-316.071523
282.648928,-319.838626
285.934938,-323.606518
289.219996,-327.375260
292.504023,-331.144919
295.786934,-334.915568
299.068635,-338.687285
302.349026,-342.460157
305.627998,-346.234274
308.905431,-350.009736
312.181197,-353.786652
315.455158,-357.565138
318.727162,-361.345322
321.997047,-365.127339
325.264635,-368.911338
328.529734,-372.697479
331.792137,-376.485935
335.051620,-380.276894
338.307940,-384.070560
341.560832,-387.867151
344.810005,-391.666898
348.055166,-395.470076
351.295983,-399.276967
354.531896,-403.087635
357.762207,-406.902045
360.986384,-410.720412
364.203994,-414.543139
367.414557,-418.370646
370.617549,-422.203386
373.812417,-426.041859
376.998565,-429.886616
380.173235,-433.740065
383.333618,-437.604690
386.476839,-441.483080
389.599949,-445.377949
392.699897,-449.292168
395.773493,-453.228759
398.817421,-457.190981
401.828299,-461.182489
404.802287,-465.206892
407.735045,-469.267763
410.624121,-473.372174
413.467911,-477.529857
416.259361,-481.744131
418.986452,-486.011464
421.636470,-490.326989
424.196732,-494.685245
426.654777,-499.080144
428.998833,-503.505467
431.218137,-507.955308
433.303540,-512.425452
435.248015,-516.915397
437.044981,-521.425929
438.686835,-525.955708
440.165777,-530.502870
441.474200,-535.066526
442.604503,-539.647574
443.563200,-544.245567
444.355645,-548.865454
444.986461,-553.531041
445.455438,-558.281779
445.752909,-563.132841
445.864758,-568.068691
445.777856,-573.066907
445.480996,-578.104025
444.966225,-583.147759
444.231175,-588.157395
443.278855,-593.095842
442.112380,-597.946186
440.723385,-602.729466
439.094315,-607.467838
437.212730,-612.148248
435.072873,-616.740332
432.676170,-621.206533
430.033052,-625.505256
427.163810,-629.594713
424.100164,-633.434720
420.878910,-636.996255
417.512997,-640.284315
413.987385,-643.322444
410.294398,-646.114313
406.436575,-648.649405
402.419229,-650.913087
398.252343,-652.887103
393.951641,-654.551043
389.538138,-655.884465
385.037153,-656.868652
380.476543,-657.496214
375.884719,-657.762572
371.293895,-657.666314
366.737385,-657.210438
362.244371,-656.410224
357.836762,-655.282455
353.524803,-653.851357
349.310077,-652.136331
345.173293,-650.142296
341.065709,-647.845248
336.973232,-645.223623
332.939058,-642.292286
329.011886,-639.086862
325.226393,-635.650486
321.602375,-632.027836
318.146852,-628.260987
314.860322,-624.391091
311.736235,-620.454165
308.751358,-616.463417
305.872957,-612.412286
303.078419,-608.301705
300.352660,-604.140808
297.686200,-599.934632
295.069953,-595.687945
292.495682,-591.406259
289.955549,-587.095353
287.441989,-582.761232
284.948037,-578.410789
282.466919,-574.051190
279.991289,-569.688521
277.513426,-565.328142
275.025586,-560.975387
272.519975,-556.635591
269.988676,-552.314058
267.423544,-548.015991
264.816178,-543.746585
262.158080,-539.511416
259.440584,-535.316461
256.654796,-531.168130
253.791871,-527.073788
250.843357,-523.042256
247.801384,-519.083924
244.658837,-515.210762
241.409294,-511.435981
238.047223,-507.774009
234.572650,-504.244644
230.995569,-500.874670
227.329632,-497.688803
223.587413,-494.705260
219.776510,-491.934366
215.880144,-489.369690
211.868735,-487.004273
207.735241,-484.852106
203.496894,-482.919723
199.159462,-481.208173
194.717212,-479.687161
190.163357,-478.330805
185.505235,-477.118581
180.754820,-476.029068
175.925364,-475.038156
171.031610,-474.118916
166.089677,-473.241721
161.115573,-472.374462
156.126313,-471.483419
151.151941,-470.536494
146.235745,-469.505920
141.422578,-468.369610
136.748779,-467.111369
132.211862,-465.710773
127.780481,-464.137185
123.447612,-462.362430
119.228794,-460.364164
115.142929,-458.120548
111.212741,-455.610007
107.471719,-452.816302
103.939568,-449.757432
100.619101,-446.466523
97.506530,-442.972244
94.592501,-439.296994
91.865347,-435.458769
89.309078,-431.466635
86.893733,-427.298762
84.598066,-422.934736
82.428968,-418.409119
80.396195,-413.784487
78.497579,-409.119600
76.715199,-404.445575
75.017243,-399.753775
73.374361,-395.034279
71.762390,-390.288695
70.159616,-385.526205
68.547034,-380.765268
66.905972,-376.025328
65.216468,-371.320626
63.459906,-366.666982
61.620280,-362.083610
59.683788,-357.590108
57.639045,-353.205641
55.477321,-348.948621
53.184083,-344.822254
50.727207,-340.804495
48.072750,-336.885840
45.212467,-333.079928
42.142523,-329.408001
38.867090,-325.899249
35.403383,-322.590528
31.769293,-319.510582
27.978841,-316.678951
24.044228,-314.110889
19.977783,-311.785995
15.780288,-309.684142
11.463072,-307.795448
7.040835,-306.112397
2.527505,-304.619784
-2.065486,-303.299881
-6.728610,-302.134340
-11.453957,-301.104176
-16.242299,-300.188505
-21.103301,-299.365215
-26.033619,-298.613982
-31.013163,-297.914910
-36.017959,-297.246282
-41.024239,-296.584992
-46.017265,-295.906541
-50.991469,-295.185575
-55.943839,-294.396642
-60.864098,-293.515697
-65.684988,-292.532402
-70.304590,-291.455606
-74.762223,-290.271323
-79.211924,-288.922889
-83.693060,-287.368363
-88.128352,-285.601362
-92.458306,-283.619789
-96.662473,-281.410794
-100.727881,-278.974853
-104.645897,-276.318620
-108.409093,-273.446583
-112.005375,-270.365642
-115.420546,-267.084799
-118.640838,-263.613555
-121.652706,-259.962071
-124.442681,-256.141418
-126.997468,-252.163649
-129.304165,-248.041623
-131.350584,-243.788280
-133.124553,-239.417879
-134.613646,-234.947968
-135.806375,-230.398573
-136.692990,-225.790962
-137.286089,-221.148587
-137.609916,-216.489328
-137.688437,-211.825183
-137.543693,-207.152204
-137.189990,-202.428277
-136.633729,-197.620138
-135.885886,-192.745922
-134.966142,-187.839834
-133.900612,-182.933335
-132.718841,-178.050952
-131.447915,-173.198185
-130.111727,-168.368926
-128.733269,-163.556359
-127.334829,-158.752967
-125.937969,-153.949731
-124.564253,-149.137684
-123.235403,-144.307291
-121.973986,-139.449611
-120.807071,-134.571417
-119.765086,-129.700978
-118.874383,-124.869888
-118.154423,-120.106299
-117.615553,-115.409560
-117.265050,-110.735604
-117.118957,-106.052813
-117.199940,-101.363978
-117.529525,-96.679896
-118.121072,-92.013793
-118.987463,-87.383752
-120.140137,-82.811911
-121.569119,-78.316856
-123.263689,-73.914987
-125.213373,-69.619701
-127.408031,-65.442869
-129.837404,-61.396147
-132.491385,-57.490483
-135.360435,-53.735831
-138.426982,-50.132639
-141.675293,-46.679923
-145.092463,-43.374698
-148.679448,-40.203755
-152.445574,-37.152595
-156.383013,-34.224214
-160.469588,-31.430039
-164.682181,-28.777909
-168.995201,-26.273561
-173.387366,-23.917437
-177.847325,-21.703777
-182.367601,-19.625554
-186.942350,-17.675974
-191.569748,-15.847692
-196.248711,-14.134397
-200.977698,-12.531080
-205.755550,-11.033554
-210.569018,-9.641700
-215.390547,-8.358305
-220.194682,-7.183697
-224.960802,-6.115711
-229.690015,-5.147284
-234.416270,-4.266972
-239.166994,-3.468154
-243.947383,-2.750200
-248.759175,-2.113892
-253.603529,-1.559954
-258.478955,-1.089988
-263.382835,-0.706126
-268.312561,-0.410888
-273.260621,-0.207330
-278.212642,-0.098506
-283.158542,-0.086848
-288.096161,-0.174764
-293.023796,-0.365161
-297.938552,-0.661391
-302.837171,-1.067206
-307.716718,-1.586834
-312.574114,-2.224987
-317.400359,-2.985840
-322.180923,-3.872161
-326.906832,-4.886969
-331.573270,-6.034039
-336.186182,-7.304876
-340.786894,-8.704666
-345.418563,-10.245887
-350.076954,-11.929314
-354.738149,-13.747598
-359.376111,-15.689794
-363.963110,-17.741252
-368.485093,-19.891130
-372.940774,-22.134248
-377.326877,-24.464968
-381.640959,-26.878488
-385.886026,-29.373807
-390.062679,-31.949583
-394.166292,-34.601835
-398.194717,-37.328448
-402.154533,-40.134260
-406.053120,-43.026737
-409.890166,-46.009531
-413.662315,-49.085063
-417.365518,-52.256136
-421.003849,-55.515285
-424.581205,-58.855514
-428.101404,-62.270317
-431.568171,-65.753609
-434.985119,-69.299670
-438.355767,-72.903114
-441.683545,-76.558868
-444.971823,-80.262170
-448.223919,-84.008555
-451.443622,-87.793369
-454.634770,-91.612309
-457.801389,-95.461574
-460.946934,-99.336913
-464.073273,-103.232248
-467.182490,-107.141853
-470.278331,-111.062227
-473.364849,-114.990422
-476.445871,-118.923328
-479.525197,-122.857862
-482.606648,-126.790996
-485.694064,-130.719690
-488.791318,-134.640873
-491.902347,-138.551427
-495.034197,-142.445753
-498.194047,-146.318142
-501.389254,-150.162723
-504.627407,-153.973413
-507.916409,-157.743884
-511.264565,-161.467499
-514.680475,-165.137021
-518.173443,-168.744845
-521.754681,-172.283839
-525.435504,-175.745055
-529.224245,-179.114911
-533.127801,-182.377200
-537.153348,-185.514700
-541.269317,-188.482951
-545.355579,-191.193542
-549.246912,-193.566440
-552.860965,-195.601506
-556.505973,-197.496555
-560.670350,-199.480095
-565.333704,-201.476920
-570.185817,-203.321633
-575.072017,-204.967625
-579.950541,-206.426550
-584.829179,-207.724409
-589.721851,-208.883630
-594.634221,-209.920824
-599.565618,-210.849263
-604.510045,-211.680315
-609.463796,-212.425231
-614.426025,-213.095073
-619.395706,-213.700264
-624.371535,-214.250724
-629.352268,-214.756017
-634.337240,-215.225469
-639.325808,-215.668179
-644.312470,-216.092687
-649.289586,-216.493307
-654.258673,-216.824055
-659.223716,-217.039599
-664.195839,-217.094128
-669.220456,-216.935990
-674.331345,-216.498325
-679.484685,-215.707497
-684.590009,-214.501735
-689.534767,-212.847975
-694.083595,-210.821078
-697.948883,-208.662910
-701.168326,-206.533190
-704.027603,-204.364561
-706.958112,-201.808300
-710.246106,-198.406763
-713.489727,-194.259639
-716.297859,-189.774656
-718.641952,-185.157632
-720.602159,-180.477016
-722.266878,-175.738246
-723.705641,-170.947490
-724.977564,-166.118277
-726.139142,-161.261960
-727.245485,-156.389995
-728.339838,-151.512110
-729.423411,-146.628540
-730.497172,-141.740309
-731.561813,-136.849480
-732.618143,-131.957361
-733.667165,-127.064140
-734.709846,-122.169946
-735.747091,-117.275006
-736.779775,-112.379516
-737.808748,-107.483648
-738.834837,-102.587574
-739.858321,-97.691349
-740.879467,-92.795023
-741.898523,-87.898646
-742.915730,-83.002261
-743.931312,-78.105912
-744.945485,-73.209642
-745.958457,-68.313492
-746.970429,-63.417500
-747.981595,-58.521703
-748.992144,-53.626140
-750.002262,-48.730848
-751.012132,-43.835861
-752.021936,-38.941217
-753.031856,-34.046951
-754.042075,-29.153098
-755.052777,-24.259693
-756.064151,-19.366774
-757.075183,-14.474124
-758.081635,-9.580843
-759.079245,-4.686014
-760.063700,0.211310
-761.030609,5.112116
-761.975474,10.017423
-762.893660,14.928331
-763.780372,19.846082
-764.630570,24.771789
-765.438946,29.706553
-766.200183,34.653517
-766.908670,39.617173
-767.557749,44.598630
-768.139890,49.595657
-768.647171,54.605314
-769.071344,59.624184
-769.403861,64.648144
-769.635951,69.672300
-769.758715,74.691622
-769.763202,79.698461
-769.641267,84.673299
-769.387330,89.588733
-768.998716,94.422304
-768.474890,99.158573
-767.810959,103.820513
-766.988666,108.475033
-765.984200,113.156794
-764.805651,117.860469
-763.464865,122.572445
-761.980067,127.267952
-760.371645,131.926699
-758.655058,136.547293
-756.843571,141.133305
-754.948510,145.691348
-752.976917,150.235892
-750.935930,154.778882
-748.834664,159.327106
-746.683261,163.885450
-744.501801,168.439062
-742.316784,172.961319
-740.148561,177.438183
-738.012360,181.864352
-735.899804,186.281751
-733.774406,190.794143
-731.689423,195.497129
-729.752636,200.423854
-728.096944,205.610017
-726.882268,211.134541
-726.350251,217.051869
-726.836781,223.243822
-728.691451,229.432769
-732.207134,235.180267
-737.379357,239.797996
-743.751404,242.702325
-750.582151,243.634654
-757.190366,242.866819
-763.270147,240.720751
-768.649075,237.557423
-773.273216,233.736564
-777.227201,229.514233
-780.637005,225.040916
-783.609969,220.424502
-786.234121,215.759504
-788.590182,211.120373
-790.755399,206.551223
-792.813871,202.039884
-794.846575,197.548674
-796.911945,193.078885
-799.020841,188.641026
-801.172000,184.232075
-803.371544,179.835593
-805.625574,175.437659
-807.933691,171.038559
-810.292971,166.643680
-812.699829,162.259573
-815.150419,157.893134
-817.642654,153.548120
-820.176030,149.225856
-822.750518,144.927349
-825.366518,140.653436
-828.025078,136.404481
-830.728490,132.179571
-833.479644,127.977697
-836.276966,123.805235
-839.113047,119.676904
-841.980753,115.606017
-844.873848,111.603645
-847.789011,107.676134
-850.742248,103.804741
-853.758741,99.962400
-856.850018,96.143262
-860.020010,92.352699
-863.265515,88.605004
-866.575102,84.922748
-869.942835,81.320454
-873.370527,77.803691
-876.860255,74.378106
-880.417119,71.047015
-884.049483,67.812034
-887.762863,64.678909
-891.559918,61.656783
-895.443124,58.748010
-899.420625,55.952715
-903.496813,53.276041
-907.671493,50.727591
-911.944774,48.317666
-916.297739,46.066547
-920.685681,44.002141
-925.088684,42.133812
-929.547449,40.447400
-934.085196,38.921510
-938.656982,37.559443
-943.229701,36.355912
-947.894287,35.277936
-952.742583,34.307628
-957.702957,33.463757
-962.675678,32.757816
-967.636816,32.181982
-972.590625,31.725066
-977.537329,31.377912
-982.481156,31.132375
-987.426094,30.981637
-992.370039,30.919970
-997.310361,30.942108
-1002.245611,31.043222
-1007.174638,31.218946
-1012.096446,31.465358
-1017.010194,31.778961
-1021.915863,32.156727
-1026.815265,32.596237
-1031.710166,33.095576
-1036.600759,33.653112
-1041.486840,34.267530
-1046.368261,34.937864
-1051.244701,35.663465
-1056.115841,36.444015
-1060.981433,37.279543
-1065.839388,38.170067
-1070.684925,39.115293
-1075.515368,40.112385
-1080.330719,41.159305
-1085.131361,42.254435
-1089.920190,43.397119
-1094.702338,44.587736
-1099.479865,45.826401
-1104.251349,47.112662
-1109.017769,48.447000
-1113.785641,49.831934
-1118.558602,51.269777
-1123.335441,52.761853
-1128.113200,54.309248
-1132.876228,55.908908
-1137.602636,57.555009
-1142.281797,59.244940
-1146.909792,60.978324
-1151.488792,62.757279
-1156.033907,64.589801
-1160.556504,66.483811
-1165.055568,68.443097
-1169.528259,70.471160
-1173.972226,72.572210
-1178.384172,74.750573
-1182.759998,77.010732
-1187.098985,79.350751
-1191.399408,81.768637
-1195.657212,84.261423
-1199.868678,86.826542
-1204.032131,89.463013
-1208.146089,92.170496
-1212.208590,94.948886
-1216.217412,97.798440
-1220.170055,100.719779
-1224.063555,103.713750
-1227.894786,106.781672
-1231.661242,109.926068
-1235.359916,113.149916
-1238.986049,116.455521
-1242.540139,119.838389
-1246.022637,123.294674
-1249.433821,126.821069
-1252.773709,130.414723
-1256.042069,134.073248
-1259.238345,137.794639
-1262.361462,141.577029
-1265.409907,145.418741
-1268.381964,149.318583
-1271.275596,153.275741
-1274.088294,157.289595
-1276.817099,161.359751
-1279.458535,165.485951
-1282.012432,169.665114
-1284.485848,173.891375
-1286.888079,178.164136
-1289.228153,182.484162
-1291.512302,186.848391
-1293.745729,191.252404
-1295.933718,195.692356
-1298.081468,200.164624
-1300.194057,204.665688
-1302.276704,209.192640
-1304.334497,213.742571
-1306.371093,218.309524
-1308.389581,222.886231
-1310.394460,227.468690
-1312.391047,232.054958
-1314.384496,236.642856
-1316.379853,241.230015
-1318.382199,245.814113
-1320.396678,250.392845
-1322.428494,254.963847
-1324.482749,259.524240
-1326.564482,264.070683
-1328.680830,268.599393
-1330.839364,273.106993
-1333.047959,277.590034
-1335.314891,282.045005
-1337.649042,286.468491
-1340.059808,290.856704
-1342.557221,295.205418
-1345.153944,299.512808
-1347.864958,303.777664
-1350.701440,307.989588
-1353.669680,312.129637
-1356.776519,316.179681
-1360.000635,320.089731
-1363.252037,323.749935
-1366.490728,327.135794
-1369.818466,330.362660
-1373.308963,333.484108
-1376.942749,336.457313
-1380.707129,339.252097
-1384.611459,341.856450
-1388.648393,344.272200
-1392.809882,346.499225
-1397.091383,348.537911
-1401.490046,350.387620
-1406.004623,352.046397
-1410.643756,353.512857
-1415.418458,354.781734
-1420.315437,355.838721
-1425.301504,356.667931
-1430.340077,357.258531
-1435.400574,357.605595
-1440.468512,357.707879
-1445.535794,357.563838
-1450.590145,357.171054
-1455.618961,356.526698
-1460.611317,355.627040
-1465.554799,354.467617
-1470.433619,353.044092
-1475.229680,351.352677
-1479.923017,349.390498
-1484.492071,347.155925
-1488.912819,344.649595
-1493.159888,341.874670
-1497.208502,338.836040
-1500.996760,335.577293
-1504.414858,332.224475
-1507.446406,328.861563
-1510.199877,325.422911
-1512.767810,321.794691
-1515.177928,317.881190
-1517.383016,313.682982
-1519.282001,309.350810
-1520.835956,305.019267
-1522.082128,300.659364
-1523.043562,296.210757
-1523.711514,291.679691
-1524.073962,287.087678
-1524.121572,282.453687
-1523.862713,277.799167
-1523.307952,273.144902
-1522.469870,268.509619
-1521.362167,263.908188
-1519.997437,259.348073
-1518.387032,254.834136
-1516.543148,250.374043
-1514.478945,245.976001
-1512.208002,241.646974
-1509.744164,237.392663
-1507.101349,233.217483
-1504.293298,229.124503
-1501.333155,225.115254
-1498.233460,221.190128
-1495.006949,217.349553
-1491.666587,213.593938
-1488.225061,209.923130
-1484.694543,206.336331
-1481.086422,202.832033
-1477.411092,199.408014
-1473.678074,196.061635
-1469.894628,192.788793
-1466.062238,189.581370
-1462.180293,186.430823
-1458.251506,183.332358
-1454.279867,180.282764
-1450.269021,177.278995
-1446.222570,174.318363
-1442.144055,171.398481
-1438.036774,168.517107
-1433.904246,165.672442
-1429.750293,162.863143
-1425.577624,160.087358
-1421.387701,157.342686
-1417.181720,154.626848
-1412.960800,151.937786
-1408.725925,149.273601
-1404.477956,146.632548
-1400.217643,144.013018
-1395.945626,141.413528
-1391.662582,138.832800
-1387.369319,136.269791
-1383.066584,133.723572
-1378.755008,131.193284
-1374.435160,128.678162
-1370.107550,126.177533
-1365.772620,123.690800
-1361.430744,121.217443
-1357.082247,118.757021
-1352.727551,116.309251
-1348.367135,113.873978
-1344.001332,111.451062
-1339.630351,109.040386
-1335.254359,106.641904
-1330.873479,104.255635
-1326.487777,101.881661
-1322.097269,99.520125
-1317.701918,97.171236
-1313.301635,94.835266
-1308.896280,92.512555
-1304.485661,90.203515
-1300.069537,87.908627
-1295.647615,85.628453
-1291.219541,83.363630
-1286.784904,81.114878
-1282.343333,78.883053
-1277.894300,76.669061
-1273.436302,74.473457
-1268.967441,72.296778
-1264.487857,70.137732
-1259.998132,67.995386
-1255.498729,65.868875
-1250.990035,63.757423
-1246.472426,61.660365
-1241.946241,59.577130
-1237.411784,57.507237
-1232.869324,55.450294
-1228.319091,53.405990
-1223.761283,51.374098
-1219.196053,49.354467
-1214.623480,47.347009
-1210.043627,45.351725
-1205.456656,43.368751
-1200.862221,41.398103
-1196.259487,39.439691
-1191.652649,37.495643
-1187.052892,35.571012
-1182.467606,33.669181
-1177.898011,31.790968
-1173.343447,29.936491
-1168.789798,28.098495
-1164.213348,26.266282
-1159.605225,24.435456
-1154.969107,22.606714
-1150.312014,20.782045
-1145.645034,18.964975
-1140.975387,17.157469
-1136.303612,15.358922
-1131.629409,13.568473
-1126.952996,11.785516
-1122.274546,10.009483
-1117.594166,8.239830
-1112.911970,6.476061
-1108.228026,4.717705
-1103.542381,2.964323
-1098.855160,1.215537
-1094.166532,-0.528979
-1089.476655,-2.269524
-1084.785675,-4.006378
-1080.093726,-5.739796
-1075.400935,-7.470013
-1070.707420,-9.197246
-1066.013289,-10.921694
-1061.318644,-12.643542
-1056.623575,-14.362959
-1051.928169,-16.080099
-1047.232502,-17.795107
-1042.536644,-19.508114
-1037.840657,-21.219243
-1033.144592,-22.928607
-1028.448514,-24.636304
-1023.752437,-26.342438
-1019.056182,-28.047175
-1014.359511,-29.750693
-1009.662351,-31.453099
-1004.964695,-33.154470
-1000.266518,-34.854882
-995.567794,-36.554403
-990.868508,-38.253090
-986.168641,-39.950995
-981.468178,-41.648164
-976.767106,-43.344634
-972.065410,-45.040438
-967.363076,-46.735604
-962.660089,-48.430152
-957.956429,-50.124102
-953.252083,-51.817463
-948.547031,-53.510243
-943.841220,-55.202456
-939.134666,-56.894086
-934.427674,-58.585008
-929.720599,-60.275074
-925.013514,-61.964230
-920.306398,-63.652454
-915.599259,-65.339703
-910.892109,-67.025929
-906.184955,-68.711080
-901.477800,-70.395097
-896.770647,-72.077914
-892.063498,-73.759460
-887.356348,-75.439654
-882.649192,-77.118413
-877.942018,-78.795641
-873.234813,-80.471238
-868.527547,-82.145097
-863.820188,-83.817100
-859.112757,-85.487102
-854.405125,-87.154996
-849.696591,-88.820863
-844.986381,-90.484796
-840.274281,-92.146669
-835.560260,-93.806277
-830.844229,-95.463416
-826.126088,-97.117863
-821.405744,-98.769371
-816.683049,-100.417535
-811.957550,-102.061064
-807.228249,-103.697059
-802.494144,-105.322561
-797.754232,-106.934529
-793.007500,-108.529821
-788.252927,-110.105175
-783.489515,-111.657172
-778.716252,-113.182227
-773.931962,-114.676613
-769.135854,-116.136260
-764.328634,-117.556433
-759.510951,-118.932229
-754.681659,-120.259023
-749.838924,-121.532045
-744.980833,-122.746147
-740.104935,-123.895844
-735.208265,-124.975203
-730.288415,-125.977509
-725.340829,-126.895686
-720.356768,-127.722224
-715.340750,-128.446289
-710.316486,-129.054780
-705.312860,-129.536314
-700.355953,-129.882819
-695.457041,-130.089691
-690.613281,-130.153528
-685.825945,-130.070448
-681.097709,-129.836512
-676.406694,-129.444860
-671.708023,-128.901811
-666.977697,-128.209329
-662.217515,-127.370519
-657.435072,-126.389690
-652.640121,-125.272380
-647.843967,-124.025482
-643.055383,-122.656118
-638.279203,-121.170696
-633.525899,-119.577723
-628.814882,-117.889804
-624.160484,-116.119070
-619.568483,-114.274889
-615.038460,-112.363787
-610.547463,-110.381205
-606.068426,-108.317853
-601.594899,-106.171683
-597.127295,-103.943120
-592.681777,-101.640584
-588.292020,-99.283253
-583.979911,-96.886201
-579.753923,-94.458095
-575.614263,-92.002867
-571.518406,-89.497116
-567.408276,-86.907004
-563.270452,-84.222835
-559.113441,-81.448341
-554.960345,-78.597911
-550.851706,-75.700295
-546.812079,-72.775727
-542.844012,-69.829521
-538.948653,-66.865697
-535.110127,-63.874404
-531.296627,-60.830911
-527.491277,-57.726122
-523.693898,-54.563638
-519.907621,-51.349903
-516.140360,-48.095782
-512.397670,-44.810515
-508.678157,-41.497290
-504.979407,-38.158112
-501.299753,-34.795383
-497.637582,-31.411319
-493.991261,-28.007902
-490.359239,-24.586989
-486.740034,-21.150321
-483.132214,-17.699521
-479.534399,-14.236115
-475.945251,-10.761537
-472.363468,-7.277141
-468.787778,-3.784212
-465.216956,-0.283992
-461.649763,3.222354
-458.084892,6.733788
-454.521446,10.248905
-450.959474,13.765391
-447.398925,17.281044
-443.838855,20.794551
-440.278169,24.304744
-436.715867,27.810342
-433.150876,31.310110
-429.582085,34.802803
-426.008671,38.286838
-422.428888,41.761461
-418.837449,45.229218
-415.228621,48.692853
-411.597302,52.148460
-407.939405,55.590827
-404.250369,59.014810
-400.525623,62.414832
-396.760589,65.784824
-392.949338,69.119328
-389.087252,72.411045
-385.181341,75.642673
-381.243113,78.794371
-377.228228,81.798513
-373.091137,84.591775
-368.755605,87.125469
-364.092622,89.346325
-359.064321,91.106071
-353.844852,92.202684
-348.988840,92.560214
-344.911871,92.401526
-341.080404,91.887771
-337.034997,90.922143
-332.818943,89.478980
-328.512395,87.598256
-324.097028,85.344847
-319.588435,82.872388
-315.045781,80.428771
-310.505592,78.250523
-306.052928,76.522773
-301.900705,75.345414
-298.061357,74.647874
-294.148210,74.348089
-289.889950,74.474408
-285.209414,75.172114
-280.248669,76.579872
-275.364410,78.648452
-270.798949,81.165340
-266.578437,83.932093
-262.592793,86.852746
-258.737440,89.867800
-254.944073,92.909286
-251.148742,95.913443
-247.292367,98.816227
-243.327582,101.546082
-239.234142,104.048502
-235.029226,106.322105
-230.723552,108.368662
-226.325458,110.189548
-221.847755,111.783265
-217.304804,113.147920
-212.712274,114.292829
-208.082192,115.227933
-203.422736,115.963150
-198.741179,116.507530
-194.038634,116.869542
-189.287439,117.056014
-184.457003,117.067106
-179.555030,116.898916
-174.608025,116.549748
-169.646968,116.021986
-164.705153,115.322480
-159.800054,114.459023
-154.933752,113.437110
-150.109800,112.261530
-145.340514,110.938984
-140.642292,109.478286
-136.028564,107.888595
-131.512006,106.179830
-127.092741,104.357373
-122.737277,102.409426
-118.413647,100.317838
-114.114945,98.085833
-109.843319,95.720596
-105.610942,93.235815
-101.435089,90.650383
-97.320633,87.977230
-93.264153,85.223836
-89.262921,82.397410
-85.314717,79.504905
-81.416849,76.552360
-77.566522,73.545155
-73.760873,70.488052
-69.995986,67.384378
-66.267072,64.236086
-62.570378,61.045389
-58.903679,57.815353
-55.264443,54.548401
-51.646272,51.242996
-48.041696,47.895958
-44.447672,44.507698
-40.863831,41.080925
-37.291902,37.620296
-33.736158,34.132997
-30.198633,30.624088
-26.678076,27.095260
-23.173085,23.547842
-19.682638,19.983341
-16.205752,16.403126
-12.741465,12.808417
-9.288892,9.200351
-5.847357,5.580135
-2.416319,1.948987
