# Curvature-length line (length weight 0.0005 /m², exact linearisation) in the TUM corridor (YasMarina) widened by 1 m per side, 0.75 m margin (models/raceline.py)
# x_m,y_m
1.637955,-0.173838
6.624356,0.277460
11.611320,0.723266
16.598788,1.164022
21.586710,1.600134
26.575037,2.031982
31.563726,2.459915
36.552737,2.884259
41.542034,3.305316
46.531583,3.723366
51.521354,4.138671
56.511319,4.551474
61.501452,4.962002
66.491730,5.370467
71.482132,5.777068
76.472637,6.181993
81.463227,6.585416
86.453886,6.987504
91.444598,7.388415
96.435349,7.788297
101.426124,8.187295
106.416911,8.585544
111.407699,8.983179
116.398475,9.380328
121.389228,9.777115
126.379948,10.173665
131.370625,10.570099
136.361247,10.966539
141.351806,11.363105
146.342289,11.759921
151.332686,12.157111
156.322987,12.554801
161.313179,12.953122
166.303252,13.352209
171.293192,13.752201
176.282986,14.153246
181.272620,14.555495
186.262078,14.959111
191.251344,15.364264
196.240400,15.771134
201.229228,16.179915
206.217805,16.590811
211.206109,17.004041
216.194115,17.419840
221.181798,17.838459
226.169127,18.260168
231.156071,18.685257
236.142595,19.114039
241.128660,19.546851
246.114226,19.984054
251.099248,20.426040
256.083676,20.873232
261.067457,21.326085
266.050533,21.785093
271.032839,22.250786
276.014306,22.723740
280.994860,23.204578
285.974423,23.693970
290.952886,24.192644
295.930056,24.701373
300.905737,25.220999
305.879800,25.752438
310.852120,26.296681
315.822559,26.854802
320.790967,27.427963
325.757189,28.017421
330.721059,28.624538
335.679763,29.271985
340.629776,29.988210
345.567605,30.802225
350.489617,31.744010
355.391582,32.845046
360.269857,34.139579
365.121728,35.666578
369.937578,37.469490
374.710522,39.602906
379.438862,42.143355
383.976066,45.093274
387.972625,48.214618
391.162046,51.115690
393.724239,53.732413
396.159320,56.490867
398.640184,59.664576
401.016134,63.160811
403.194760,66.888631
405.175942,70.877936
406.956714,75.188862
408.498023,79.830596
409.747817,84.750953
410.670406,89.862864
411.258935,95.071671
411.533206,100.293701
411.530663,105.462622
411.295625,110.547624
410.866485,115.568739
410.272508,120.553627
409.540153,125.508567
408.694272,130.437466
407.757998,135.346597
406.753633,140.241414
405.703020,145.126776
404.627680,150.007510
403.549009,154.888374
402.471614,159.770377
401.395050,164.653422
400.318831,169.537401
399.242441,174.422200
398.165345,179.307698
397.086987,184.193765
396.006781,189.080270
394.924095,193.967064
393.838198,198.853936
392.745945,203.740127
391.636536,208.623201
390.499048,213.500684
389.322376,218.370003
388.095174,223.228381
386.805737,228.072949
385.441785,232.901062
383.990829,237.708566
382.440873,242.487768
380.778779,247.232762
378.989395,251.940379
377.054202,256.611076
374.944153,261.260117
372.631613,265.884945
370.112212,270.433494
367.398956,274.838522
364.519608,279.034341
361.536045,282.939921
358.552671,286.465860
355.706484,289.534487
353.005764,292.222367
350.122617,294.873987
346.748065,297.722169
342.890672,300.671172
338.700050,303.554060
334.338853,306.260715
329.894440,308.769618
325.386880,311.106846
320.826644,313.300574
316.224672,315.376046
311.590266,317.357490
306.932099,319.268141
302.257239,321.131017
297.575280,322.967604
292.910160,324.793512
288.290914,326.621584
283.736347,328.466955
279.260140,330.344704
274.868467,332.271079
270.558531,334.265206
266.332403,336.343856
262.199363,338.519952
258.126595,340.803908
254.038731,343.239390
249.906261,345.854068
245.753804,348.644947
241.614873,351.600029
237.558928,354.673875
233.661060,357.802561
229.960193,360.938376
226.457242,364.060872
223.066340,367.234577
219.684985,370.561198
216.301451,374.072357
212.946061,377.760691
209.667641,381.593745
206.530137,385.507866
203.570754,389.455039
200.799900,393.412200
198.217298,397.367796
195.791437,401.364050
193.493057,405.459518
191.326307,409.671951
189.308457,414.000111
187.468292,418.413971
185.835838,422.860406
184.425328,427.301097
183.237553,431.722855
182.236168,436.178488
181.393160,440.765845
180.707898,445.516146
180.189069,450.408896
179.842519,455.384631
179.663968,460.324934
179.632943,465.142769
179.723491,469.815189
179.914259,474.370237
180.201085,478.971694
180.595554,483.771727
181.102543,488.750946
181.713695,493.816750
182.411401,498.876667
183.179167,503.889323
184.008497,508.869970
184.893993,513.841289
185.829329,518.813130
186.804838,523.775975
187.809348,528.713981
188.833006,533.618186
189.867371,538.485080
190.907444,543.325116
191.949736,548.153617
192.988942,552.976478
194.019079,557.796177
195.034239,562.615581
196.028328,567.436999
196.995072,572.262465
197.928013,577.093942
198.820404,581.933061
199.665165,586.781064
200.454857,591.638873
201.186099,596.506560
201.862843,601.382760
202.488609,606.264981
203.066693,611.150739
203.600331,616.039067
204.092573,620.929772
204.546209,625.822800
204.963805,630.718419
205.347704,635.617126
205.700016,640.519339
206.022741,645.427069
206.317834,650.345862
206.586877,655.279878
206.831024,660.229242
207.051259,665.193069
207.248463,670.170488
207.423402,675.160350
207.576740,680.161263
207.709038,685.171606
207.820766,690.189435
207.912306,695.212875
207.983957,700.240388
208.035924,705.270517
208.068317,710.301764
208.081146,715.332642
208.074327,720.361701
208.047679,725.387467
208.000919,730.408688
207.933638,735.425596
207.845271,740.439513
207.735109,745.451074
207.602306,750.460385
207.445872,755.467618
207.264659,760.472954
207.057361,765.476486
206.822509,770.478202
206.558445,775.478242
206.263283,780.477293
205.934914,785.475951
205.571034,790.474188
205.169109,795.471828
204.726358,800.468554
204.239781,805.463530
203.705983,810.456898
203.121094,815.449761
202.476136,820.429770
201.712494,825.362446
200.773110,830.229225
199.598174,835.031468
198.102404,839.822333
196.134237,844.704733
193.563001,849.560162
190.348883,854.129824
187.058341,857.752721
185.442581,859.318160
183.553243,861.039554
179.533870,864.234911
175.048946,867.192061
170.521091,869.847230
165.901852,872.470519
161.548911,875.081967
157.754451,877.631509
154.532398,880.104832
151.637195,882.665469
148.965639,885.440462
146.626928,888.361326
144.579631,891.426129
142.538693,895.253961
140.687867,900.398707
139.758246,906.164360
139.848696,911.693259
140.651511,916.759340
141.963169,921.522836
143.706352,926.130105
145.822378,930.616796
148.266840,935.002258
150.995134,939.304365
153.951956,943.533322
157.071496,947.698646
160.278276,951.809206
163.496612,955.879158
166.672529,959.947874
169.766329,964.070291
172.732368,968.296513
175.515647,972.671328
178.053841,977.242560
180.259585,982.032987
182.013447,986.979747
183.259653,992.251064
183.776204,998.594994
182.422858,1006.091357
178.014975,1012.641237
171.816832,1016.480161
165.150404,1017.978997
158.620349,1017.804918
152.575114,1016.275678
147.133018,1013.716752
142.212564,1010.286341
137.746132,1005.997488
133.858009,1001.011531
130.757121,995.918397
128.396145,991.266897
126.412986,986.824004
124.571316,982.268559
122.823306,977.614863
121.130787,972.916225
119.443031,968.202877
117.759301,963.487038
116.080005,958.771137
114.404435,954.054261
112.732273,949.336482
111.063300,944.618059
109.397253,939.899059
107.733892,935.179546
106.073003,930.459601
104.414388,925.739292
102.757861,921.018681
101.103255,916.297824
99.450413,911.576774
97.799188,906.855574
96.149448,902.134268
94.501074,897.412910
92.853939,892.691494
91.207868,887.969859
89.562709,883.247869
87.918367,878.525536
86.274764,873.802902
84.631826,869.079993
82.989483,864.356831
81.347672,859.633440
79.706335,854.909842
78.065418,850.186054
76.424870,845.462096
74.784647,840.737983
73.144706,836.013731
71.505008,831.289354
69.865519,826.564865
68.226205,821.840277
66.587036,817.115601
64.947984,812.390845
63.309025,807.666020
61.670134,802.941135
60.031292,798.216199
58.392478,793.491218
56.753674,788.766199
55.114864,784.041149
53.476033,779.316073
51.837168,774.590978
50.198256,769.865867
48.559286,765.140747
46.920248,760.415620
45.281132,755.690490
43.641930,750.965362
42.002634,746.240239
40.363238,741.515125
38.723736,736.790019
37.084121,732.064927
35.444389,727.339851
33.804536,722.614793
32.164558,717.889754
30.524451,713.164737
28.884213,708.439743
27.243840,703.714775
25.603331,698.989831
23.962684,694.264917
22.321898,689.540030
20.680970,684.815174
19.039901,680.090348
17.398688,675.365554
15.757333,670.640793
14.115834,665.916065
12.474191,661.191371
10.832405,656.466711
9.190476,651.742087
7.548403,647.017498
5.906188,642.292946
4.263832,637.568430
2.621334,632.843950
0.978695,628.119508
-0.664082,623.395103
-2.306998,618.670736
-3.950051,613.946407
-5.593240,609.222116
-7.236565,604.497862
-8.880022,599.773648
-10.523612,595.049472
-12.167332,590.325334
-13.811182,585.601235
-15.455160,580.877174
-17.099264,576.153151
-18.743493,571.429168
-20.387845,566.705223
-22.032319,561.981316
-23.676914,557.257447
-25.321627,552.533614
-26.966458,547.809820
-28.611405,543.086063
-30.256466,538.362342
-31.901639,533.638659
-33.546922,528.915013
-35.192316,524.191403
-36.837816,519.467831
-38.483423,514.744296
-40.129134,510.020797
-41.774948,505.297335
-43.420863,500.573910
-45.066878,495.850521
-46.712991,491.127168
-48.359200,486.403852
-50.005506,481.680571
-51.651904,476.957326
-53.298396,472.234117
-54.944978,467.510943
-56.591650,462.787805
-58.238410,458.064702
-59.885258,453.341634
-61.532191,448.618601
-63.179210,443.895602
-64.826312,439.172639
-66.473496,434.449709
-68.120762,429.726814
-69.768109,425.003953
-71.415536,420.281125
-73.063041,415.558332
-74.710624,410.835572
-76.358285,406.112844
-78.006023,401.390150
-79.653833,396.667501
-81.301707,391.944918
-82.949643,387.222404
-84.597643,382.499957
-86.245707,377.777573
-87.893835,373.055253
-89.542028,368.332993
-91.190286,363.610792
-92.838610,358.888649
-94.487001,354.166564
-96.135461,349.444532
-97.783989,344.722555
-99.432588,340.000631
-101.081259,335.278758
-102.730003,330.556935
-104.378822,325.835162
-106.027718,321.113436
-107.676694,316.391758
-109.325752,311.670126
-110.974894,306.948539
-112.624124,302.226996
-114.273446,297.505497
-115.922862,292.784039
-117.572377,288.062623
-119.221996,283.341248
-120.871724,278.619912
-122.521565,273.898615
-124.171526,269.177355
-125.821614,264.456132
-127.471835,259.734947
-129.122198,255.013798
-130.772713,250.292677
-132.423386,245.571594
-134.074216,240.850580
-135.725273,236.129469
-137.376711,231.407851
-139.028585,226.685608
-140.680864,221.962871
-142.333549,217.239679
-143.986708,212.515890
-145.640480,207.791160
-147.295114,203.064833
-148.950978,198.335927
-150.608319,193.603803
-152.266990,188.868960
-153.926751,184.132164
-155.587443,179.393962
-157.248793,174.655226
-158.910400,169.917197
-160.571810,165.181284
-162.232500,160.449088
-163.891963,155.722168
-165.550122,151.000876
-167.207286,146.284464
-168.863523,141.572879
-170.518686,136.866692
-172.172694,132.166301
-173.825541,127.471888
-175.477251,122.783570
-177.127760,118.101724
-178.777355,113.425740
-180.427672,108.751214
-182.080542,104.073214
-183.736599,99.390240
-185.395960,94.702279
-187.058814,90.009132
-188.725331,85.310690
-190.395471,80.606754
-192.069167,75.897224
-193.745736,71.183748
-195.423919,66.469602
-197.103120,61.756212
-198.783329,57.043377
-200.464510,52.330974
-202.146586,47.619027
-203.829494,42.907520
-205.513185,38.196423
-207.197608,33.485719
-208.882714,28.775393
-210.568460,24.065428
-212.254806,19.355808
-213.941713,14.646520
-215.629144,9.937553
-217.317068,5.228894
-219.005450,0.520533
-220.694262,-4.187539
-222.383474,-8.895332
-224.073061,-13.602854
-225.762995,-18.310114
-227.453251,-23.017119
-229.143807,-27.723875
-230.834639,-32.430391
-232.525724,-37.136672
-234.217040,-41.842725
-235.908565,-46.548556
-237.600278,-51.254174
-239.292158,-55.959583
-240.984183,-60.664792
-242.676329,-65.369805
-244.368570,-70.074617
-246.060898,-74.779279
-247.753300,-79.483840
-249.445623,-84.187959
-251.137943,-88.891963
-252.831406,-93.599269
-254.524469,-98.312809
-256.210907,-103.034898
-257.796533,-107.814691
-259.083535,-112.697471
-259.858552,-117.613409
-259.928328,-122.783216
-258.687865,-128.710818
-255.975839,-133.782035
-253.429380,-136.827503
-251.355832,-138.834684
-249.419285,-140.469617
-246.363105,-142.597721
-241.966012,-144.719977
-237.075331,-146.069351
-232.047218,-146.687970
-227.006182,-146.792485
-222.009986,-146.616583
-217.028841,-146.382542
-212.032745,-146.305801
-206.977126,-146.615493
-201.728947,-147.629656
-197.465450,-149.183102
-195.750574,-149.974349
-193.234431,-151.288402
-188.492780,-154.779304
-184.810886,-159.186371
-182.248537,-163.670704
-180.286313,-168.320505
-178.723662,-173.049515
-177.379174,-177.819016
-176.080965,-182.612108
-174.812170,-187.425494
-173.562475,-192.256712
-172.322141,-197.100765
-171.083893,-201.942501
-169.839716,-206.769771
-168.579525,-211.579174
-167.292994,-216.368639
-165.970136,-221.134938
-164.609184,-225.877219
-163.209000,-230.594047
-161.768473,-235.283282
-160.282953,-239.953047
-158.742485,-244.624725
-157.139412,-249.308283
-155.468539,-254.003539
-153.727687,-258.700523
-151.925494,-263.362247
-150.073880,-267.949678
-148.177167,-272.448091
-146.232631,-276.860743
-144.224184,-281.217711
-142.131435,-285.550508
-139.953858,-289.866807
-137.695075,-294.164562
-135.357382,-298.443818
-132.942981,-302.704141
-130.454066,-306.944527
-127.892093,-311.164646
-125.260841,-315.359938
-122.569478,-319.517749
-119.825276,-323.629320
-117.030317,-327.693768
-114.185500,-331.711280
-111.291927,-335.681067
-108.350333,-339.602249
-105.361329,-343.473545
-102.324520,-347.294394
-99.235627,-351.068211
-96.088497,-354.799320
-92.885976,-358.491986
-89.632238,-362.148330
-86.330781,-365.770798
-82.984674,-369.361873
-79.596838,-372.923799
-76.170117,-376.458539
-72.706717,-379.968385
-69.207435,-383.456680
-65.673167,-386.926294
-62.106142,-390.378497
-58.508958,-393.814017
-54.884062,-397.233558
-51.233875,-400.637686
-47.560671,-404.026954
-43.866443,-407.402018
-40.153842,-410.762796
-36.426636,-414.108095
-32.687371,-417.437725
-28.936969,-420.752807
-25.176083,-424.054538
-21.405455,-427.343890
-17.625764,-430.621754
-13.837626,-433.888952
-10.041614,-437.146229
-6.238258,-440.394262
-2.428048,-443.633663
1.388565,-446.864988
5.211167,-450.088737
9.039378,-453.305362
12.872855,-456.515273
16.711285,-459.718834
20.554362,-462.916350
24.401883,-466.108150
28.253881,-469.294700
32.110409,-472.476424
35.971341,-475.653543
39.836515,-478.826200
43.705820,-481.994529
47.579170,-485.158636
51.456512,-488.318610
55.337849,-491.474538
59.223063,-494.626367
63.111756,-497.773769
67.003644,-500.916472
70.898726,-504.054385
74.797057,-507.187420
78.698682,-510.315436
82.603681,-513.438270
86.512111,-516.555695
90.424014,-519.667423
94.340044,-522.773600
98.261744,-525.875011
102.190154,-528.971977
106.125697,-532.064258
110.068856,-535.151599
114.020256,-538.233777
117.980584,-541.310540
121.950989,-544.381905
125.932614,-547.447784
129.923144,-550.505344
133.916376,-553.548758
137.908808,-556.574283
141.899358,-559.579988
145.886676,-562.563694
149.869455,-565.523214
153.846530,-568.456433
157.816438,-571.360985
161.783261,-574.238473
165.761972,-577.098058
169.764370,-579.946040
173.793156,-582.781793
177.847039,-585.606288
181.925349,-588.420813
186.027066,-591.226298
190.151283,-594.023643
194.297330,-596.813806
198.461020,-599.595317
202.633769,-602.363788
206.811077,-605.117574
210.992581,-607.857687
215.178014,-610.585089
219.366731,-613.300395
223.558204,-616.004203
227.751983,-618.697078
231.947660,-621.379532
236.144962,-624.052088
240.343742,-626.715280
244.543870,-629.369584
248.745199,-632.015533
252.947695,-634.653674
257.151494,-637.284605
261.356856,-639.908946
265.563874,-642.527165
269.773392,-645.140149
273.989004,-647.750436
278.214619,-650.360693
282.450819,-652.971476
286.696803,-655.582460
290.951895,-658.193365
295.215333,-660.803832
299.486284,-663.413434
303.763861,-666.021678
308.046538,-668.627660
312.332473,-671.230261
316.620984,-673.829041
320.912104,-676.423962
325.205861,-679.014952
329.502258,-681.601885
333.801316,-684.184615
338.103078,-686.762970
342.407597,-689.336749
346.714941,-691.905720
351.025195,-694.469620
355.338459,-697.028153
359.654853,-699.580989
363.974512,-702.127761
368.297593,-704.668064
372.624272,-707.201450
376.954750,-709.727431
381.289249,-712.245469
385.628017,-714.754978
389.971332,-717.255321
394.319499,-719.745800
398.672854,-722.225660
403.031769,-724.694080
407.396654,-727.150169
411.767956,-729.592960
416.146167,-732.021408
420.531825,-734.434379
424.925517,-736.830645
429.327885,-739.208877
433.739645,-741.567647
438.161560,-743.905397
442.594362,-746.220391
447.039117,-748.510889
451.497332,-750.775176
455.967715,-753.009931
460.449221,-755.203677
465.008974,-757.215845
469.704439,-758.900745
474.645428,-760.109730
480.097411,-760.603506
486.002132,-759.869230
491.356247,-757.741765
494.520986,-755.781403
495.724315,-754.938637
497.870486,-753.312921
501.493030,-749.847274
504.644808,-745.570615
507.116115,-741.022474
509.166738,-736.264396
510.974458,-731.474353
512.720216,-726.811694
514.557354,-722.389442
516.586357,-718.292074
518.866293,-714.565040
521.382165,-711.283755
524.047696,-708.513951
526.869243,-706.128546
530.104063,-703.849717
533.931299,-701.600470
538.258094,-699.436258
543.029781,-697.264402
548.190018,-694.839186
552.812121,-692.240243
555.985158,-690.067950
557.804591,-688.678736
559.057758,-687.672963
562.364522,-684.696098
566.304489,-679.757690
568.935766,-674.822021
570.766849,-669.879797
572.035756,-664.904043
572.875383,-659.939811
573.400675,-654.965580
573.704102,-649.976760
573.871784,-644.979048
573.989031,-639.974424
574.116056,-634.964002
574.245932,-629.947712
574.371688,-624.925372
574.486255,-619.896723
574.582423,-614.861582
574.652785,-609.819820
574.689696,-604.771398
574.685212,-599.716720
574.631056,-594.656247
574.518504,-589.589030
574.258394,-584.521503
573.762108,-579.477674
572.942218,-574.480523
571.704171,-569.538599
569.923364,-564.644949
567.362163,-559.738963
563.765418,-555.026741
560.014811,-551.556046
558.034367,-550.023398
556.572958,-548.960973
552.608428,-546.455968
547.006941,-544.079277
541.847195,-542.827104
536.821163,-542.219279
531.683688,-542.090641
526.584998,-542.354823
521.572749,-542.899353
516.615589,-543.625110
511.690911,-544.442061
506.778247,-545.277468
501.873313,-546.129695
496.975713,-546.996613
492.084655,-547.876279
487.198655,-548.766986
482.316208,-549.667128
477.436130,-550.575122
472.555334,-551.489803
467.666542,-552.410857
462.764235,-553.337676
457.849099,-554.268477
452.923447,-555.201139
447.989437,-556.133544
443.049448,-557.063502
438.105872,-557.988795
433.160969,-558.907201
428.217301,-559.816418
423.276408,-560.714305
418.337306,-561.599130
413.398082,-562.469248
408.457064,-563.322863
403.512704,-564.158034
398.563608,-564.972649
393.608349,-565.764437
388.645338,-566.530967
383.675576,-567.269216
378.704780,-567.975365
373.738089,-568.645676
368.777443,-569.276805
363.823887,-569.865412
358.877716,-570.408089
353.937983,-570.901359
349.003022,-571.341534
344.066069,-571.724922
339.110488,-572.047634
334.122775,-572.304115
329.102970,-572.486898
324.056105,-572.587710
318.988769,-572.597877
313.909856,-572.508517
308.830507,-572.310849
303.761618,-571.996362
298.723825,-571.557994
293.777740,-570.996115
289.009495,-570.323358
284.486822,-569.561050
280.211791,-568.725680
276.016866,-567.792252
271.685432,-566.712757
267.177085,-565.463106
262.544023,-564.043565
257.856768,-562.467941
253.169200,-560.753358
248.498376,-558.908664
243.853272,-556.940884
239.244909,-554.858624
234.683572,-552.670949
230.177951,-550.386757
225.735255,-548.014544
221.359433,-545.561117
217.046952,-543.028476
212.790569,-540.415049
208.587132,-537.720281
204.435765,-534.943975
200.336044,-532.085285
196.288414,-529.143015
192.294294,-526.115755
188.355928,-523.001813
184.476171,-519.799056
180.658899,-516.505237
176.909672,-513.118665
173.234816,-509.637526
169.643067,-506.061606
166.155857,-502.404236
162.806069,-498.695580
159.617276,-494.962755
156.601551,-491.225266
153.805433,-487.555557
151.297209,-484.078084
148.968599,-480.675766
146.559564,-476.965306
144.037395,-472.838945
141.537605,-468.465015
139.127034,-463.940644
136.830742,-459.311924
134.670717,-454.634531
132.652084,-449.940393
130.764572,-445.227382
128.999474,-440.491530
127.351441,-435.732890
125.815996,-430.950106
124.389968,-426.141836
123.071570,-421.307568
121.860038,-416.446896
120.755369,-411.558561
119.758921,-406.643252
118.947833,-401.689340
118.410052,-396.666696
118.247088,-391.561174
118.563795,-386.467296
119.495989,-381.280301
121.463211,-375.620426
123.928311,-371.146806
125.212369,-369.215181
126.554447,-367.338171
129.494460,-363.799496
133.716848,-360.044085
138.351051,-357.139520
143.113615,-355.016025
147.967336,-353.493990
152.878700,-352.458763
157.831648,-351.819370
162.826211,-351.498260
167.859141,-351.425605
172.920509,-351.531928
177.998952,-351.744931
183.082663,-351.989725
188.159578,-352.190498
193.218334,-352.272642
198.248409,-352.164143
203.241158,-351.795294
208.194193,-351.094883
213.098075,-349.985101
217.920237,-348.379959
222.661190,-346.148583
226.930976,-343.397087
229.701943,-341.182949
231.823343,-339.267700
234.799486,-336.165502
237.970874,-331.954581
240.608551,-327.224880
242.635862,-322.186557
244.076585,-317.100206
245.045682,-312.132079
245.683232,-307.224409
246.084507,-302.281886
246.316214,-297.292935
246.444292,-292.272038
246.538068,-287.242632
246.612212,-282.221246
246.673956,-277.208870
246.676132,-272.203790
246.570424,-267.205215
246.307806,-262.211054
245.837270,-257.221009
245.102392,-252.228598
244.029997,-247.204849
242.527608,-242.148313
240.501772,-237.129488
237.994603,-232.441962
235.405407,-228.599770
233.087354,-225.676631
230.988987,-223.314467
228.184984,-220.504052
223.896286,-216.975816
219.221884,-214.018099
214.603563,-211.747067
209.897440,-209.934939
205.100374,-208.510179
200.193509,-207.422273
195.147313,-206.636838
189.967044,-206.142100
184.674150,-205.925923
179.308575,-205.969825
173.965240,-206.240958
168.730306,-206.691049
163.625757,-207.272690
158.653154,-207.945417
153.773448,-208.681302
148.909081,-209.482419
144.021784,-210.349231
139.115048,-211.276279
134.199435,-212.256462
129.286039,-213.282120
124.378935,-214.346850
119.476983,-215.445487
114.579253,-216.573033
109.685203,-217.724566
104.794188,-218.895323
99.905543,-220.080657
95.018619,-221.276000
90.132765,-222.476841
85.247330,-223.678704
80.361657,-224.877121
75.475085,-226.067609
70.586947,-227.245644
65.696567,-228.406637
60.803257,-229.545908
55.906320,-230.658658
51.005042,-231.739944
46.098700,-232.784648
41.186548,-233.787445
36.267819,-234.742774
31.341719,-235.644793
26.407424,-236.487345
21.464083,-237.263904
16.510799,-237.967521
11.546634,-238.590759
6.569295,-239.115441
1.576337,-239.522582
-3.434917,-239.792039
-8.466596,-239.902030
-13.521240,-239.828582
-18.605269,-239.544250
-23.719521,-239.017072
-28.863656,-238.209245
-34.049929,-237.070948
-38.986649,-235.645364
-43.068425,-234.205260
-46.642197,-232.754167
-50.474006,-230.979952
-54.504711,-228.845143
-58.449083,-226.471280
-62.275396,-223.889303
-66.025250,-221.080785
-69.741039,-218.009948
-73.447289,-214.639724
-77.094757,-210.999512
-80.605547,-207.173341
-83.928079,-203.249603
-87.065026,-199.269660
-90.056229,-195.223305
-92.928863,-191.106079
-95.699206,-186.923130
-98.380024,-182.682288
-100.980344,-178.396141
-103.510351,-174.074814
-105.981970,-169.724444
-108.406621,-165.350919
-110.795176,-160.960247
-113.158323,-156.558138
-115.506591,-152.150136
-117.850369,-147.741750
-120.198774,-143.337847
-122.560909,-138.943330
-124.945899,-134.563211
-127.354243,-130.198004
-129.777776,-125.843300
-132.208753,-121.494226
-134.620058,-117.136836
-136.984344,-112.757605
-139.282245,-108.326710
-141.498750,-103.798249
-143.603078,-99.144275
-145.548408,-94.360193
-147.282830,-89.448100
-148.751009,-84.418864
-149.896605,-79.295971
-150.667484,-74.109773
-151.017808,-68.908228
-150.916506,-63.764702
-150.341696,-58.684434
-149.222248,-53.558758
-147.530597,-48.580670
-145.615487,-44.426384
-143.771945,-41.135629
-141.980933,-38.338857
-140.016156,-35.593347
-137.537478,-32.529082
-134.439483,-29.237149
-130.736245,-25.940553
-126.496149,-22.835066
-121.901412,-20.091404
-117.145594,-17.774579
-112.316876,-15.845524
-107.440113,-14.240407
-102.545424,-12.906944
-97.651775,-11.795460
-92.752207,-10.857124
-87.835348,-10.048973
-82.902863,-9.333629
-77.959880,-8.675161
-73.010560,-8.037763
-68.054870,-7.419811
-63.092954,-6.819828
-58.125077,-6.236458
-53.152760,-5.668587
-48.178090,-5.115236
-43.201892,-4.575357
-38.224189,-4.047895
-33.245080,-3.531887
-28.264719,-3.026447
-23.283222,-2.530754
-18.300690,-2.044049
-13.317221,-1.565630
-8.332904,-1.094848
-3.347821,-0.631102
